"userID","eventID","status","word_score"
10208234558489760,1162044413810114,1,0.247324922316686
769990746444431,1504836836482814,1,0.254866927512021
412039719004284,553707154776476,1,0.198348969684925
175831896097425,564214203736354,1,0.488735107846207
523483477808212,1647507122170549,1,0.296615911921093
1725778104317661,482838738558603,1,0.323579183835463
666390466796788,1672166549701268,1,0.0633043883563778
457613797776937,1515953172065039,1,0.0916153691915888
873366629437441,857622540975972,1,0.106881489974659
469001606618204,157307111289538,1,0.214011753225735
515246135302389,406829072835666,1,0.350757144479734
1674156579463035,406829072835666,1,0.151289713144483
191860567816048,1517252088592543,1,0.271824917429543
867462980017143,538279132989832,1,0.24230521834667
1138971446113805,482838738558603,1,0.35838761989278
127899517575510,857622540975972,1,0.184793695001675
10207963509542492,157307111289538,1,0.21862070907582
594932890644869,1698245300413118,1,0.185095502255217
1505969059702279,347861952089823,1,0.150997449331397
556386637852586,189594248051014,1,0.211327094172527
10208078682148132,482838738558603,1,0.294248841745489
10153868264978394,1229112313782698,1,0.433748830424043
10207963509542492,1625854811001049,1,0.333870512875172
1501856920142105,427989960731914,1,0.262672054394135
921575151231746,959475154113973,1,0.0999562908817549
10207127847588396,975449605847497,1,0.171333796198158
726783144121341,587786681361995,1,0.214643901112663
1523529171293144,505404526303554,1,0.254477805511906
536429096515668,553707154776476,1,0.354007140704141
489106891271298,874334249323234,1,0.358780544411823
742711882501236,1514772282153569,1,0.355441205231954
10153245622198310,1623749834542763,1,0.141519683971449
10153041441842692,874835075904840,1,0.140574099806029
867080830071921,983628185032105,1,0.202456345438794
742711882501236,1641671362774614,1,0.264712758708953
1660743537535575,905008766246226,1,0.228090846653781
837784366335198,157307111289538,1,0.233748695525018
10153751415924284,1515953172065039,1,0.0536899559349719
594932890644869,1708970406004977,1,0.187577125688841
184243938587150,496036427268213,1,0.160264671293866
1802021953358265,975449605847497,1,0.121403487797172
10205719556888440,995025613883488,1,0.289813809526977
1138971446113805,1708970406004977,1,0.20352750744614
1638369666436552,1035314519836199,1,0.123448033105205
1666942073552391,977637265608801,1,0.251635236612523
1492058511100215,1483723631934208,1,0.239150785622632
742711882501236,995025613883488,1,0.316523377889272
450738748448749,1800241690202920,1,0.229089655216665
10208059095264416,1225088244174418,1,0.291979955662078
742711882501236,947082921995712,1,0.0966668114734504
540261832809791,171069349914286,1,0
1658807861043817,406829072835666,1,0.223388016494956
1523731894619534,587786681361995,1,0.193881259113502
1057105014307763,1676329352608101,1,0.236916017412185
1505969059702279,982290421810279,1,0.284707612575503
872186099559377,802887543069782,1,0.167942962925553
879377685511426,2111249605680682,1,0.225004363051621
634638469972286,1515953172065039,1,0.0790680390365511
777401619073114,982290421810279,1,0.376218719658731
548892231931724,414057348785375,1,0.190448024687949
1207500492600083,494764264037412,1,0.280567995064839
10100186504575452,141783372845728,1,0.319264207917766
1262477510445433,553707154776476,1,0.263526548174471
431568943719678,503234193169664,1,0.239829620267727
1110211555664753,482838738558603,1,0.165446227868016
10208020264844684,985219994862772,1,0.151067306238374
1264816113545179,2147949678679083,1,0.136218536085599
10154517926014896,857622540975972,1,0.141241600192581
10153633400425090,1521068511540029,1,0.427611761724956
10153414105677772,420322011496986,1,0.394566974846089
515246135302389,634117280063183,1,0.379398142592089
1641268906161436,509992435843792,1,0.338754987744029
742711882501236,1667371076875337,1,0.271034342796451
184243938587150,1667371076875337,1,0.1931881671338
189917894683001,1504836836482814,1,0.260791283908384
1654603448137988,1507447266249110,1,0.178050981943346
656073034532759,2147949678679083,1,0.0986851183450526
771151099681189,1505314403101681,1,0.292985914264746
641011606001289,775060535938975,1,0.326620784091303
127899517575510,551504168321268,1,0.131869574352532
10153737899247416,545198285638570,1,0.228530821103955
473057772881230,1676521435919011,1,0.193915878758147
1628952527355431,1419793634991801,1,0.406900449448561
1110211555664753,1490608407901635,1,0
1008365305886176,1512043439095614,1,0.109743941404974
666390466796788,519090021584170,1,0.116691817468456
1723085601253037,426995257494915,1,0.413929249723229
484056645108661,934528249967335,1,0.206642784091567
742711882501236,587786681361995,1,0.116119995033051
878544422259357,905008766246226,1,0.148208631705094
901162646645061,1643381175903642,1,0.140944051342757
737701309662788,460003130868144,1,0.167455025881387
1492058511100215,411662922360897,1,0.0588140315515204
641011606001289,1017664094920484,1,0.19407541031531
10201015086295200,494764264037412,1,0.22603436981023
144691249221157,983628185032105,1,0.121178549979829
1653587124920347,595595830581398,1,0.266032059753241
495668803924783,587786681361995,1,0.14654208591027
1517580485219420,1035314519836199,1,0.0261598057656737
742711882501236,1650607558527327,1,0.319013469789335
171160366569555,638776259596185,1,0.104480313898171
1635523966717207,411662922360897,1,0.061506684522821
1216804721669942,519090021584170,1,0.259970837202538
1240794062603397,553707154776476,1,0.289316789591725
1076260289050641,1618375311754579,1,0.170428490812901
1663033437300136,802887543069782,1,0.116068866697828
470525663152772,1635667590055386,1,0.221122645306042
975970165801193,857622540975972,1,0.191020118118701
853789684741589,1635667590055386,1,0.244087689914698
1059452377407822,1683796151836864,1,0.266954223424081
500861113420487,1035314519836199,1,0.235596659392271
1521769931482549,157307111289538,1,0.233291488686707
572161542937082,905008766246226,1,0.549055296967226
1646438118961908,192475747754735,1,0.340023615612124
449445798585494,482838738558603,1,0.223423616216539
1216804721669942,1514772282153569,1,0.244522567169113
10102750816468698,553707154776476,1,0.142065301486224
1654603448137988,1483723631934208,1,0.339374639131992
1654603448137988,117378128624899,1,0.316786240955798
901162646645061,1722593361302843,1,0.190454599371897
1497516140543169,802887543069782,1,0.0569966436356401
10153350961903406,1521068511540029,1,0.462459534687081
1667642960158946,934528249967335,1,0.272153162613771
1640490862888349,482838738558603,1,0.282897958757148
1666942073552391,511804775649731,1,0.372122434845616
1503297083304581,1643381175903642,1,0.176823059081221
904674892934101,157307111289538,1,0.214066436415582
466007660245159,634117280063183,1,0.161614937187964
529452507222509,157307111289538,1,0.368115810090659
1523529171293144,1661877344092892,1,0.213315318456387
484346231726681,802887543069782,1,0.202776891033594
154711438221800,1658552184361587,1,0.239687280331012
188774291465079,587786681361995,1,0.126563370187666
10153350961903406,1419793634991801,1,0.356679221662123
10205719556888440,460003130868144,1,0.27196475928417
493132844181060,1648052285418189,1,0.23752437928014
541041122729517,587786681361995,1,0.169801515870859
1658807861043817,117378128624899,1,0.193070177182877
10205718333372740,625905840883347,1,0.369200853231644
10203630983613656,795999260515174,1,0.294906498658583
1666942073552391,508147322683858,1,0.329089459242715
1216804721669942,505817212923414,1,0.308461601487119
1716829768546132,982290421810279,1,0.208901686271321
878544422259357,1656401337951247,1,0.145119756837188
1492874941014083,1118925088119512,1,0.0513373577256149
898788390170824,905008766246226,1,0.190404522043603
921575151231746,802887543069782,1,0.220026705482171
1663033437300136,508147322683858,1,0.105565620502168
496744447165828,148966468795177,1,0
758037080968079,1514772282153569,1,0
714714581993034,795999260515174,1,0.143618656459297
1649583141928958,1573780222895939,1,0.208069343716874
657825667692595,893238854063197,1,0.262159275085179
716852681749650,1483723631934208,1,0.195540871639173
142515806113859,983628185032105,1,0.156760572067148
874434149330288,553707154776476,1,0.236961339802893
1521130751535783,983628185032105,1,0.164551665914558
10154517926014896,905008766246226,1,0.320822189660011
10153737899247416,1647213525551952,1,0.269514218580351
542864939199605,511804775649731,1,0.310941051241006
10153425952533532,1650607558527327,1,0.587527441646406
1523529171293144,1517252088592543,1,0.318370975931643
1530719623918188,157307111289538,1,0.369841552934604
1094488220561389,156832861335620,1,0.294296262149256
183303732011968,508147322683858,1,0.288750714085803
1654603448137988,1640768362814765,1,0.367767008793464
520184324811726,1647507122170549,1,0.131562165930443
535834386574516,890545864386215,1,0.166000349040392
1730701060492919,1643381175903642,1,0.19974226795959
1510819109244921,931978370186855,1,0.164650815610301
171160366569555,424468137738057,1,0.102470594149246
771151099681189,553707154776476,1,0.362868891132852
567767733372047,1284046531620841,1,0.294125828925129
10153004755491600,1225088244174418,1,0.379592108805546
771505632953533,1573780222895939,1,0.351145369911726
10203630983613656,455637751283813,1,0.297609863181692
1505969059702279,192475747754735,1,0.216922517290411
1730701060492919,867754930012766,1,0.275241477278368
1520683351575003,1162044413810114,1,0.0843113741839963
771505632953533,874334249323234,1,0.333134645289603
825568154218668,1557137024539335,1,0.184290385907311
1719199448311480,175717846112495,1,0.119586912383345
218413778490224,857622540975972,1,0.153881764002281
133858413643559,905008766246226,1,0.34775543633604
1143885928974082,795999260515174,1,0.169657165797104
777188089076714,1517636418547610,1,0.220131192233883
166359100384831,424468137738057,1,0.200014862891468
726783144121341,1195426057139585,1,0
1667642960158946,1635747950032736,1,0.188276561733309
879377685511426,148966468795177,1,0.327104411758727
1668948343347366,553707154776476,1,0.301207397534662
585266574953652,983628185032105,1,0.125040758384876
1647618032193437,482838738558603,1,0.335182812598051
1520152658305066,406829072835666,1,0.256736516038979
931874233549485,802887543069782,1,0.231147911125017
539229266235695,874334249323234,1,0.336961867104706
10201144172402116,1650760668536515,1,0.19872119167425
1214706241878014,796359963823801,1,0.416362495128839
1491255821203825,799758883446991,1,0.65812937563375
1520722144905458,502407396600024,1,0.186582563155104
1521273348199107,802887543069782,1,0.149241846557356
507563852747117,802887543069782,1,0.278313776400929
1520683351575003,1516517512002547,1,0.232362036941318
515246135302389,608762552594198,1,0.491078872580488
2186266901513403,406829072835666,1,0.198789776707766
10153731740018430,1521719851485619,1,0.399195805040551
191860567816048,1648052285418189,1,0.313881018962751
713353622129100,934528249967335,1,0.141104261376365
719855601482008,428507854007363,1,0.276329093540416
10203630983613656,1515953172065039,1,0.233539429194261
1111298315547827,1743389909222551,1,0.116464917855542
170919729923576,496036427268213,1,0.245664832851341
414349972092722,925268004218508,1,0.220888431177011
10153310309248652,1701251846786746,1,0.193433077208982
1512416739084866,171069349914286,1,0
10201186044170432,982290421810279,1,0.160611383536713
773330646112734,1483723631934208,1,0.20315066840375
1503297083304581,1660504720886715,1,0.370131300495801
1572121796367964,511804775649731,1,0.233296397973935
527814970726131,455637751283813,1,0.254313217303214
10153088552791432,192596887742760,1,0.037007952875608
148379555518355,1254733711210840,1,0.0759704404861107
1492874941014083,494764264037412,1,0.090013835799505
1512416739084866,1661242774134560,1,0
872186099559377,587786681361995,1,0.103058049694526
172315433118941,905008766246226,1,0.158894584382937
1240794062603397,519090021584170,1,0.123543162332701
10206591154950032,551504168321268,1,0.234761922794103
457613797776937,931978370186855,1,0.167936934377546
1635523966717207,553707154776476,1,0.160237548897712
535137073315462,977637265608801,1,0.112372214064631
10205166958160524,564214203736354,1,0.365807364385203
540866352746073,905008766246226,1,0.10247430761595
1148198225209949,886099961445115,1,0.461024166868317
901162646645061,1515953172065039,1,0.159106605977773
1668948343347366,508147322683858,1,0.260274108009028
849896485129765,414057348785375,1,0
496733093842097,117378128624899,1,0.186057570072567
1501856920142105,874334249323234,1,0.340716132122907
1216804721669942,492973564196201,1,0.393585138153003
1646438118961908,1035314519836199,1,0.380595224589855
10102750816468698,505814529591768,1,0.163418172364773
10156254955480254,487623601362936,1,0.24843416327575
1655146798087250,905008766246226,1,0.389505660986847
594932890644869,1625854811001049,1,0.10962692325684
1654603448137988,2147949678679083,1,0.263860054180344
731425573668695,1647784098809527,1,0.146530984717301
931874233549485,406829072835666,1,0.283700727988743
152514838439215,406829072835666,1,0.138619320901949
984657964940720,1698245300413118,1,0.22959493321445
449445798585494,1647507122170549,1,0.270097830445379
1240794062603397,494764264037412,1,0.154566067654956
523483477808212,587786681361995,1,0.113448456269147
777401619073114,587786681361995,1,0.136479841368535
780538515424612,802887543069782,1,0.181511135501942
454659104742450,874334249323234,1,0.279701239891051
567767733372047,1623749834542763,1,0.259109895439393
1240794062603397,406829072835666,1,0.280912011692772
1503297083304581,133798883645899,1,0.193937046060398
1110211555664753,553707154776476,1,0.187478447140623
10153784229920844,398686067005910,1,0.355548428703441
414349972092722,1683796151836864,1,0.193328855256147
594268804047130,1705848732980878,1,0.273564163123476
1138971446113805,1089433731068972,1,0.125057398696498
1663033437300136,905008766246226,1,0.105841313215206
556386637852586,424468137738057,1,0.213770488156268
450738748448749,805947839515103,1,0.135593317869173
432862853587844,1515953172065039,1,0.138250462079588
726783144121341,519090021584170,1,0.33268974466343
527814970726131,874334249323234,1,0.314589483807085
1512808485683180,995025613883488,1,0.255643964549365
902569216444779,905008766246226,1,0.353902988332807
10208059095264416,1492215341081260,1,0.291454091979371
1640739022870216,919883004725577,1,0.162348496430803
154711438221800,1507447266249110,1,0.174770797970547
1639584749662644,1515953172065039,1,0.148124164925642
1666942073552391,1515953172065039,1,0.284983278853219
1635523966717207,2147949678679083,1,0.212202508327773
1668861940027419,2111249605680682,1,0.0622900029115747
1633352696938851,802887543069782,1,0.151860431736175
10201186044170432,494764264037412,1,0.216829081785559
10153059125551986,1229112313782698,1,0.321058314451475
874434149330288,1621002981483264,1,0.211174538312017
438497626347417,802887543069782,1,0.101579157675043
837784366335198,1647507122170549,1,0.279380717045573
1932747286950640,931978370186855,1,0.231358007158592
1520683351575003,1516028465387070,1,0.203134479150275
1023610744370161,617788491694733,1,0.410226134539829
542864939199605,959800754113122,1,0.247543155492634
617314225074105,1530342330623823,1,0.188758171217463
10203678931132960,157307111289538,1,0.368607173522321
1059452377407822,1530342330623823,1,0.106672626653823
1068552076511289,1674987226048875,1,0.122223938645844
10201144172402116,2147949678679083,1,0.209246926355986
641011606001289,189594248051014,1,0.363085837986552
10153737899247416,955987737813861,1,0.262146184122887
503202219861778,157307111289538,1,0.191231451750186
140561939637308,995025613883488,1,0.151368780225694
127899517575510,414057348785375,1,0.326634884292569
742674219199963,802887543069782,1,0.149718999189937
1207357345948032,1484609308508052,1,0.283274152763229
10207933931007486,1136662996361958,1,0.355980978249169
1660688707503183,1517636418547610,1,0.267685763836753
10201144172402116,1641671362774614,1,0.219543616563529
188622934811728,511804775649731,1,0.311895781932573
643772309097071,482838738558603,1,0.2100109962819
1492874941014083,874334249323234,1,0.0277732248176429
1200835986609754,1720336314866386,1,0.174432070283602
984657964940720,874334249323234,1,0.299851786977395
10153751415924284,497540377073623,1,0.2957572645104
152514838439215,414057348785375,1,0.236103584535226
10153669267841768,905008766246226,1,0.378105031710301
552519028236898,1621002981483264,1,0.256745222867332
886757811432114,1035314519836199,1,0.115401338954291
10208623231044876,1006657816062381,1,0
191860567816048,1506262806335839,1,0
10153059125551986,487623601362936,1,0.285613768571157
1687268201496255,874334249323234,1,0.173085237393769
10153066498476856,857622540975972,1,0.0803391861502561
878544422259357,1659661840956158,1,0
1653587124920347,587786681361995,1,0.0990616220853222
1503297083304581,183580841988156,1,0.407414413475774
719855601482008,1495643027398937,1,0.34693892711178
717903011675029,503234193169664,1,0.129964348991572
10205683042099392,1504836836482814,1,0.109567065105578
10153751415924284,1477651862560133,1,0.443392826590713
10206906030262832,1674987226048875,1,0.176666093399114
1113728978638145,914116092001142,1,0.350460663995417
10153425952533532,1229112313782698,1,0.570832896503524
140645352966158,1035314519836199,1,0.195112258196048
434633080062354,157307111289538,1,0.270303228618657
497776730383774,441791196018550,1,0.114342852913523
139493729744950,1676855795934448,1,0
1198079436883830,1507447266249110,1,0.063292472315079
1654603448137988,979761405403606,1,0.368044382591085
1641268906161436,795999260515174,1,0.693445721958948
626469317493279,465988266906746,1,0.364615595124567
551934978296072,1516517512002547,1,0.239472541139915
407511526113695,858613124201123,1,0.423902085924461
1646438118961908,496036427268213,1,0.289216135732125
1050335081664729,511804775649731,1,0.0823717214182552
758271054278851,1483723631934208,1,0.170085832594864
450738748448749,455637751283813,1,0.253203624432539
788317357957045,1515953172065039,1,0.0799638420446774
758271054278851,905008766246226,1,0.375886620057779
442822525920982,874835075904840,1,0.383384681403439
10153310309248652,489692841197214,1,0.248859105451279
191768501165993,157307111289538,1,0.141680287847834
1490465341258092,583936238376872,1,0.522147590768864
777188089076714,505404526303554,1,0.168278639604155
1918074828416926,922971211103579,1,0.326505994293363
1061161753902230,995025613883488,1,0.089482891477353
1520722144905458,939849736108849,1,0.324836887422131
1663033437300136,406829072835666,1,0.114361918872309
10206906030262832,1743389909222551,1,0.180785485738812
143762049315634,1483723631934208,1,0.260686361333019
1216804721669942,1530342330623823,1,0.284060642194313
184243938587150,802887543069782,1,0.15883490966663
1649583141928958,905008766246226,1,0.19024279348248
10203670881130844,2147949678679083,1,0.154528873282974
191860567816048,1621002981483264,1,0.316149839478306
10203702016269164,905008766246226,1,0.451223504779842
508592469316630,874334249323234,1,0.266139425349294
1685403541673769,985219994862772,1,0.142390403290987
1057105014307763,538279132989832,1,0.407048056365383
411111455752491,830956830352088,1,0
173533356327149,587786681361995,1,0.0353104657916699
1648463938763389,157307111289538,1,0.18139015130248
1505969059702279,441791196018550,1,0.161059638857955
777401619073114,1676855795934448,1,0
1517580485219420,977637265608801,1,0.0276619502989633
10153731740018430,714537595342870,1,0.243372109931489
1512416739084866,1483723631934208,1,0.301470302822008
499389476898835,147933212231456,1,0.344911842760824
1663033437300136,874334249323234,1,0.109776551852651
513601645466348,982290421810279,1,0.0385027660021898
1934781353412802,587786681361995,1,0.136934836758495
447314352120923,617788491694733,1,0.194874928593261
10153728221469138,511804775649731,1,0.186813566402728
1666942073552391,587786681361995,1,0.223902677706228
449296218608148,982290421810279,1,0.176967953159617
726783144121341,1621002981483264,1,0.389002945864385
551934978296072,1708970406004977,1,0.361304422635759
844371862346731,857622540975972,1,0.250407478265383
128541460842924,511804775649731,1,0.163486297253357
417376031789328,874334249323234,1,0.38299864646977
666390466796788,411662922360897,1,0.141534023466834
136742366687500,424468137738057,1,0.111101907450908
184243938587150,977637265608801,1,0.122393746616737
10153716637132428,905008766246226,1,0.144182233979011
1521273348199107,527385800759438,1,0.219415973280794
452102751642373,1525089304475624,1,0.094826569482908
1094488220561389,491548331013231,1,0.291366853139279
849896485129765,982290421810279,1,0.42091572402047
513903832121776,795999260515174,1,0.179718717110726
189917894683001,1667371076875337,1,0.285807373415049
10153710102894362,508147322683858,1,0.249260163718386
10201015086295200,553707154776476,1,0.271421480707044
452102751642373,1676329352608101,1,0.14292157068858
467894660064257,1676855795934448,1,0
641011606001289,1120129624678935,1,0.41566761623896
546639112159022,802887543069782,1,0.0458478593038712
170919729923576,171069349914286,1,0
1111298315547827,975449605847497,1,0.144135510086318
1521110631534260,157307111289538,1,0.383711012382227
1648463938763389,1552412775048787,1,0.229149262375801
625758314229025,1658552184361587,1,0.27277488653316
10207127847588396,1647507122170549,1,0.115262595692886
10153784229920844,411662922360897,1,0.165644267658426
10208238589109344,424468137738057,1,0.397047242410015
742711882501236,1635747950032736,1,0.302342617899373
1656655851269317,587786681361995,1,0.145341345200682
1503297083304581,497540377073623,1,0.344802004448582
10206906030262832,487623601362936,1,0.206844508993354
484056645108661,920532884705447,1,0.177084996567424
755583684588001,411662922360897,1,0
844371862346731,192475747754735,1,0.187163082751659
10103284601249614,482838738558603,1,0.445690818509788
10102750816468698,482838738558603,1,0.0654731810031591
758271054278851,975449605847497,1,0.343757778136132
585266574953652,511804775649731,1,0.291563975679922
10201144172402116,1635747950032736,1,0.212695369150974
10203766654366184,1151740234853898,1,0.343141841020331
728066947338277,587786681361995,1,0.140032819477789
844371862346731,914116092001142,1,0.226136005926354
1930036233887304,157307111289538,1,0.296993100312458
431568943719678,587786681361995,1,0.120261526381352
508149802696009,1635747950032736,1,0.262532472911372
1654603448137988,1621002981483264,1,0.381366469528677
1524582311198491,1515953172065039,1,0.167995034312989
10207898863450544,426995257494915,1,0.24964729872608
1667249380197549,1640326062879659,1,0.140152918271331
1667642960158946,857622540975972,1,0.271876607883023
500427516800893,553707154776476,1,0.341210149642356
501292240049036,802887543069782,1,0.187082942671045
139493729744950,587786681361995,1,0.124180635923528
737701309662788,403409569850856,1,0.360326742542798
513601645466348,874334249323234,1,0.0393464634343599
140561939637308,983628185032105,1,0.152037325976306
450738748448749,982290421810279,1,0.253545535110749
10207933931007486,1225088244174418,1,0.325528957055229
10203630983613656,1530342330623823,1,0.275972839291673
1730701060492919,465988266906746,1,0.235626512665179
1716829768546132,503234193169664,1,0.136870502531472
107867549584992,883565628424262,1,0.237677135147302
10153731740018430,199405303727652,1,0.45382275532714
10208734314814326,311755245655422,1,0.326487235340857
1078847258822654,995025613883488,1,0.377829475171898
585266574953652,874334249323234,1,0.359898280269964
2186266901513403,508147322683858,1,0.166635100406095
542351085930522,1607843346160408,1,0.280402242526858
431568943719678,874334249323234,1,0.39795873939063
1688923641330525,406829072835666,1,0.37987646679095
1658807861043817,1035314519836199,1,0.177816998688471
496744447165828,911716662252390,1,0.219211181986283
10208430697551840,519090021584170,1,0.065975247609808
1655146798087250,411662922360897,1,0.200555749889139
191768501165993,802887543069782,1,0.202269543950699
742711882501236,1507447266249110,1,0.218515727906363
507563852747117,406829072835666,1,0.168723788202554
837784366335198,1495322954096351,1,0.2356917118138
10208623231044876,482838738558603,1,0.335507745306856
10153669267841768,1743389909222551,1,0.305954679800235
10153841103967164,411662922360897,1,0.0761347150907921
493639604146555,499466390227177,1,0.309405183673677
1668861940027419,1035314519836199,1,0.122986786871679
515246135302389,499466390227177,1,0.320229528411967
10206906030262832,758846707577663,1,0.269447174521182
1486654704975542,905008766246226,1,0.179933289586843
1522484031407199,874334249323234,1,0.289028467526795
1014016165306228,1035314519836199,1,0.340854681886893
501292240049036,995025613883488,1,0.127396540464992
1934781353412802,905008766246226,1,0.212990755086399
1486654704975542,1519010425083454,1,0.148497359836562
1719199448311480,1647507122170549,1,0.29769588156166
984657964940720,1530342330623823,1,0.270352617098237
434654790068060,496036427268213,1,0.213285416161248
944607878967433,545198285638570,1,0.135079959679474
1628952527355431,892649937474491,1,0.232250325655163
1015583565168117,905008766246226,1,0.170352285803288
1240794062603397,1708970406004977,1,0.306814841830341
572161542937082,770446929732029,1,0.346983671108378
895933887181307,1162044413810114,1,0.0913292276697389
711196992346902,587786681361995,1,0.214985624868946
625758314229025,157307111289538,1,0.236510976754994
1216804721669942,1512043439095614,1,0.256114294377335
193016494372691,545198285638570,1,0.273902074676857
797901256985747,482838738558603,1,0.177041699644865
1725778104317661,553707154776476,1,0.261800715448855
1663033437300136,795999260515174,1,0.14667588051214
556386637852586,148966468795177,1,0.266062480675112
10205548979939908,874835075904840,1,0.161765627770953
1503297083304581,785083881617402,1,0.439432887695718
1200835986609754,157307111289538,1,0.1653428586135
10204997278839772,875491222558206,1,0.191506496764502
1628952527355431,114129678945593,1,0.199548261303663
417376031789328,508147322683858,1,0.259002084144822
1522953398019219,157307111289538,1,0.167329927375769
10153310309248652,482838738558603,1,0.296954170994995
1654603448137988,1651077358490304,1,0.157948988593624
719855601482008,983628185032105,1,0.154916457112536
1188607327823189,905008766246226,1,0.113876986368134
1262477510445433,857622540975972,1,0.278226776642197
170919729923576,802887543069782,1,0.227160315346352
10204729072301058,864041886997217,1,0.394678627158526
500427516800893,511804775649731,1,0.336508912802822
1050335081664729,595595830581398,1,0.269430686011298
10153731740018430,1532926813694297,1,0.456744196312922
731425573668695,982290421810279,1,0.201452518084135
513180892180206,1658552184361587,1,0.347993425371736
1197133633636680,1635747950032736,1,0.0750915231849503
785329451596424,963826993656703,1,0.230459299296525
944607878967433,1557137024539335,1,0.102751824328711
771151099681189,906639566051815,1,0.310336485357058
10153059125551986,1683796151836864,1,0.368184815524912
10206906030262832,482838738558603,1,0.292494052873496
1497516140543169,795999260515174,1,0.0681830865910069
1520683351575003,540286862788351,1,0.309825172458835
491323391040278,1650760668536515,1,0.0990912714432796
719855601482008,511804775649731,1,0.3314611759812
1636003713338961,482838738558603,1,0.0836292750171644
193719064300608,528961267266179,1,0.0625288468255495
1934781353412802,934528249967335,1,0.222935845914268
10208059095264416,714537595342870,1,0.232407692916311
10153751415924284,436888249849609,1,0.445699253158751
139493729744950,1656401337951247,1,0.177170749218645
10153841103967164,482838738558603,1,0.0999883511090871
742711882501236,1647213525551952,1,0.353059801394269
1666942073552391,890966060986998,1,0.21662039434746
559615954200736,587786681361995,1,0.208234797544521
719855601482008,1649497315327916,1,0.445278117126909
432862853587844,182639612078173,1,0.185973201290987
1512808485683180,482838738558603,1,0.221208817369562
128541460842924,1527444727569728,1,0.0517168747106702
1512808485683180,764835670294999,1,0
10204592990854242,1650760668536515,1,0.327055595736182
987728801294374,1647583882159262,1,0.243236832235071
189917894683001,406829072835666,1,0.268350221603185
551934978296072,587786681361995,1,0.156825448323137
1197133633636680,406829072835666,1,0.119015997785617
742711882501236,1708970406004977,1,0.325303906381483
797901256985747,1676855795934448,1,0
533004343519772,906401222748379,1,0.133338223885935
837784366335198,511804775649731,1,0.284419126792333
527814970726131,934528249967335,1,0.211512119603943
1647618032193437,802887543069782,1,0.168206079326538
189917894683001,1495218810806969,1,0.259958775961515
587710671382257,482838738558603,1,0.317514461867254
1633105003608340,1035314519836199,1,0.239313760687547
553710531444429,985219994862772,1,0.232956742358683
656073034532759,117378128624899,1,0.124623452466554
1732962863593662,511804775649731,1,0.391362934317153
10208020264844684,1521719851485619,1,0.425321297155343
171160366569555,857622540975972,1,0.12672654582203
1264816113545179,511804775649731,1,0.197996643080674
841149452697791,157307111289538,1,0.266908956717773
1512416739084866,1647507122170549,1,0.330308050040548
508149802696009,1708970406004977,1,0.207402891749641
10207020555863952,905008766246226,1,0.232267598327723
1666942073552391,1516028465387070,1,0.077107201763282
112036512495862,795999260515174,1,0.266087766789983
170919729923576,1647507122170549,1,0.421641330063331
1068552076511289,758846707577663,1,0.290802366006537
118907701812571,982290421810279,1,0.190388682536659
1723085601253037,522546991255308,1,0.359568702133252
10207898863450544,796359963823801,1,0.403523166431669
188622934811728,1681056058808309,1,0.168901631598666
10203670881130844,157307111289538,1,0.266859607069724
535137073315462,511804775649731,1,0.201459328914745
10153747645909914,982290421810279,1,0.310600388327324
167105196975226,857622540975972,1,0.177725216742462
1521273348199107,508147322683858,1,0.120564851319493
1719199448311480,1672166549701268,1,0.346374138346302
141680539527313,1006657816062381,1,0
484346231726681,1515953172065039,1,0.143926338193469
10204997278839772,471379523018564,1,0.238702260973196
1638369666436552,1077965492215167,1,0.0893805510766486
895933887181307,1621002981483264,1,0.199816034585831
742711882501236,553707154776476,1,0.2186596386555
1111298315547827,311755245655422,1,0.0623403355394001
714714581993034,1712903448943953,1,0.116380580827739
493639604146555,406829072835666,1,0.303798113518983
1633352696938851,1676855795934448,1,0
769990746444431,874334249323234,1,0.198449143093
10207808222461364,1660504720886715,1,0.168072801915935
1207500492600083,955987737813861,1,0.262669578259383
414599392078162,1643381175903642,1,0.12520484398425
10153751415924284,874835075904840,1,0.351566692748129
496733093842097,983628185032105,1,0.220388704848719
450037791864047,1515953172065039,1,0.0650184445005544
1015583565168117,1548678642090619,1,0.171914905457218
542864939199605,1722593361302843,1,0.248655477356635
10203630983613656,1162044413810114,1,0
1501856920142105,508147322683858,1,0.321713893386991
773330646112734,983628185032105,1,0.133187618872471
886757811432114,482838738558603,1,0.252877716243421
10153201469391724,482838738558603,1,0.401149352323976
427463854124684,1245920382101712,1,0.250687297587819
1512416739084866,1521483178178527,1,0.207925420626664
1068552076511289,491548331013231,1,0.24261925245634
1209944535689463,157307111289538,1,0.151435193400944
742674219199963,1647507122170549,1,0.257274573540537
10153041441842692,482838738558603,1,0.169989896649737
1240794062603397,1719877178240884,1,0.186122918553467
10153731740018430,1024404200913038,1,0.404445943606189
427463854124684,857622540975972,1,0.253851822085934
10201186044170432,1650760668536515,1,0.180639160833197
191477854524248,1006657816062381,1,0
1523529171293144,977637265608801,1,0.196448564298705
142881026070824,874835075904840,1,0.248083219992165
143762049315634,625905840883347,1,0.408981909889056
10207963509542492,1502067896755875,1,0.283304964000073
753474001425882,857622540975972,1,0.170528983668328
1222781891072378,883542348401279,1,0.163769228853602
1014016165306228,802887543069782,1,0.251940424264281
421832248016283,1743389909222551,1,0.204102610625887
10203630983613656,148966468795177,1,0
181197955557698,465988266906746,1,0.3099228515856
10206906030262832,406829072835666,1,0
166359100384831,905008766246226,1,0.147822007771335
926381767410064,587786681361995,1,0.0912894715524792
10153731740018430,1862289050664286,1,0.477006276866059
895933887181307,414057348785375,1,0.183001873122387
457613797776937,985219994862772,1,0.065494441927445
626469317493279,406829072835666,1,0.36438188639633
1635523966717207,148966468795177,1,0.12241233261531
171534213198113,511804775649731,1,0.236627367286528
139493729744950,795999260515174,1,0.322834892026797
755583684588001,874835075904840,1,0.0948791334842386
534795423351077,587786681361995,1,0.0605466677186731
10200902674007276,424468137738057,1,0.182150899325874
527814970726131,2147949678679083,1,0.269185311946506
10208020264844684,1162044413810114,1,0.185503569439115
10208430697551840,494764264037412,1,0.0648249111996314
1687617991524721,1530342330623823,1,0.255078296888335
604517696354265,424468137738057,1,0.307320321394602
412039719004284,1495643027398937,1,0.127688227618515
626469317493279,2147949678679083,1,0.285526231102271
10205166958160524,1862289050664286,1,0.433064414219257
10208238589109344,489393957905197,1,0.126897673815439
127899517575510,1006657816062381,1,0
170919729923576,1035314519836199,1,0.287933501088561
870590129714745,1698245300413118,1,0.282672416674975
1666942073552391,157307111289538,1,0.31294233525361
1209944535689463,1722593361302843,1,0.122262695821573
987728801294374,955987737813861,1,0.244536240227578
539326799554165,508147322683858,1,0.237108152615731
491323391040278,1523381281314094,1,0.201869517463387
188622934811728,1515953172065039,1,0.286757418904946
10205719556888440,505817212923414,1,0.332221403149902
932468050179679,609445715860145,1,0.211064509806279
527814970726131,1517636418547610,1,0.316979702187927
1725778104317661,875491222558206,1,0.138292690834867
10206940758694626,199405303727652,1,0.509332203767771
1110211555664753,406829072835666,1,0.137260322830609
434633080062354,505404526303554,1,0.339441664253682
10102750816468698,1419793634991801,1,0.168001296303914
886757811432114,802887543069782,1,0.078586152402373
1138971446113805,147933212231456,1,0.184254092872806
515246135302389,587786681361995,1,0.0932693482233551
10207918056730800,1136662996361958,1,0.228656164115471
847450522035365,1672166549701268,1,0.190990644575262
534795423351077,406829072835666,1,0.143065385348097
457613797776937,157307111289538,1,0.160451427088979
1031703450185040,1708970406004977,1,0.144111524371961
10205718333372740,311755245655422,1,0.349376645534338
1655146798087250,471379523018564,1,0.288570513953307
10156191108435322,494764264037412,1,0.296833850212157
1520152658305066,455637751283813,1,0.181460043391099
773330646112734,995025613883488,1,0.397190287651202
1076260289050641,503234193169664,1,0.219795191243407
1079563472063025,1035314519836199,1,0.15296732979609
1505969059702279,1495218810806969,1,0.158232670102202
140645352966158,1517252088592543,1,0.275186830614551
1658349747755273,1656401337951247,1,0.0974225575930878
1512808485683180,406829072835666,1,0.073206315607483
1517580485219420,587786681361995,1,0
473057772881230,665950596841543,1,0.224609605931144
836540786464709,411662922360897,1,0.178193215111671
10153534752532024,426995257494915,1,0.361400103956452
926381767410064,983628185032105,1,0.12706523365037
128541460842924,1530342330623823,1,0.199367299266311
534795423351077,511804775649731,1,0.163791034185467
604517696354265,423717384415158,1,0.295679808663768
10203630983613656,608762552594198,1,0.318879968740195
1530719623918188,959800754113122,1,0.127430078168653
127899517575510,1517636418547610,1,0.297994471454855
779761258836576,975449605847497,1,0.112959454625562
1061161753902230,1635747950032736,1,0.112239349139676
1007278812646797,157307111289538,1,0.37009190528786
189917894683001,455637751283813,1,0.264721151818339
1628952527355431,1164280260255705,1,0.298966220410596
542351085930522,1703776966504174,1,0.331360101279803
143762049315634,728667207277026,1,0.353041111561538
449445798585494,505817212923414,1,0.200982793453317
701059946694911,494764264037412,1,0.294055436461615
1522484031407199,587786681361995,1,0.207590247562172
540866352746073,802887543069782,1,0.130574968549074
10153310309248652,931978370186855,1,0.159732479003343
469001606618204,1568731703380247,1,0.194788533867174
1486654704975542,1118925088119512,1,0.0800903682548758
744647905668436,1078098455568197,1,0.24302855166191
771151099681189,538279132989832,1,0.498525070888304
10207918056730800,183697085309052,1,0.422153263750233
892618300854855,1483723631934208,1,0.120594696964774
1640490862888349,1653992801547099,1,0.20395423353567
594268804047130,326413324149212,1,0.236655785470939
10207127847588396,1743389909222551,1,0.23950711355989
10208020264844684,741573269308723,1,0.373571034636323
450037791864047,508147322683858,1,0.163217974694177
1523731894619534,1515953172065039,1,0.152953602945394
10153623207422850,991910604185166,1,0.441777888852334
499389476898835,1495322954096351,1,0.431265553446236
520184324811726,1530342330623823,1,0.322754808176743
587710671382257,406829072835666,1,0.345355183216933
945132885542349,1676855795934448,1,0
1730701060492919,1035314519836199,1,0.221064126525725
173533356327149,874334249323234,1,0.0391029391960491
10153245622198310,758846707577663,1,0.471575903967559
489106891271298,587786681361995,1,0.182930933951685
10153751415924284,1162044413810114,1,0.251874829025978
931874233549485,874334249323234,1,0.260057993366886
1520683351575003,1006657816062381,1,0
870590129714745,1717752625120818,1,0.182984025978239
484056645108661,1722593361302843,1,0.180021291840151
1262477510445433,424468137738057,1,0.227223548989081
10153623207422850,482838738558603,1,0.259489918860584
10153731740018430,112055882496156,1,0.440121427659991
1668948343347366,157307111289538,1,0.23897335564188
519899301512791,1105684389456261,1,0.193241587146058
529452507222509,587786681361995,1,0.113050035894253
510174425812339,802887543069782,1,0.298188663989981
132782073751593,785327294945736,1,0.296609384429158
10208234558489760,411662922360897,1,0.265295815690866
870894306359712,1530342330623823,1,0.379484369348371
10207918056730800,545198285638570,1,0.160236300474616
10153245622198310,1487338478240415,1,0.388261017875734
904674892934101,906526716092147,1,0.202856538658693
698375650299059,767175890075974,1,0.16133133049468
10201144172402116,1507447266249110,1,0.0949180751329633
1512416739084866,764835670294999,1,0
171950143153804,802887543069782,1,0.20503914420718
1646438118961908,727351294066130,1,0.291873381250703
726783144121341,995025613883488,1,0.293704623463955
756387537820954,1515953172065039,1,0.0524289826806567
10208020264844684,426995257494915,1,0.423218226262019
1716829768546132,511804775649731,1,0.182925119458659
10205683042099392,1530342330623823,1,0.106562386892126
10153710102894362,554566951363535,1,0.31787710443245
520184324811726,508147322683858,1,0.254183664976598
737701309662788,411662922360897,1,0.153993924752216
10203678931132960,905008766246226,1,0.302761158834794
507563852747117,527385800759438,1,0.150441261176193
551059868404585,1647507122170549,1,0.191998341470104
10153751415924284,1658388237753858,1,0.449186417289381
1646438118961908,2147949678679083,1,0.199305210201831
421832248016283,890545864386215,1,0.243032635106821
643772309097071,455637751283813,1,0.467509080792281
10103397799779096,785083881617402,1,0.34569000820587
1640490862888349,1646169172322185,1,0.169541329729802
10207933931007486,925268004218508,1,0.281360836422253
779761258836576,508147322683858,1,0.242055757856479
563887893777068,1515953172065039,1,0.188080263271506
10153633400425090,1862289050664286,1,0.405635573804283
1059452377407822,985219994862772,1,0.127271159093217
10153813028960160,1521719851485619,1,0.310618145118974
840799026032607,850447408407557,1,0.352035903787302
10207933931007486,785327294945736,1,0.24895898455255
508149802696009,493719907454733,1,0.313032182895899
1730701060492919,1516028465387070,1,0.289208465138072
548892231931724,1530342330623823,1,0.233180016711242
1200835986609754,511804775649731,1,0.202734703921575
10153868264978394,511804775649731,1,0.132820474301085
10153731740018430,545198285638570,1,0.244988149165251
140645352966158,874334249323234,1,0.255860760425709
922282511184349,482838738558603,1,0.296855401395689
10153276223956818,764835670294999,1,0
1521769931482549,527385800759438,1,0.191850624141121
1674223596191112,982290421810279,1,0.446979294234461
523483477808212,802887543069782,1,0.36900292329499
1188607327823189,920532884705447,1,0.127798920335468
1262477510445433,995025613883488,1,0.226263172768332
148379555518355,1653260184922609,1,0.0779238471995524
1501856920142105,157307111289538,1,0.274158155260869
1628952527355431,725340260922835,1,0.319724089582691
542864939199605,906526716092147,1,0.261879371051721
1198079436883830,1502150523415752,1,0.0933237485920331
587710671382257,905008766246226,1,0.386276289370743
10207918056730800,805947839515103,1,0.243410947267111
1567953666779823,1681056058808309,1,0.246263886450223
975970165801193,1800241690202920,1,0.1173337027256
1930036233887304,1078098455568197,1,0.367066654928309
904674892934101,942502089120677,1,0.277909936954075
183740808638809,427989960731914,1,0.0391272533574451
10203577386353640,1635747950032736,1,0.195593426310386
183303732011968,795999260515174,1,0.412910026902197
183740808638809,424468137738057,1,0.0943916405665255
412039719004284,1517252088592543,1,0.279059257920123
188932614781344,182639612078173,1,0.0609797205732381
519899301512791,890966060986998,1,0.194844224481143
140645352966158,2111249605680682,1,0.119641843937194
490917987736402,511804775649731,1,0.414209214846045
1111298315547827,497540377073623,1,0.209417176333712
1647618032193437,2147949678679083,1,0.188852206483343
10207127847588396,157307111289538,1,0.12531909343816
785329451596424,1708970406004977,1,0.255625096322805
433606973494655,494764264037412,1,0.224307468404315
10208623231044876,471985069655963,1,0.257522405645804
520184324811726,1676855795934448,1,0
10153710102894362,148966468795177,1,0.276148551272579
987728801294374,1683796151836864,1,0.31190475427444
1216804721669942,1515953172065039,1,0.298624272730983
192136344460462,796359963823801,1,0
133858413643559,406829072835666,1,0.13848274733
10207132453048284,406829072835666,1,0.192318724056313
742711882501236,1517636418547610,1,0.417395407643436
407083886168985,1643381175903642,1,0.134396644603368
1138971446113805,587786681361995,1,0.0750974158620616
10153731740018430,505814529591768,1,0.355170889128279
188622934811728,1661242774134560,1,0
1668948343347366,1213165988698115,1,0.27253993814317
849872261794922,553707154776476,1,0.261833055592917
551934978296072,977637265608801,1,0.317472905730412
572161542937082,1674089026164377,1,0.355426202772112
1503297083304581,1635747950032736,1,0.261951985141444
510392759134995,553707154776476,1,0.318198636551629
726783144121341,1698245300413118,1,0.358776503261055
643772309097071,1635747950032736,1,0.341443890618771
698375650299059,1523381281314094,1,0.231428543476506
551059868404585,587786681361995,1,0.0756656369806731
1666942073552391,1035314519836199,1,0.363026127543493
148379555518355,1709634665938326,1,0.075595596082391
10153841103967164,147933212231456,1,0.165300700501169
450738748448749,494764264037412,1,0.300914718089243
895933887181307,455637751283813,1,0.215127866544568
527814970726131,802887543069782,1,0.237753711448702
10204592990854242,511804775649731,1,0.137550126081899
407511526113695,297183720488226,1,0.389967484297322
10153004755491600,1532926813694297,1,0.364361209660022
1638369666436552,1643381175903642,1,0.085891094212443
10153388021858882,857622540975972,1,0.287711170914864
701059946694911,157307111289538,1,0.296816707517837
493639604146555,1676855795934448,1,0
10205166958160524,311755245655422,1,0.362404879880715
10153425952533532,1513489878975889,1,0.325489015000614
1934781353412802,157307111289538,1,0.388626566291386
1683424385228146,511804775649731,1,0.184044152205016
1138971446113805,920532884705447,1,0.175023213914968
788317357957045,553707154776476,1,0.10317196331805
1647618032193437,587786681361995,1,0.0989464445534986
184243938587150,1162044413810114,1,0.16174456635884
10153633400425090,1162044413810114,1,0.26903770428144
737701309662788,406829072835666,1,0.352949585104348
112036512495862,677952745575695,1,0.29294532828916
513601645466348,795999260515174,1,0.0488666980381754
559615954200736,802887543069782,1,0.33552866490804
10201268432310336,1862289050664286,1,0.284415121642276
1641268906161436,874334249323234,1,0.263297692614873
548892231931724,157307111289538,1,0.3107339490242
10153868264978394,545198285638570,1,0.188421532943974
10153728221469138,1530342330623823,1,0.196970282859894
500427516800893,1514772282153569,1,0.144056755593253
10153606275521140,1647507122170549,1,0.128600284311212
742674219199963,947082921995712,1,0.181221107112014
1725778104317661,874334249323234,1,0.26537044860372
407511526113695,682401445211994,1,0.525405701444808
509287069249674,1647507122170549,1,0.37810807837386
167105196975226,455637751283813,1,0.320461028841214
870590129714745,947821865304797,1,0.432093031237773
10208234558489760,758846707577663,1,0.459179562202877
10203670881130844,1512043439095614,1,0.100977359176331
922282511184349,985219994862772,1,0.218175297113891
617314225074105,117378128624899,1,0.126060345722229
143762049315634,714537595342870,1,0.313699936400368
1503297083304581,863818937066030,1,0.414842732326186
892618300854855,1635747950032736,1,0.211282305176018
10153731740018430,981112258646565,1,0.381096610716414
944607878967433,508147322683858,1,0.128652874093063
551934978296072,406829072835666,1,0.414002658464859
1683424385228146,1077965492215167,1,0.159850125036474
1668861940027419,482838738558603,1,0.128694816728847
493132844181060,983628185032105,1,0.163532596923052
1200835986609754,494764264037412,1,0.127981954051366
959167677485091,864041886997217,1,0.389408836489289
171534213198113,1530342330623823,1,0.2658568576568
1240794062603397,982290421810279,1,0.280714053794561
1015583565168117,148966468795177,1,0.231737192840904
1200835986609754,587786681361995,1,0.171006875142134
143762049315634,1674987226048875,1,0.122376825792015
1008365305886176,1534172186874420,1,0.21716972533797
876994722408125,1640441632884917,1,0.140153212113592
867462980017143,857622540975972,1,0.292509967134517
1510819109244921,874334249323234,1,0.130560604787927
484056645108661,192475747754735,1,0.233405683517646
1651039455150853,508147322683858,1,0.150400996205374
1772571746303512,983628185032105,1,0.157754623275753
853789684741589,1647507122170549,1,0.131181107829228
450037791864047,471379523018564,1,0
1057105014307763,1502067896755875,1,0
1521130751535783,424468137738057,1,0.28097273056959
932468050179679,857622540975972,1,0.222842594564106
875164032590454,1530342330623823,1,0.316153019745103
193719064300608,863818937066030,1,0.434991774984221
417376031789328,455637751283813,1,0.30959842921357
10153004755491600,736854409753137,1,0.432326218224698
132782073751593,311755245655422,1,0.22971974123283
10208078682148132,398686067005910,1,0.32413008463572
192136344460462,406829072835666,1,0.327579585921996
10101850038859288,874835075904840,1,0.271275554372354
450738748448749,2111249605680682,1,0.141177771212382
539326799554165,920532884705447,1,0.207281640924236
135085436853805,919883004725577,1,0
437117823155914,455637751283813,1,0.202835321114581
491323391040278,2147949678679083,1,0.0758012918781425
10153059125551986,183697085309052,1,0.395024151060758
10153425952533532,545198285638570,1,0.328504385429055
938511266229256,874334249323234,1,0.221320122195311
1497516140543169,1647507122170549,1,0.0270672003650607
1078847258822654,192475747754735,1,0.259307616278786
1628952527355431,608762552594198,1,0.40276200292357
190802747923257,983628185032105,1,0.207865021985532
192136344460462,1648052285418189,1,0.255106036593367
507563852747117,1648052285418189,1,0.410562304244377
172315433118941,508147322683858,1,0.21772919353924
875164032590454,608762552594198,1,0.441668570546463
769990746444431,1708970406004977,1,0.160098584530373
10206906030262832,411662922360897,1,0.199497214084438
10205683042099392,1635747950032736,1,0.119255889213835
10208078682148132,311755245655422,1,0.23511495100573
132782073751593,874835075904840,0,0.224438251750866
132782073751593,1521719851485619,0,0.358273298029962
132782073751593,632343673535086,0,0.289984239583565
139493729744950,764835670294999,0,0
139493729744950,1568731703380247,0,0.403745051967988
140561939637308,856704631068589,-1,0.157817312188786
140561939637308,424468137738057,-1,0.153095647888049
140561939637308,114129678945593,-1,0.297834049202224
140645352966158,857622540975972,0,0.230960799370311
140645352966158,919883004725577,0,0.106548126756648
140645352966158,148966468795177,0,0.311229857645033
154711438221800,134546073570468,0,0.276983962459699
167105196975226,471379523018564,0,0.292446008350059
170919729923576,1527601337508454,-1,0.219438318563107
171160366569555,1637400096532178,-1,0.0680153981169278
171160366569555,856704631068589,-1,0.11293677905568
171160366569555,1649574428587670,-1,0.207330254298221
171160366569555,905008766246226,-1,0.191345181283503
171950143153804,874334249323234,0,0.253671382635276
171950143153804,1698245300413118,0,0.210831630297363
171950143153804,977637265608801,0,0.24188867235629
173533356327149,505404526303554,0,0.0555132332783884
173533356327149,1118925088119512,0,0.10691752325546
183303732011968,511804775649731,0,0.286311345076384
184243938587150,446234268895916,0,0.147140928715911
189917894683001,1513489878975889,0,0.136799790653231
189917894683001,1653992801547099,0,0.278118179172765
189917894683001,1634227493510358,0,0.225562893487503
189917894683001,424468137738057,0,0.264226485909514
189917894683001,429444030594966,0,0.237178806587549
189917894683001,1118925088119512,0,0.261155470410705
189917894683001,931978370186855,0,0.297882987743568
189917894683001,545198285638570,0,0.242522580962028
189917894683001,1517252088592543,0,0.338610854310258
189917894683001,1648052285418189,0,0.166625346219388
189917894683001,114129678945593,0,0.194595174839553
189917894683001,1678424979065826,0,0.160694762392698
189917894683001,1743389909222551,0,0.238791036998632
189917894683001,982290421810279,0,0.26564432892097
191477854524248,505817212923414,0,0.137657282004616
191477854524248,1514772282153569,0,0.165061518499947
191477854524248,465988266906746,0,0.197908363502114
192474881087926,1514772282153569,0,0.249397558627304
192474881087926,1712903448943953,0,0.116509133194536
192639284405898,1514772282153569,0,0.341428745038866
192639284405898,1715978725289059,0,0.27526661841032
192639284405898,1647507122170549,0,0.144895827224101
192639284405898,1515953172065039,0,0.129231354650443
193016494372691,487623601362936,0,0.337078162729808
193016494372691,414057348785375,0,0.327588147832466
193719064300608,482838738558603,-1,0.202736044582348
208501676148665,1077965492215167,0,0.264794706527731
208501676148665,1634811676806312,0,0.261693553817695
208501676148665,995025613883488,0,0.134917889975253
208501676148665,157307111289538,0,0.290310230953449
208501676148665,983628185032105,0,0.122120081409643
208501676148665,1647507122170549,0,0.138884415274345
208501676148665,1245920382101712,0,0.133847952883342
208501676148665,875491222558206,0,0.136040930812063
208501676148665,1701251846786746,0,0.254897692046636
208501676148665,982290421810279,0,0.318830449024628
407083886168985,2147949678679083,0,0.0544365645212161
407083886168985,1077965492215167,0,0.133321371630741
407083886168985,489692841197214,0,0.14946015104889
407083886168985,1185663778130472,0,0.122456937511616
407083886168985,540286862788351,0,0.0996937886893114
407083886168985,1748602092029489,0,0.147711506464577
412039719004284,875491222558206,0,0.120747804790297
417376031789328,494764264037412,0,0.296760068254214
427463854124684,1643381175903642,-1,0.344049833075145
437117823155914,192475747754735,0,0.170732720559712
437117823155914,538279132989832,0,0.0744943025276048
437117823155914,1507447266249110,0,0.0367204009910377
437117823155914,172015596484680,0,0.0653715855892305
437117823155914,511804775649731,0,0.136978124126646
437117823155914,148966468795177,0,0.11964823076384
442822525920982,1225088244174418,0,0.428992070582967
447314352120923,587786681361995,0,0.0220228105824163
447314352120923,521058938061840,0,0.150370804061714
447314352120923,171069349914286,0,0
447314352120923,977637265608801,0,0.0761236911978207
449296218608148,553707154776476,0,0.192053677589676
452102751642373,425697107630544,0,0.244741936538061
452102751642373,1521483178178527,0,0.311482980984066
452102751642373,963139843743501,0,0
452102751642373,430795103770759,0,0.339306597284011
452102751642373,134546073570468,0,0.344564199133922
452102751642373,141783372845728,0,0.199307130973739
452102751642373,1656182334649628,0,0.0731945729062557
452102751642373,1017664094920484,0,0.193888818512916
452102751642373,631984013611089,0,0.197950899519331
452102751642373,942145629156651,0,0.311276177752858
452102751642373,934528249967335,0,0.271742403385558
452102751642373,1643381175903642,0,0.273166667078761
452102751642373,1516517512002547,0,0.158391526195857
452102751642373,141981386160261,0,0.106647381089404
452102751642373,1517636418547610,0,0.290086942759643
452102751642373,913726102016230,0,0
452102751642373,587786681361995,0,0.16199685628185
452102751642373,157307111289538,0,0.232340266353537
452102751642373,553707154776476,0,0.227360683523531
452102751642373,886099961445115,0,0.190040281549045
452102751642373,1185663778130472,0,0.260581796472388
452102751642373,420452458155967,0,0.201149261841735
452102751642373,1727916837436720,0,0.283723566482539
452102751642373,183580841988156,0,0.259802229981477
452102751642373,410271959178819,0,0.261851339871998
452102751642373,746524912158195,0,0.294205352903837
452102751642373,1638389173109087,0,0.293679592506496
452102751642373,1483806378592848,0,0
452102751642373,1626927544222999,0,0.169297302160012
452102751642373,555949701234891,0,0.290060691232928
452102751642373,1516099898705226,0,0.292957389165251
452102751642373,1518472738468607,0,0.128360284520754
452102751642373,654461881357842,0,0.303164883119512
452102751642373,919883004725577,0,0.0975597670797322
452102751642373,143844432640742,0,0.143310425662756
452102751642373,446234268895916,0,0.265276347767004
452102751642373,1699526300334531,0,0.265303649756501
452102751642373,1515722348739773,0,0.270283613222356
457613797776937,1650760668536515,0,0.106654207131642
457613797776937,1006657816062381,0,0
457613797776937,406829072835666,0,0.16971862219865
457613797776937,1507447266249110,0,0.0704836501440099
457613797776937,1706173342932599,0,0.11073605129626
457613797776937,982290421810279,0,0.109926726666641
467894660064257,587786681361995,0,0.169201315846371
467894660064257,874334249323234,0,0.337763124328496
467894660064257,1698245300413118,0,0.30928385258682
469001606618204,1515953172065039,0,0.130413513075268
473057772881230,931978370186855,0,0.238722733612095
484346231726681,982290421810279,0,0.23457463783437
489106891271298,1676855795934448,0,0
490917987736402,2147949678679083,-1,0.203984838326432
490917987736402,489955701191791,-1,0.379939001746081
491323391040278,942502089120677,0,0.243426911098045
491323391040278,857622540975972,0,0.239228752875903
491323391040278,406829072835666,0,0.234073154719422
491323391040278,874334249323234,0,0.214688895076388
491323391040278,508147322683858,0,0.153857240589524
500861113420487,527385800759438,0,0.187647403055947
500861113420487,1634811676806312,0,0.254558113617361
500861113420487,1507447266249110,0,0.0528472425882745
500861113420487,608762552594198,0,0.235632213936648
500861113420487,795999260515174,0,0.301155209543241
500861113420487,1647507122170549,0,0.372654009413295
500861113420487,331003723690353,0,0.151717746359283
500861113420487,982290421810279,0,0.25137401372844
503202219861778,721688537965587,0,0.153781710104467
503202219861778,942502089120677,0,0.214951627535381
503202219861778,403409569850856,0,0.18549808907104
503202219861778,857622540975972,0,0.178463517771469
503202219861778,985219994862772,0,0.11652595303394
503202219861778,1035314519836199,0,0.162817485502179
503202219861778,617788491694733,0,0.212161560989503
503202219861778,511804775649731,0,0.134770564871664
503202219861778,1213165988698115,0,0.123104448187557
504382579740186,1646169172322185,0,0.213224783834054
504382579740186,1635747950032736,0,0.261385952968576
504382579740186,1483723631934208,0,0.253773177402482
504382579740186,910059795737600,0,0.275411051307644
504382579740186,1676855795934448,0,0
504382579740186,441791196018550,0,0.152158585968106
507563852747117,1681847088719406,0,0.114880574391845
507563852747117,830956830352088,0,0
507563852747117,732668420104638,0,0.076077116398716
508149802696009,424468137738057,0,0.244851180068436
508149802696009,587786681361995,0,0.0696483076060163
508149802696009,795999260515174,0,0.227448872590844
508149802696009,1647507122170549,0,0.136498584965805
508149802696009,1647583882159262,0,0.282271945461394
509287069249674,505404526303554,0,0.115259004105656
509287069249674,117378128624899,-1,0.116221511203939
509287069249674,1647784098809527,0,0.119336498623913
509287069249674,1515953172065039,0,0.0963674485146667
513180892180206,436888249849609,0,0.120310888976044
513180892180206,1635747950032736,0,0.459823739147524
515246135302389,802887543069782,0,0.239383895178726
516495948528594,505817212923414,0,0.19875992259285
516495948528594,1641671362774614,-1,0.264745657462082
516495948528594,2111249605680682,0,0.167642651870251
518267068336260,843714479079121,0,0.327440238220287
519899301512791,975449605847497,0,0.107380419542102
523149284516658,1676855795934448,0,0
534795423351077,617788491694733,0,0.295548074362887
534795423351077,736854409753137,-1,0.219496891301143
539326799554165,406829072835666,0,0.21280506863255
542864939199605,1656401337951247,0,0.188943399509069
542864939199605,506193636215894,0,0.32224514810189
542864939199605,148966468795177,0,0.0671007459804336
549431708543476,1643381175903642,0,0.132234298926632
549431708543476,553707154776476,0,0.171536889425322
549431708543476,874334249323234,0,0.134022329815111
549431708543476,508147322683858,0,0.108874073034882
549431708543476,148966468795177,0,0.0231568643637492
553710531444429,440095206191965,0,0.233406135852375
553710531444429,1515953172065039,0,0.107354794594192
556386637852586,516654305161658,0,0.178590498265264
559615954200736,545198285638570,0,0.338336357924378
559615954200736,982290421810279,0,0.35623044069856
564378157044832,608762552594198,0,0.260899629275735
564378157044832,802887543069782,0,0.217136697953114
565708260247237,1035314519836199,0,0.145265083562814
567767733372047,503234193169664,0,0.258509150812385
580247795461456,482838738558603,0,0.152107385349711
580247795461456,890966060986998,0,0.101975708467016
580247795461456,553707154776476,0,0.310366892801145
580247795461456,503683439801590,0,0
580247795461456,1651077358490304,0,0.193400101812808
580247795461456,101507700221789,0,0.209984498017097
580247795461456,1698245300413118,0,0.226281619563106
580247795461456,1524356571207831,0,0.164173269103107
580247795461456,1568731703380247,0,0.256948884745304
580247795461456,1530342330623823,0,0.235511064385745
587710671382257,764835670294999,0,0
587710671382257,492973564196201,0,0.438021134141029
587710671382257,1523381281314094,0,0.318071697142815
587710671382257,638776259596185,0,0.361979785094939
587710671382257,1635747950032736,0,0.291074719479646
587710671382257,557425051079579,0,0.26639500186174
587710671382257,1017664094920484,0,0.305018552073557
587710671382257,934528249967335,0,0.349591820826367
587710671382257,1633865473528494,0,0.192127889743248
587710671382257,136599536699616,0,0.328014354727498
587710671382257,1507447266249110,0,0.30102435873647
587710671382257,1017645984963730,0,0.270443737893223
587710671382257,802887543069782,0,0.287676188231542
587710671382257,1647784098809527,0,0.316572953208419
587710671382257,1181828128499301,0,0.207521530750531
587710671382257,1552412775048787,0,0.320183960056881
587710671382257,446234268895916,0,0.319535664131291
587710671382257,1709841822580169,0,0.244694266749732
587710671382257,890545864386215,0,0.347100522996497
587710671382257,1008718879187726,0,0.365491118022618
587710671382257,955987737813861,0,0.37759975635175
587710671382257,1530342330623823,0,0.283777004191106
587710671382257,982290421810279,0,0.225736372716096
587710671382257,977637265608801,0,0.234966345625385
587710671382257,1527601337508454,0,0.281370809969547
595204997295165,1162044413810114,0,0.213598377708916
604517696354265,527385800759438,0,0.244649792230349
604517696354265,2147949678679083,0,0.210002157696327
604517696354265,1648052285418189,0,0.201369230837423
604517696354265,540286862788351,0,0.212191643953474
604517696354265,940016226073543,0,0
617314225074105,1667371076875337,0,0.227067104584644
625758314229025,910059795737600,0,0.207656094784859
625758314229025,1505314403101681,0,0.194814424312812
625758314229025,519090021584170,0,0.260294266235823
630907087049569,157307111289538,0,0.0996892968894721
630907087049569,147836405575804,0,0.151422565924336
630907087049569,1701251846786746,0,0.0910877428306192
641011606001289,1164280260255705,0,0.428135351991503
641011606001289,189292908073143,0,0.277011445120058
641011606001289,983628185032105,0,0.220193085709842
641011606001289,1621002981483264,0,0.328864445097379
648356888637256,732668420104638,0,0.133796228065463
648356888637256,511804775649731,0,0.24238075419571
660661580702842,1708970406004977,0,0.200842055145936
666390466796788,1666441663584627,-1,0.272377446960147
666390466796788,1708970406004977,0,0.0458024642475929
695153200619282,499466390227177,-1,0.207296699535729
695153200619282,802887543069782,0,0.199276907448936
701059946694911,638266769648820,0,0.280090402353388
713353622129100,942502089120677,0,0.111500663088848
713353622129100,522546991255308,0,0.0765437091687116
713353622129100,934638543238914,0,0.0824280313942634
719855601482008,1516517512002547,0,0.28847868519713
719855601482008,1676329352608101,0,0.294866619565716
719855601482008,1624545187788362,0,0.344776581423149
719855601482008,975449605847497,0,0.20451438153563
719855601482008,538279132989832,0,0.359275137567437
719855601482008,157307111289538,0,0.38330268549358
719855601482008,509992435843792,0,0.416392597674565
719855601482008,1621361011463261,0,0.325990672137496
719855601482008,1097525770265879,0,0.419149801444382
719855601482008,1735242010041189,0,0.35598826951629
719855601482008,1638727446395384,0,0
728229983978860,1647213525551952,0,0.209593008250611
728229983978860,1514772282153569,0,0.225448335780369
728229983978860,1648912038721600,0,0
728229983978860,919436231437882,0,0.126308889526315
728229983978860,920532884705447,0,0.159724057058996
728229983978860,995025613883488,0,0.312578072594672
728229983978860,157307111289538,0,0.188506696632995
728229983978860,795999260515174,0,0.101298821343803
730613557069860,406829072835666,0,0.234830626099172
737701309662788,1656401337951247,0,0.207859337417993
742674219199963,1419793634991801,-1,0.202883527324338
742711882501236,1640441632884917,0,0.269268090058224
742711882501236,570911803060678,-1,0.186876545745123
742711882501236,1668720313411815,-1,0.318918810876567
753474001425882,192475747754735,0,0.271750407563358
753474001425882,737090809728395,0,0.35236948415424
753474001425882,528961267266179,0,0
753474001425882,892649937474491,0,0.148504920471227
753474001425882,1647507122170549,0,0.164499767372251
753474001425882,197327703937350,0,0.237596213473886
753474001425882,2111249605680682,0,0.12854476581292
753474001425882,1509061466060315,0,0.262105304079934
753474001425882,959800754113122,0,0.0511807625099083
767036236776544,732668420104638,0,0.0876424897924569
771151099681189,1647213525551952,0,0.312599535861426
771151099681189,424468137738057,0,0.371954367835071
771151099681189,983628185032105,0,0.250027849865044
771151099681189,909793182438987,0,0.490441578632268
771505632953533,925268004218508,0,0.242422861059874
771505632953533,465988266906746,0,0.423066745557159
771505632953533,1728490300705380,0,0.186451652752833
771505632953533,587786681361995,0,0.221805042995509
771505632953533,117378128624899,0,0.330657717889955
771505632953533,496036427268213,0,0.358911997518679
771505632953533,1661242774134560,0,0
771505632953533,1510567955909044,0,0
771505632953533,904360302946503,0,0.457674650424576
771505632953533,906526716092147,0,0.314251468150985
771505632953533,1495322954096351,0,0.4342640941887
773330646112734,157307111289538,0,0.189756246419448
773330646112734,874334249323234,0,0.21942912078644
773330646112734,677952745575695,0,0.131862181749994
773330646112734,802887543069782,0,0.153425242358939
773330646112734,1048580948520263,0,0.229524668839052
780538515424612,983628185032105,0,0.125747895171781
780538515424612,1676855795934448,0,0
780538515424612,511804775649731,0,0.18207970955987
785329451596424,519090021584170,0,0.148978392569243
785329451596424,947082921995712,-1,0.283785237258688
797901256985747,494764264037412,-1,0.219373626789301
801196210006579,1634227493510358,0,0.495353706080488
801196210006579,157307111289538,0,0.307635148260662
801196210006579,890966060986998,0,0.191662148263743
801196210006579,874334249323234,0,0.315544983247586
801196210006579,311755245655422,-1,0.142736972745305
801196210006579,736325763177454,0,0.520873118858871
801196210006579,1621002981483264,0,0.497264130996386
801196210006579,1913467532211684,0,0.287282111598373
801196210006579,939638432739841,0,0.470377365258258
801196210006579,480125172148867,0,0.146680594833891
825568154218668,609445715860145,0,0.153422004261722
825568154218668,1667371076875337,0,0.261558987560195
825568154218668,1517636418547610,0,0.287658970636757
825568154218668,1658552184361587,0,0.205802717364523
825568154218668,406829072835666,0,0.189897215996068
825568154218668,538279132989832,0,0.159985229826649
825568154218668,910059795737600,0,0.103615886712124
825568154218668,1621002981483264,0,0.190361694629985
825568154218668,497474997090416,0,0.152325742217813
825568154218668,939638432739841,0,0.171116745983057
825568154218668,1712903448943953,0,0.170795234382616
825568154218668,1419793634991801,0,0.292476226125641
825568154218668,947082921995712,0,0.116378695796452
825568154218668,1089433731068972,0,0.127038321202361
825568154218668,841494475971645,0,0.202771120953112
825568154218668,955987737813861,0,0.231186586090605
825568154218668,1530342330623823,0,0.207619199711451
825568154218668,1515953172065039,0,0.15714451719256
837784366335198,1524356571207831,0,0.0639822944155445
840799026032607,983628185032105,0,0.304951540692409
841149452697791,440095206191965,-1,0.221704784487637
843387462427077,1515953172065039,0,0.174394079283193
849896485129765,1667371076875337,0,0.464044784256963
849896485129765,1514772282153569,0,0.0614832236287509
849896485129765,942502089120677,0,0.437480913097354
849896485129765,920532884705447,0,0.280525172021187
849896485129765,424468137738057,0,0.412866054345279
849896485129765,587786681361995,0,0.208610846917709
849896485129765,508147322683858,0,0.385123991006088
853789684741589,934528249967335,0,0.35174940313651
853789684741589,494764264037412,0,0.278312595562038
867080830071921,1708970406004977,0,0.287153802283512
867080830071921,1671093049797551,0,0.269508653440992
867462980017143,1483723631934208,0,0.314912302049125
870590129714745,511804775649731,0,0.360665053071266
872186099559377,905008766246226,0,0.145979036795109
872186099559377,1529443567324530,-1,0.160920369179161
873366629437441,1521719851485619,0,0.250364488341096
873366629437441,1006657816062381,0,0
873366629437441,995025613883488,0,0.187074766391121
873366629437441,406829072835666,0,0.0906481594519589
873366629437441,545198285638570,0,0.0882003174522728
874434149330288,905008766246226,0,0.116063259244883
875164032590454,1515953172065039,0,0.201248426215169
876994722408125,527385800759438,0,0.206953728834787
876994722408125,190853124587106,0,0.203385394094591
876994722408125,419239658279508,0,0.27704108121339
876994722408125,1006657816062381,0,0
876994722408125,465988266906746,0,0.373891525362042
876994722408125,406829072835666,0,0.34866672547542
876994722408125,538279132989832,0,0.215435198883476
876994722408125,1621002981483264,0,0.274975377471622
876994722408125,1663241800631364,0,0.282825313050668
876994722408125,148966468795177,0,0.116776276674016
876994722408125,1509061466060315,0,0.349582441516828
895933887181307,117378128624899,0,0.185251577238331
902569216444779,1674089026164377,0,0.305206807304933
902569216444779,617788491694733,0,0.444447656226896
902569216444779,1528507317470530,0,0.169304354870509
902569216444779,796359963823801,0,0.393185644995583
902569216444779,785327294945736,0,0.264274810373034
904674892934101,1514772282153569,0,0.209021535377903
904674892934101,890545864386215,0,0.258721333854599
921575151231746,406829072835666,0,0.275729697709907
921575151231746,863818937066030,0,0.0985377560890299
921575151231746,947082921995712,0,0.265994832217388
921575151231746,1698245300413118,0,0.230900819780445
921575151231746,1530342330623823,0,0.212170004452984
922282511184349,905008766246226,0,0.371211552178075
926901050726647,942145629156651,0,0.197763691019505
931320930249546,587786681361995,0,0.0949478634518634
932468050179679,424468137738057,0,0.155648837671782
932468050179679,489692841197214,0,0.228411527784552
932468050179679,147339502294639,0,0.190682598829307
938511266229256,1648052285418189,0,0.207207164596795
938511266229256,795999260515174,0,0.209047976140755
938511266229256,775340979147675,-1,0
945132885542349,157307111289538,0,0.174056892552699
975970165801193,975449605847497,0,0.348324826159014
975970165801193,1162044413810114,0,0.0802492083972496
975970165801193,1515953172065039,0,0.216016303425877
979669112071875,1006657816062381,0,0
983526351686099,982290421810279,0,0.22640301423928
1007278812646797,424468137738057,0,0.429739763552888
1008365305886176,133798883645899,0,0.285791105879573
1008365305886176,1105684389456261,0,0.163933846303195
1014016165306228,1537877016467620,0,0
1014016165306228,1656401337951247,0,0.22976737013184
1014016165306228,511804775649731,0,0.366589782437189
1015358611820126,1648912038721600,0,0
1015583565168117,157307111289538,0,0.197954361959869
1015583565168117,1515953172065039,0,0.150272271130821
1031703450185040,1507447266249110,0,0.139309920921173
1031703450185040,1512043439095614,0,0.166797114693536
1061161753902230,426995257494915,0,0.0787610745243467
1061161753902230,511804775649731,0,0.113845810711023
1068552076511289,874835075904840,0,0.169806238354467
1068552076511289,625905840883347,0,0.238844334384373
1068552076511289,487623601362936,0,0.205073041618881
1068552076511289,985219994862772,0,0.136792274965451
1068552076511289,1661242774134560,0,0
1068552076511289,1800241690202920,0,0.227451396933859
1068552076511289,1743389909222551,0,0.159154447668687
1078847258822654,1118925088119512,0,0.161756106383522
1079563472063025,117378128624899,0,0.0665714007743225
1079563472063025,959800754113122,0,0.363848617298803
1086763018000674,1703776966504174,0,0.0646636879974683
1086763018000674,494764264037412,0,0.158162573025963
1086763018000674,1672166549701268,0,0.101871258252336
1086763018000674,705312679603964,0,0.154277951920874
1107368242648326,117378128624899,-1,0.136175173356462
1110211555664753,920532884705447,0,0.15058364086403
1110211555664753,1701251846786746,0,0.145859356035293
1113728978638145,995025613883488,0,0.241903011927254
1113728978638145,1640768362814765,0,0.333072415538948
1113728978638145,200344163638609,0,0.222091404542252
1113728978638145,982290421810279,0,0.285806317366853
1138971446113805,1654035388177889,0,0.134064991235054
1143885928974082,1118925088119512,-1,0.219896900703298
1143885928974082,906526716092147,0,0.136742757809523
1143885928974082,1735242010041189,0,0.122108912024909
1143885928974082,1530342330623823,0,0.0968040337777896
1145851332106821,738555442944145,0,0.208917250087313
1145851332106821,995025613883488,0,0.234706985368774
1145851332106821,553707154776476,0,0.126933692136541
1145851332106821,1495322954096351,0,0.199357678861941
1173989399282043,1517636418547610,0,0.318351411927787
1173989399282043,508147322683858,-1,0.270458370412513
1173989399282043,1647507122170549,0,0.189334411043258
1173989399282043,147933212231456,0,0.271527658770981
1173989399282043,1512043439095614,0,0.182788379399661
1188607327823189,1712903448943953,0,0.0966222866567661
1193116397370530,871565706285002,0,0.307389722887486
1193991390627968,155514448138170,0,0.242233135113941
1197133633636680,538279132989832,0,0.114503500496713
1197133633636680,1708970406004977,0,0.0915023584938196
1197133633636680,1635667590055386,0,0.107756530620063
1197133633636680,519090021584170,0,0.0607485178909833
1200835986609754,527385800759438,0,0.161347990227587
1214706241878014,938658272898644,0,0.412373811563758
1222781891072378,1658388237753858,0,0.0896919788751944
1222781891072378,398686067005910,0,0.166503948023391
1222781891072378,1647507122170549,0,0.228440251614163
1222781891072378,1656401337951247,0,0.0413922934766546
1241481725868432,905008766246226,0,0.303461397646009
1241481725868432,1035314519836199,0,0.117136717552868
1241481725868432,1651077358490304,0,0.418246248261709
1264816113545179,727351294066130,0,0.231241447168661
1264816113545179,503683439801590,0,0
1264816113545179,796359963823801,0,0.0408167500077826
1369618623052388,1151740234853898,0,0.312876588722879
1369618623052388,1419793634991801,-1,0.385502335058917
1481712312137521,157307111289538,0,0.0367245636010675
1483784895264337,1696580997242512,0,0.192197645986236
1483784895264337,1640768362814765,0,0.0761050366905703
1483784895264337,939638432739841,0,0.0736524027632941
1483784895264337,947082921995712,0,0.176186051999169
1483784895264337,554566951363535,0,0.151454330959386
1503297083304581,1658388237753858,0,0.508954242233902
1503297083304581,414057348785375,0,0.357437525591005
1503297083304581,1676855795934448,0,0
1503297083304581,199405303727652,0,0.32744868635084
1504594363204228,983628185032105,0,0.0587447645449109
1504594363204228,1640768362814765,0,0.0553665746396297
1504594363204228,875491222558206,0,0.110167807636785
1504594363204228,632343673535086,0,0.182577638705725
1504594363204228,513376695507303,0,0.101593932162344
1510819109244921,1515953172065039,0,0.108140683883916
1512416739084866,906639566051815,0,0.34025567018208
1512416739084866,1676855795934448,0,0
1520152658305066,906639566051815,0,0.267073935450707
1520152658305066,190853124587106,0,0.203593356498712
1520152658305066,492973564196201,0,0.308927173022597
1520152658305066,538279132989832,0,0.143941990283767
1520152658305066,493719907454733,0,0.255396214945539
1520152658305066,1017645984963730,0,0.205719562457344
1520152658305066,910059795737600,0,0.125439757836693
1520152658305066,1640768362814765,0,0.281200195745978
1520152658305066,1621002981483264,0,0.180899700827999
1520152658305066,1639903826263071,0,0.167345264299195
1520152658305066,917019075034839,0,0.208715861663805
1520722144905458,505814529591768,0,0.265975103089159
1520722144905458,2111249605680682,0,0.0960575119497677
1520722144905458,148966468795177,0,0.187021017254759
1521130751535783,1635747950032736,0,0.384699312990709
1521130751535783,157307111289538,0,0.342062169263544
1521130751535783,795999260515174,0,0.415675518968997
1521130751535783,1647507122170549,0,0.268453550432541
1521130751535783,1515953172065039,0,0.306016807660813
1522953398019219,553707154776476,0,0.161765642471451
1522953398019219,1527444727569728,0,0.154185613620828
1530719623918188,508147322683858,0,0.372200542791033
1628952527355431,1646169172322185,0,0.238095925297877
1628952527355431,991910604185166,0,0
1628952527355431,1513489878975889,0,0.222501760800422
1628952527355431,184749731865323,0,0
1628952527355431,665950596841543,0,0.223173794641658
1628952527355431,451889378329612,0,0.249307439052768
1628952527355431,489393957905197,0,0.305949249430524
1628952527355431,142489732775742,0,0.325265262234515
1628952527355431,712009595602015,0,0.25717532048527
1628952527355431,1653992801547099,0,0.289472393518657
1628952527355431,427989960731914,0,0.195228666090157
1628952527355431,1528758890748931,0,0.299730840519656
1628952527355431,1635747950032736,0,0.325320764334436
1628952527355431,1652546251661088,0,0
1628952527355431,631984013611089,0,0.30558109201937
1628952527355431,1634811676806312,0,0.272965216635225
1628952527355431,913726102016230,0,0
1628952527355431,975449605847497,0,0.228808669626681
1628952527355431,538279132989832,0,0.21060862692968
1628952527355431,878190755634253,0,0.271622693299316
1628952527355431,583936238376872,0,0.1931211403949
1628952527355431,1483723631934208,0,0.223831621077302
1628952527355431,157307111289538,0,0.245525300637741
1628952527355431,874334249323234,0,0.326925608566119
1628952527355431,906401222748379,0,0.230175340033741
1628952527355431,802887543069782,0,0.25458862556701
1628952527355431,1647507122170549,0,0.196363035612466
1628952527355431,496036427268213,0,0.243906098892175
1628952527355431,638266769648820,0,0.271101463447396
1628952527355431,192596887742760,0,0.138236013151772
1628952527355431,1676855795934448,0,0
1628952527355431,727351294066130,0,0.317382795124766
1628952527355431,1526832960967465,0,0.402257633892766
1628952527355431,1532926813694297,0,0.340728559764838
1628952527355431,1640768362814765,0,0.26896000371732
1628952527355431,1674987226048875,0,0.1761006501611
1628952527355431,617788491694733,0,0.299906019408014
1628952527355431,1014810091916125,0,0.130128302660227
1628952527355431,446234268895916,0,0.175397811856339
1628952527355431,1300065630019579,0,0.287078667556678
1628952527355431,520514754791299,0,0.183137788719555
1628952527355431,441791196018550,0,0.213106865060519
1628952527355431,863818937066030,0,0.327359525399052
1628952527355431,1712903448943953,0,0.313908575428012
1628952527355431,904360302946503,0,0.256062836454321
1628952527355431,497540377073623,0,0.328286562454892
1628952527355431,471985069655963,0,0.291054892078448
1628952527355431,1683796151836864,0,0.348776065531549
1628952527355431,1648453092109468,0,0.332612945036041
1628952527355431,1693365670899291,0,0.339880045480408
1628952527355431,911255902304156,0,0.177314858279321
1628952527355431,1625854811001049,0,0.288099430526877
1628952527355431,171069349914286,0,0
1628952527355431,883565628424262,0,0.314512211776881
1628952527355431,102406670131023,0,0.28758679804541
1628952527355431,911716662252390,0,0.169375790514343
1628952527355431,1495322954096351,0,0.294376354595749
1628952527355431,917274805030545,0,0.251825558558871
1628952527355431,959800754113122,0,0.0567463187000782
1628952527355431,1515722348739773,0,0.18769591635459
1628952527355431,1568731703380247,0,0.287192928955387
1628952527355431,451632908367634,0,0
1628952527355431,977637265608801,0,0.226456214664965
1632516320346884,1672166549701268,0,0.261074975086533
1636003713338961,142489732775742,0,0.179904400883525
1638369666436552,2147949678679083,0,0.0847685831377675
1638369666436552,424468137738057,0,0.125979777372661
1638369666436552,1516517512002547,0,0.244325934526181
1638369666436552,465988266906746,0,0.117346567079126
1638369666436552,553707154776476,0,0.165879589802863
1638369666436552,874334249323234,0,0.10738236389127
1638369666436552,977637265608801,0,0.12886468338757
1638404066448058,482838738558603,0,0.119412335193728
1638404066448058,802887543069782,0,0.188258984864562
1638404066448058,1651077358490304,0,0.135848693531482
1639584749662644,465988266906746,0,0.18774524514898
1639584749662644,874334249323234,0,0.314105908822941
1639987146252693,1512043439095614,0,0.0853723428322586
1640490862888349,406829072835666,0,0.247826685012681
1640490862888349,1676855795934448,-1,0
1640490862888349,407571132769856,0,0.184220458570985
1640490862888349,1508923892768261,0,0.219802772367055
1644463915809406,1495322954096351,0,0.446431280568045
1646841375578580,1646169172322185,0,0.191392518307885
1646841375578580,1245920382101712,0,0.181218394404221
1646841375578580,511804775649731,0,0.224519523792841
1646841375578580,904360302946503,0,0.384496152437338
1646841375578580,816885561766653,0,0.328816264690326
1646841375578580,171069349914286,0,0
1646841375578580,480518935460461,0,0
1646841375578580,982290421810279,0,0.330214011748318
1646841375578580,1515953172065039,0,0.227608938261777
1651039455150853,959800754113122,0,0.376258784328358
1651039455150853,1515953172065039,0,0.120509913735049
1654603448137988,914116092001142,0,0.415656449318234
1656655851269317,983628185032105,0,0.266945764571904
1666942073552391,406829072835666,0,0.386452383901359
1666942073552391,983628185032105,0,0.247521889538902
1667249380197549,2147949678679083,0,0.134371721909874
1667249380197549,406829072835666,0,0.142121642087428
1668948343347366,920532884705447,-1,0.254570386600032
1668948343347366,1006657816062381,-1,0
1668948343347366,1658552184361587,0,0.273048055083347
1668948343347366,1722593361302843,0,0.282419000369805
1668948343347366,1648052285418189,0,0.229854076888954
1668948343347366,1660504720886715,0,0.146472974373008
1668948343347366,1631223837143296,0,0
1668948343347366,480125172148867,0,0.155374351231107
1669211723325292,482838738558603,-1,0.17062959923207
1674156579463035,905008766246226,0,0.188951445983606
1674223596191112,1515953172065039,0,0.220108525972735
1685403541673769,494764264037412,0,0.272074365718641
1687617991524721,2147949678679083,0,0.263054309273266
1702212190009530,493719907454733,0,0.316435695919975
1702212190009530,732668420104638,0,0.0750306595640642
1702382643325689,665950596841543,0,0.392557467960918
1702382643325689,1024404200913038,0,0.418055709344154
1702382643325689,528961267266179,0,0.109935334553565
1702382643325689,985219994862772,0,0.119111762032075
1702382643325689,505814529591768,0,0.32368256136577
1702382643325689,931755086907392,0,0.472032759005623
1702382643325689,1668720313411815,0,0.448379141601193
1702382643325689,1225088244174418,0,0.45452900698581
1702382643325689,1530342330623823,0,0.235680645388833
1720652581497239,1495643027398937,-1,0.103984019325
1802021953358265,983628185032105,0,0.279057542992901
1910318259193873,424468137738057,0,0.26531784349362
1930036233887304,934638543238914,0,0.28487119506466
1930036233887304,982290421810279,0,0.27893368013519
1930036233887304,977637265608801,0,0.407592696363077
1932747286950640,546487338833694,0,0.0521582890607846
1932747286950640,1507447266249110,0,0.25945502205204
1932747286950640,959800754113122,0,0.050944621127119
1934781353412802,1097525770265879,0,0.300927122583376
2186266901513403,942502089120677,0,0.20835090791653
2186266901513403,802887543069782,0,0.172736173767601
2186266901513403,638266769648820,0,0.16685602261619
2186266901513403,1656788981261051,0,0.161285293373646
2186266901513403,843714479079121,0,0.169075093226669
2186266901513403,441791196018550,0,0.149009812302736
2186266901513403,101507700221789,0,0.188265929050032
2186266901513403,982290421810279,0,0.184178963572797
10100186504575452,625905840883347,0,0.35434643885535
10100186504575452,311755245655422,-1,0.350599660103775
10102750816468698,180347198968408,0,0.181073596441696
10103284601249614,1743389909222551,0,0.387114265689873
10103397799779096,1017664094920484,0,0.304150495544111
10103397799779096,528961267266179,0,0.0900535167563589
10103397799779096,878190755634253,0,0.271965633990485
10103397799779096,758846707577663,0,0.422896060743746
10103397799779096,1638603683071537,0,0.35640159781838
10103397799779096,1660504720886715,0,0.278686371267005
10103397799779096,863818937066030,0,0.413118326680845
10103397799779096,1000106890047849,0,0.296285578774754
10153041441842692,1514772282153569,0,0.108558358828817
10153041441842692,2111249605680682,0,0.0947491570275786
10153041441842692,805947839515103,0,0.0581960698627516
10153041441842692,1548678642090619,0,0.147118421986561
10153066498476856,1668720313411815,0,0.28522827167151
10153088552791432,1526832960967465,0,0.0919963761153045
10153088552791432,516654305161658,0,0.133591480656431
10153088552791432,617788491694733,0,0.186183821862877
10153088552791432,520514754791299,0,0.0635930090739263
10153088552791432,1709634665938326,0,0.0680147529153255
10153245622198310,1800241690202920,0,0.310335869543584
10153310309248652,1647583882159262,0,0.171840051693241
10153344650455368,995025613883488,0,0.274470360839927
10153344650455368,587786681361995,0,0.120858809971659
10153388021858882,587786681361995,0,0.180135190220818
10153414105677772,436888249849609,0,0.314253944498239
10153414105677772,714537595342870,0,0.25059222860323
10153414105677772,1521719851485619,0,0.286145366257275
10153414105677772,1862289050664286,0,0.335021403015749
10153414105677772,1683796151836864,0,0.334730827540683
10153414105677772,1629669343966047,0,0.244920044689977
10153414105677772,1492215341081260,0,0.301119773157086
10153425952533532,939849736108849,0,0.533402941128565
10153534752532024,519090021584170,0,0
10153606275521140,1513489878975889,0,0.159774174959612
10153606275521140,426995257494915,0,0.285907552823642
10153606275521140,874334249323234,0,0.178055648502512
10153606275521140,1504836836482814,0,0.191338845434757
10153606275521140,1735242010041189,0,0.202062492581853
10153606275521140,1548678642090619,0,0.250876487252408
10153606275521140,1238900219460089,0,0.269908335791174
10153623207422850,522359454596124,0,0.0655308287869922
10153623207422850,934528249967335,0,0.255315597526443
10153710102894362,942354169169687,0,0.167885049305564
10153710102894362,920532884705447,0,0.221023028177
10153710102894362,424468137738057,0,0.173092991042018
10153710102894362,180347198968408,0,0.204719172142963
10153710102894362,189292908073143,0,0.194367367171784
10153710102894362,905008766246226,0,0.217095146750063
10153710102894362,482838738558603,0,0.331850425862312
10153710102894362,411662922360897,0,0.0831122590106428
10153710102894362,496036427268213,0,0.202163930093152
10153710102894362,727351294066130,0,0.236223172983958
10153710102894362,939638432739841,0,0.229069487630309
10153710102894362,906526716092147,0,0.225920321852259
10153710102894362,936818653073726,0,0.214157382251862
10153716637132428,1483723631934208,0,0.113879274072508
10153731740018430,922971211103579,0,0.417623801907976
10153731740018430,905008766246226,0,0.40752288851673
10153731740018430,1151740234853898,0,0.226690240278728
10153731740018430,516654305161658,-1,0.545302162248811
10153731740018430,1229112313782698,0,0.459010530690534
10153731740018430,1646887362265524,0,0.299827681504424
10153751415924284,1642998415970980,0,0.351701812902405
10153751415924284,505817212923414,0,0.144594200658545
10153751415924284,883542348401279,0,0.127430248555816
10153751415924284,487623601362936,0,0.430451661015554
10153751415924284,1521719851485619,0,0.420787401710991
10153751415924284,1517636418547610,0,0.448237407811495
10153751415924284,538279132989832,0,0.0835821166104409
10153751415924284,1507447266249110,0,0.287038371319091
10153751415924284,493719907454733,0,0.0742641388185779
10153751415924284,133798883645899,0,0.103529776141493
10153751415924284,1647507122170549,0,0.0717666274288005
10153751415924284,692497527518304,0,0.204476244807234
10153751415924284,864041886997217,0,0.410129356596501
10153751415924284,1495643027398937,0,0.0948224749504728
10153751415924284,503234193169664,0,0.0717182987467812
10153751415924284,497474997090416,0,0.152405631516015
10153751415924284,931755086907392,0,0.418698724177352
10153751415924284,904360302946503,0,0.167346670743807
10153751415924284,148966468795177,0,0.347326820386594
10153751415924284,519090021584170,0,0.0859429341454617
10153751415924284,1625854811001049,0,0.138886140151312
10153751415924284,947082921995712,0,0.0508115123013153
10153751415924284,909793182438987,0,0.123182000112813
10153751415924284,177113679305241,0,0.3680209062862
10153751415924284,959800754113122,0,0.125069387476482
10153751415924284,938468589557429,0,0.424772059733988
10153784229920844,1419793634991801,-1,0.328882737249799
10153797046377316,505817212923414,0,0.0987757541414527
10153797046377316,1913467532211684,0,0.189086478505054
10153841103967164,553707154776476,0,0.225174698042346
10154517926014896,1514772282153569,0,0.3991377966432
10154517926014896,451889378329612,0,0.344655362447897
10154517926014896,1484609308508052,0,0.0844999188915637
10154517926014896,920532884705447,0,0.147959823370738
10154517926014896,1650607558527327,0,0.29367386651274
10154517926014896,1006657816062381,0,0
10154517926014896,1634811676806312,0,0.14501259854401
10154517926014896,1517636418547610,0,0.300272257123489
10154517926014896,877417562306505,0,0.087846401274365
10154517926014896,414057348785375,0,0.250047322305862
10154517926014896,1624545187788362,0,0.111497519528096
10154517926014896,494764264037412,0,0.267986076202329
10154517926014896,538279132989832,0,0.0726493857443926
10154517926014896,1728490300705380,0,0
10154517926014896,157307111289538,0,0.159179242667714
10154517926014896,892649937474491,0,0.0643756180861048
10154517926014896,147933212231456,0,0.121291651208091
10154517926014896,1521939228125097,0,0.047298729379627
10154517926014896,727351294066130,0,0.145028753254277
10154517926014896,1626927544222999,0,0.0995936734527415
10154517926014896,1696580997242512,0,0.127303663194075
10154517926014896,1674987226048875,0,0.226721692372607
10154517926014896,2111249605680682,0,0.13173815391996
10154517926014896,1643882742553367,0,0.0889906723563453
10154517926014896,148966468795177,0,0.264450147116666
10154517926014896,1671093049797551,0,0.0645499924284489
10154517926014896,980247192019033,0,0.340221896692585
10154517926014896,938658272898644,0,0.273513837662446
10154517926014896,521250551370809,0,0.0626562311958051
10154517926014896,890545864386215,0,0.15062448880138
10154517926014896,1120129624678935,0,0.124180799453906
10154517926014896,1506262806335839,0,0.261736433605565
10154517926014896,977637265608801,0,0.101095808996356
10154524365635200,942354169169687,0,0.389092977524384
10154524365635200,398686067005910,0,0.417593224152119
10154524365635200,985219994862772,0,0.120528121546394
10156254955480254,199405303727652,0,0.210767351194572
10156254955480254,2111249605680682,0,0.0662969317366645
10156321553805612,1660504720886715,0,0.324348067747313
10200902674007276,963826993656703,0,0.155024790963392
10201015086295200,587786681361995,0,0.123573836432716
10201015086295200,1640768362814765,0,0.312534414709887
10201015086295200,511804775649731,-1,0.244791076344875
10201186044170432,1647507122170549,0,0.158887376716469
10201268432310336,1500362113591255,-1,0.286081829305824
10203577386353640,522359454596124,0,0.201171984664944
10203577386353640,1528758890748931,0,0.165017845410446
10203577386353640,1722593361302843,0,0.138225457800019
10203577386353640,171967523146277,0,0.151728613526186
10203577386353640,736325763177454,0,0.205165027297264
10203670881130844,347861952089823,0,0.212644330112814
10203670881130844,587786681361995,0,0.130140376894162
10203678931132960,595595830581398,0,0.180065466787791
10203678931132960,406829072835666,0,0.285662735390187
10203678931132960,1043554092355578,0,0.157168875935395
10203766654366184,785327294945736,0,0.27722293239801
10204729072301058,975449605847497,0,0.443304027956729
10204997278839772,451889378329612,0,0.233247275786388
10204997278839772,920532884705447,0,0.30467294708215
10204997278839772,2147949678679083,0,0.273297997632978
10204997278839772,192475747754735,0,0.332979441883315
10204997278839772,995025613883488,0,0.279798448562629
10204997278839772,857622540975972,-1,0.349945602029902
10204997278839772,147933212231456,0,0.226926961050599
10204997278839772,901441069942273,0,0.173916554114686
10204997278839772,134204513609045,0,0.250411763387782
10204997278839772,1708970406004977,0,0.277345889441703
10204997278839772,1105684389456261,0,0.197480208072325
10204997278839772,1712903448943953,0,0.266689594885429
10204997278839772,1008718879187726,0,0.27939965987556
10205548979939908,932318536854763,0,0.0346140080915369
10205718333372740,183697085309052,0,0.37352472874937
10205719556888440,424468137738057,0,0.328759412888278
10205719556888440,1651077358490304,0,0.307597767087183
10206676763871176,141783372845728,0,0.370707680082247
10206676763871176,494764264037412,0,0.2555854074632
10206676763871176,1163434467004393,0,0.296445367088222
10206676763871176,758846707577663,0,0.413122096000419
10206676763871176,785327294945736,0,0.251460001548661
10206676763871176,955987737813861,0,0.267890590322186
10206769779817844,522359454596124,0,0.0844938838423046
10206769779817844,934528249967335,0,0.250552136106279
10206769779817844,1539218623005421,0,0.351446420306799
10206769779817844,1660504720886715,0,0.273624055248495
10206906030262832,1675390636081561,0,0.19306166025071
10206931739944972,920532884705447,0,0.232662166846553
10206931739944972,424468137738057,0,0.206095557769529
10206931739944972,1521719851485619,0,0.340413728617395
10206931739944972,1420029494955927,-1,0.120869387145659
10206931739944972,117378128624899,0,0.0734503544449505
10206931739944972,489692841197214,0,0.174981290948895
10206931739944972,931755086907392,0,0.412631014658899
10206931739944972,1625854811001049,0,0.279795770186653
10206931739944972,177113679305241,0,0.371692251983631
10206931739944972,917019075034839,0,0.213033716438073
10206933236042764,522359454596124,-1,0.339459871888751
10207020555863952,148966468795177,0,0.0964002179530742
10207132453048284,1506351686359278,0,0.232776142231657
10207132453048284,1650760668536515,0,0.161806335564836
10207132453048284,465988266906746,0,0.150129377650665
10207132453048284,1722593361302843,0,0.197898391097851
10207132453048284,482838738558603,0,0.183697035226538
10207132453048284,587786681361995,0,0.047593228934505
10207132453048284,983628185032105,0,0.041941993829459
10207132453048284,1640768362814765,0,0.137155553309487
10207132453048284,805947839515103,0,0.0632686103551478
10207132453048284,177113679305241,0,0.18156470576531
10207132453048284,1743389909222551,0,0.181485894312619
10207251346258638,1674089026164377,0,0.221898474441399
10207251346258638,436888249849609,0,0.29611869113384
10207251346258638,714537595342870,0,0.418698477617548
10207808222461364,609445715860145,0,0.346293772000944
10207808222461364,505817212923414,0,0.293676859593953
10207808222461364,1667371076875337,0,0.424560050475748
10207808222461364,1513489878975889,0,0.13277040305479
10207808222461364,527385800759438,0,0.227711923624649
10207808222461364,426995257494915,0,0.17530271322159
10207808222461364,347861952089823,0,0.297239906790808
10207808222461364,190853124587106,0,0.262226393573088
10207808222461364,522359454596124,0,0.32915031174601
10207808222461364,1641671362774614,0,0.367771341484655
10207808222461364,1017664094920484,0,0.190734514459923
10207808222461364,429444030594966,0,0.402010842955902
10207808222461364,1638960129727035,0,0.17332398826879
10207808222461364,1676329352608101,0,0.224330563553603
10207808222461364,857622540975972,0,0.379007876709556
10207808222461364,975449605847497,0,0.244017342418524
10207808222461364,1722593361302843,0,0.295795163726274
10207808222461364,528961267266179,0,0
10207808222461364,157307111289538,0,0.361768139792016
10207808222461364,608762552594198,0,0.284032469618599
10207808222461364,553707154776476,0,0.353403513179193
10207808222461364,874334249323234,0,0.275324728338248
10207808222461364,1714914705410262,0,0.355181340813848
10207808222461364,914116092001142,0,0.420869501243757
10207808222461364,1686890481593187,0,0.328597921375309
10207808222461364,617788491694733,0,0.219748020886843
10207808222461364,1708970406004977,0,0.360723079264948
10207808222461364,1524682541185172,0,0.116747990912437
10207808222461364,147836405575804,0,0.403624204098058
10207808222461364,1233837203309392,0,0.17325237474416
10207808222461364,923349974411842,0,0
10207808222461364,177113679305241,0,0.181788520044828
10207808222461364,1502067896755875,0,0.205756023650309
10207808222461364,1495322954096351,0,0.373759680194226
10207808222461364,1524356571207831,0,0.177084666649059
10207808222461364,982290421810279,0,0.297497173320156
10207898863450544,1513489878975889,0,0.135522177302124
10207898863450544,587786681361995,0,0.0476428431973221
10207898863450544,157307111289538,0,0.220033486636627
10207898863450544,1647507122170549,0,0.08762712323821
10207898863450544,982290421810279,0,0.165799470377316
10207963509542492,424468137738057,0,0.265709738079159
10207963509542492,934528249967335,0,0.347348558019986
10208234558489760,942354169169687,0,0.410269395029802
10208234558489760,714537595342870,0,0.340952279731061
10208234558489760,420322011496986,0,0.276871422078013
10208234558489760,1521719851485619,0,0.406828382653043
10208234558489760,587786681361995,0,0
10208234558489760,1523121838001924,0,0.317171070298569
10208234558489760,199405303727652,0,0.350468482541192
10208234558489760,1532926813694297,0,0.341896162759197
10208234558489760,112055882496156,0,0.358038140683678
10208234558489760,1225088244174418,0,0.318723215116182
10208234558489760,183697085309052,0,0.377814366560921
10208238589109344,508147322683858,0,0.361601485739348
10208238589109344,1647507122170549,0,0.32307833783906
10208734314814326,1650607558527327,0,0.301479629894759
