"userID","eventID","status"
10208234558489760,1162044413810114,1
769990746444431,1504836836482814,1
412039719004284,553707154776476,1
175831896097425,564214203736354,1
523483477808212,1647507122170549,1
1725778104317661,482838738558603,1
666390466796788,1672166549701268,1
457613797776937,1515953172065039,1
873366629437441,857622540975972,1
469001606618204,157307111289538,1
515246135302389,406829072835666,1
1674156579463035,406829072835666,1
191860567816048,1517252088592543,1
867462980017143,538279132989832,1
1138971446113805,482838738558603,1
127899517575510,857622540975972,1
10207963509542492,157307111289538,1
594932890644869,1698245300413118,1
1505969059702279,347861952089823,1
556386637852586,189594248051014,1
10208078682148132,482838738558603,1
10153868264978394,1229112313782698,1
10207963509542492,1625854811001049,1
1501856920142105,427989960731914,1
921575151231746,959475154113973,1
10207127847588396,975449605847497,1
726783144121341,587786681361995,1
1523529171293144,505404526303554,1
536429096515668,553707154776476,1
489106891271298,874334249323234,1
742711882501236,1514772282153569,1
10153245622198310,1623749834542763,1
10153041441842692,874835075904840,1
867080830071921,983628185032105,1
742711882501236,1641671362774614,1
1660743537535575,905008766246226,1
837784366335198,157307111289538,1
10153751415924284,1515953172065039,1
594932890644869,1708970406004977,1
184243938587150,496036427268213,1
1802021953358265,975449605847497,1
10205719556888440,995025613883488,1
1138971446113805,1708970406004977,1
1638369666436552,1035314519836199,1
1666942073552391,977637265608801,1
1492058511100215,1483723631934208,1
742711882501236,995025613883488,1
450738748448749,1800241690202920,1
10208059095264416,1225088244174418,1
742711882501236,947082921995712,1
540261832809791,171069349914286,1
1658807861043817,406829072835666,1
1523731894619534,587786681361995,1
1057105014307763,1676329352608101,1
1505969059702279,982290421810279,1
872186099559377,802887543069782,1
879377685511426,2111249605680682,1
634638469972286,1515953172065039,1
777401619073114,982290421810279,1
548892231931724,414057348785375,1
1207500492600083,494764264037412,1
10100186504575452,141783372845728,1
1262477510445433,553707154776476,1
431568943719678,503234193169664,1
1110211555664753,482838738558603,1
10208020264844684,985219994862772,1
1264816113545179,2147949678679083,1
10154517926014896,857622540975972,1
10153633400425090,1521068511540029,1
10153414105677772,420322011496986,1
515246135302389,634117280063183,1
1641268906161436,509992435843792,1
742711882501236,1667371076875337,1
184243938587150,1667371076875337,1
189917894683001,1504836836482814,1
1654603448137988,1507447266249110,1
656073034532759,2147949678679083,1
771151099681189,1505314403101681,1
641011606001289,775060535938975,1
127899517575510,551504168321268,1
10153737899247416,545198285638570,1
473057772881230,1676521435919011,1
1628952527355431,1419793634991801,1
1110211555664753,1490608407901635,1
1008365305886176,1512043439095614,1
666390466796788,519090021584170,1
1723085601253037,426995257494915,1
484056645108661,934528249967335,1
742711882501236,587786681361995,1
878544422259357,905008766246226,1
901162646645061,1643381175903642,1
737701309662788,460003130868144,1
1492058511100215,411662922360897,1
641011606001289,1017664094920484,1
10201015086295200,494764264037412,1
144691249221157,983628185032105,1
1653587124920347,595595830581398,1
495668803924783,587786681361995,1
1517580485219420,1035314519836199,1
742711882501236,1650607558527327,1
171160366569555,638776259596185,1
1635523966717207,411662922360897,1
1216804721669942,519090021584170,1
1240794062603397,553707154776476,1
1076260289050641,1618375311754579,1
1663033437300136,802887543069782,1
470525663152772,1635667590055386,1
975970165801193,857622540975972,1
853789684741589,1635667590055386,1
1059452377407822,1683796151836864,1
500861113420487,1035314519836199,1
1521769931482549,157307111289538,1
572161542937082,905008766246226,1
1646438118961908,192475747754735,1
449445798585494,482838738558603,1
1216804721669942,1514772282153569,1
10102750816468698,553707154776476,1
1654603448137988,1483723631934208,1
1654603448137988,117378128624899,1
901162646645061,1722593361302843,1
1497516140543169,802887543069782,1
10153350961903406,1521068511540029,1
1667642960158946,934528249967335,1
1640490862888349,482838738558603,1
1666942073552391,511804775649731,1
1503297083304581,1643381175903642,1
904674892934101,157307111289538,1
466007660245159,634117280063183,1
529452507222509,157307111289538,1
1523529171293144,1661877344092892,1
484346231726681,802887543069782,1
154711438221800,1658552184361587,1
188774291465079,587786681361995,1
10153350961903406,1419793634991801,1
10205719556888440,460003130868144,1
493132844181060,1648052285418189,1
541041122729517,587786681361995,1
1658807861043817,117378128624899,1
10205718333372740,625905840883347,1
10203630983613656,795999260515174,1
1666942073552391,508147322683858,1
1216804721669942,505817212923414,1
1716829768546132,982290421810279,1
878544422259357,1656401337951247,1
1492874941014083,1118925088119512,1
898788390170824,905008766246226,1
921575151231746,802887543069782,1
1663033437300136,508147322683858,1
496744447165828,148966468795177,1
758037080968079,1514772282153569,1
714714581993034,795999260515174,1
1649583141928958,1573780222895939,1
657825667692595,893238854063197,1
716852681749650,1483723631934208,1
142515806113859,983628185032105,1
874434149330288,553707154776476,1
1521130751535783,983628185032105,1
10154517926014896,905008766246226,1
10153737899247416,1647213525551952,1
542864939199605,511804775649731,1
10153425952533532,1650607558527327,1
1523529171293144,1517252088592543,1
1530719623918188,157307111289538,1
1094488220561389,156832861335620,1
183303732011968,508147322683858,1
1654603448137988,1640768362814765,1
520184324811726,1647507122170549,1
535834386574516,890545864386215,1
1730701060492919,1643381175903642,1
1510819109244921,931978370186855,1
171160366569555,424468137738057,1
771151099681189,553707154776476,1
567767733372047,1284046531620841,1
10153004755491600,1225088244174418,1
771505632953533,1573780222895939,1
10203630983613656,455637751283813,1
1505969059702279,192475747754735,1
1730701060492919,867754930012766,1
1520683351575003,1162044413810114,1
771505632953533,874334249323234,1
825568154218668,1557137024539335,1
1719199448311480,175717846112495,1
218413778490224,857622540975972,1
133858413643559,905008766246226,1
1143885928974082,795999260515174,1
777188089076714,1517636418547610,1
166359100384831,424468137738057,1
726783144121341,1195426057139585,1
1667642960158946,1635747950032736,1
879377685511426,148966468795177,1
1668948343347366,553707154776476,1
585266574953652,983628185032105,1
1647618032193437,482838738558603,1
1520152658305066,406829072835666,1
931874233549485,802887543069782,1
539229266235695,874334249323234,1
10201144172402116,1650760668536515,1
1214706241878014,796359963823801,1
1491255821203825,799758883446991,1
1520722144905458,502407396600024,1
1521273348199107,802887543069782,1
507563852747117,802887543069782,1
1520683351575003,1516517512002547,1
515246135302389,608762552594198,1
2186266901513403,406829072835666,1
10153731740018430,1521719851485619,1
191860567816048,1648052285418189,1
713353622129100,934528249967335,1
719855601482008,428507854007363,1
10203630983613656,1515953172065039,1
1111298315547827,1743389909222551,1
170919729923576,496036427268213,1
414349972092722,925268004218508,1
10153310309248652,1701251846786746,1
1512416739084866,171069349914286,1
10201186044170432,982290421810279,1
773330646112734,1483723631934208,1
1503297083304581,1660504720886715,1
1572121796367964,511804775649731,1
527814970726131,455637751283813,1
10153088552791432,192596887742760,1
148379555518355,1254733711210840,1
1492874941014083,494764264037412,1
1512416739084866,1661242774134560,1
872186099559377,587786681361995,1
172315433118941,905008766246226,1
1240794062603397,519090021584170,1
10206591154950032,551504168321268,1
457613797776937,931978370186855,1
1635523966717207,553707154776476,1
535137073315462,977637265608801,1
10205166958160524,564214203736354,1
540866352746073,905008766246226,1
1148198225209949,886099961445115,1
901162646645061,1515953172065039,1
1668948343347366,508147322683858,1
849896485129765,414057348785375,1
496733093842097,117378128624899,1
1501856920142105,874334249323234,1
1216804721669942,492973564196201,1
1646438118961908,1035314519836199,1
10102750816468698,505814529591768,1
10156254955480254,487623601362936,1
1655146798087250,905008766246226,1
594932890644869,1625854811001049,1
1654603448137988,2147949678679083,1
731425573668695,1647784098809527,1
931874233549485,406829072835666,1
152514838439215,406829072835666,1
984657964940720,1698245300413118,1
449445798585494,1647507122170549,1
1240794062603397,494764264037412,1
523483477808212,587786681361995,1
777401619073114,587786681361995,1
780538515424612,802887543069782,1
454659104742450,874334249323234,1
567767733372047,1623749834542763,1
1240794062603397,406829072835666,1
1503297083304581,133798883645899,1
1110211555664753,553707154776476,1
10153784229920844,398686067005910,1
414349972092722,1683796151836864,1
594268804047130,1705848732980878,1
1138971446113805,1089433731068972,1
1663033437300136,905008766246226,1
556386637852586,424468137738057,1
450738748448749,805947839515103,1
432862853587844,1515953172065039,1
726783144121341,519090021584170,1
527814970726131,874334249323234,1
1512808485683180,995025613883488,1
902569216444779,905008766246226,1
10208059095264416,1492215341081260,1
1640739022870216,919883004725577,1
154711438221800,1507447266249110,1
1639584749662644,1515953172065039,1
1666942073552391,1515953172065039,1
1635523966717207,2147949678679083,1
1668861940027419,2111249605680682,1
1633352696938851,802887543069782,1
10201186044170432,494764264037412,1
10153059125551986,1229112313782698,1
874434149330288,1621002981483264,1
438497626347417,802887543069782,1
837784366335198,1647507122170549,1
1932747286950640,931978370186855,1
1520683351575003,1516028465387070,1
1023610744370161,617788491694733,1
542864939199605,959800754113122,1
617314225074105,1530342330623823,1
10203678931132960,157307111289538,1
1059452377407822,1530342330623823,1
1068552076511289,1674987226048875,1
10201144172402116,2147949678679083,1
641011606001289,189594248051014,1
10153737899247416,955987737813861,1
503202219861778,157307111289538,1
140561939637308,995025613883488,1
127899517575510,414057348785375,1
742674219199963,802887543069782,1
1207357345948032,1484609308508052,1
10207933931007486,1136662996361958,1
1660688707503183,1517636418547610,1
10201144172402116,1641671362774614,1
188622934811728,511804775649731,1
643772309097071,482838738558603,1
1492874941014083,874334249323234,1
1200835986609754,1720336314866386,1
984657964940720,874334249323234,1
10153751415924284,497540377073623,1
152514838439215,414057348785375,1
10153669267841768,905008766246226,1
552519028236898,1621002981483264,1
886757811432114,1035314519836199,1
10208623231044876,1006657816062381,1
191860567816048,1506262806335839,1
10153059125551986,487623601362936,1
1687268201496255,874334249323234,1
10153066498476856,857622540975972,1
878544422259357,1659661840956158,1
1653587124920347,587786681361995,1
1503297083304581,183580841988156,1
719855601482008,1495643027398937,1
717903011675029,503234193169664,1
10205683042099392,1504836836482814,1
10153751415924284,1477651862560133,1
10206906030262832,1674987226048875,1
1113728978638145,914116092001142,1
10153425952533532,1229112313782698,1
140645352966158,1035314519836199,1
434633080062354,157307111289538,1
497776730383774,441791196018550,1
139493729744950,1676855795934448,1
1198079436883830,1507447266249110,1
1654603448137988,979761405403606,1
1641268906161436,795999260515174,1
626469317493279,465988266906746,1
551934978296072,1516517512002547,1
407511526113695,858613124201123,1
1646438118961908,496036427268213,1
1050335081664729,511804775649731,1
758271054278851,1483723631934208,1
450738748448749,455637751283813,1
788317357957045,1515953172065039,1
758271054278851,905008766246226,1
442822525920982,874835075904840,1
10153310309248652,489692841197214,1
191768501165993,157307111289538,1
1490465341258092,583936238376872,1
777188089076714,505404526303554,1
1918074828416926,922971211103579,1
1061161753902230,995025613883488,1
1520722144905458,939849736108849,1
1663033437300136,406829072835666,1
10206906030262832,1743389909222551,1
143762049315634,1483723631934208,1
1216804721669942,1530342330623823,1
184243938587150,802887543069782,1
1649583141928958,905008766246226,1
10203670881130844,2147949678679083,1
191860567816048,1621002981483264,1
10203702016269164,905008766246226,1
508592469316630,874334249323234,1
1685403541673769,985219994862772,1
1057105014307763,538279132989832,1
411111455752491,830956830352088,1
173533356327149,587786681361995,1
1648463938763389,157307111289538,1
1505969059702279,441791196018550,1
777401619073114,1676855795934448,1
1517580485219420,977637265608801,1
10153731740018430,714537595342870,1
1512416739084866,1483723631934208,1
499389476898835,147933212231456,1
1663033437300136,874334249323234,1
513601645466348,982290421810279,1
1934781353412802,587786681361995,1
447314352120923,617788491694733,1
10153728221469138,511804775649731,1
1666942073552391,587786681361995,1
449296218608148,982290421810279,1
726783144121341,1621002981483264,1
551934978296072,1708970406004977,1
844371862346731,857622540975972,1
128541460842924,511804775649731,1
417376031789328,874334249323234,1
666390466796788,411662922360897,1
136742366687500,424468137738057,1
184243938587150,977637265608801,1
10153716637132428,905008766246226,1
1521273348199107,527385800759438,1
452102751642373,1525089304475624,1
1094488220561389,491548331013231,1
849896485129765,982290421810279,1
513903832121776,795999260515174,1
189917894683001,1667371076875337,1
10153710102894362,508147322683858,1
10201015086295200,553707154776476,1
452102751642373,1676329352608101,1
467894660064257,1676855795934448,1
641011606001289,1120129624678935,1
546639112159022,802887543069782,1
170919729923576,171069349914286,1
1111298315547827,975449605847497,1
1521110631534260,157307111289538,1
1648463938763389,1552412775048787,1
625758314229025,1658552184361587,1
10207127847588396,1647507122170549,1
10153784229920844,411662922360897,1
10208238589109344,424468137738057,1
742711882501236,1635747950032736,1
1656655851269317,587786681361995,1
1503297083304581,497540377073623,1
10206906030262832,487623601362936,1
484056645108661,920532884705447,1
755583684588001,411662922360897,1
844371862346731,192475747754735,1
10103284601249614,482838738558603,1
10102750816468698,482838738558603,1
758271054278851,975449605847497,1
585266574953652,511804775649731,1
10201144172402116,1635747950032736,1
10203766654366184,1151740234853898,1
728066947338277,587786681361995,1
844371862346731,914116092001142,1
1930036233887304,157307111289538,1
431568943719678,587786681361995,1
508149802696009,1635747950032736,1
1654603448137988,1621002981483264,1
1524582311198491,1515953172065039,1
10207898863450544,426995257494915,1
1667249380197549,1640326062879659,1
1667642960158946,857622540975972,1
500427516800893,553707154776476,1
501292240049036,802887543069782,1
139493729744950,587786681361995,1
737701309662788,403409569850856,1
513601645466348,874334249323234,1
140561939637308,983628185032105,1
450738748448749,982290421810279,1
10207933931007486,1225088244174418,1
10203630983613656,1530342330623823,1
1730701060492919,465988266906746,1
1716829768546132,503234193169664,1
107867549584992,883565628424262,1
10153731740018430,199405303727652,1
10208734314814326,311755245655422,1
1078847258822654,995025613883488,1
585266574953652,874334249323234,1
2186266901513403,508147322683858,1
542351085930522,1607843346160408,1
431568943719678,874334249323234,1
1688923641330525,406829072835666,1
1658807861043817,1035314519836199,1
496744447165828,911716662252390,1
10208430697551840,519090021584170,1
1655146798087250,411662922360897,1
191768501165993,802887543069782,1
742711882501236,1507447266249110,1
507563852747117,406829072835666,1
837784366335198,1495322954096351,1
10208623231044876,482838738558603,1
10153669267841768,1743389909222551,1
10153841103967164,411662922360897,1
493639604146555,499466390227177,1
1668861940027419,1035314519836199,1
515246135302389,499466390227177,1
10206906030262832,758846707577663,1
1486654704975542,905008766246226,1
1522484031407199,874334249323234,1
1014016165306228,1035314519836199,1
501292240049036,995025613883488,1
1934781353412802,905008766246226,1
1486654704975542,1519010425083454,1
1719199448311480,1647507122170549,1
984657964940720,1530342330623823,1
434654790068060,496036427268213,1
944607878967433,545198285638570,1
1628952527355431,892649937474491,1
1015583565168117,905008766246226,1
1240794062603397,1708970406004977,1
572161542937082,770446929732029,1
895933887181307,1162044413810114,1
711196992346902,587786681361995,1
625758314229025,157307111289538,1
1216804721669942,1512043439095614,1
193016494372691,545198285638570,1
797901256985747,482838738558603,1
1725778104317661,553707154776476,1
1663033437300136,795999260515174,1
556386637852586,148966468795177,1
10205548979939908,874835075904840,1
1503297083304581,785083881617402,1
1200835986609754,157307111289538,1
10204997278839772,875491222558206,1
1628952527355431,114129678945593,1
417376031789328,508147322683858,1
1522953398019219,157307111289538,1
10153310309248652,482838738558603,1
1654603448137988,1651077358490304,1
719855601482008,983628185032105,1
1188607327823189,905008766246226,1
1262477510445433,857622540975972,1
170919729923576,802887543069782,1
10204729072301058,864041886997217,1
500427516800893,511804775649731,1
1050335081664729,595595830581398,1
10153731740018430,1532926813694297,1
731425573668695,982290421810279,1
513180892180206,1658552184361587,1
1197133633636680,1635747950032736,1
785329451596424,963826993656703,1
944607878967433,1557137024539335,1
771151099681189,906639566051815,1
10153059125551986,1683796151836864,1
10206906030262832,482838738558603,1
1497516140543169,795999260515174,1
1520683351575003,540286862788351,1
491323391040278,1650760668536515,1
719855601482008,511804775649731,1
1636003713338961,482838738558603,1
193719064300608,528961267266179,1
1934781353412802,934528249967335,1
10208059095264416,714537595342870,1
10153751415924284,436888249849609,1
139493729744950,1656401337951247,1
10153841103967164,482838738558603,1
742711882501236,1647213525551952,1
1666942073552391,890966060986998,1
559615954200736,587786681361995,1
719855601482008,1649497315327916,1
432862853587844,182639612078173,1
1512808485683180,482838738558603,1
128541460842924,1527444727569728,1
1512808485683180,764835670294999,1
10204592990854242,1650760668536515,1
987728801294374,1647583882159262,1
189917894683001,406829072835666,1
551934978296072,587786681361995,1
1197133633636680,406829072835666,1
742711882501236,1708970406004977,1
797901256985747,1676855795934448,1
533004343519772,906401222748379,1
837784366335198,511804775649731,1
527814970726131,934528249967335,1
1647618032193437,802887543069782,1
189917894683001,1495218810806969,1
587710671382257,482838738558603,1
1633105003608340,1035314519836199,1
553710531444429,985219994862772,1
656073034532759,117378128624899,1
1732962863593662,511804775649731,1
10208020264844684,1521719851485619,1
171160366569555,857622540975972,1
1264816113545179,511804775649731,1
841149452697791,157307111289538,1
1512416739084866,1647507122170549,1
508149802696009,1708970406004977,1
10207020555863952,905008766246226,1
1666942073552391,1516028465387070,1
112036512495862,795999260515174,1
170919729923576,1647507122170549,1
1068552076511289,758846707577663,1
118907701812571,982290421810279,1
1723085601253037,522546991255308,1
10207898863450544,796359963823801,1
188622934811728,1681056058808309,1
10203670881130844,157307111289538,1
535137073315462,511804775649731,1
10153747645909914,982290421810279,1
167105196975226,857622540975972,1
1521273348199107,508147322683858,1
1719199448311480,1672166549701268,1
141680539527313,1006657816062381,1
484346231726681,1515953172065039,1
10204997278839772,471379523018564,1
1638369666436552,1077965492215167,1
895933887181307,1621002981483264,1
742711882501236,553707154776476,1
1111298315547827,311755245655422,1
714714581993034,1712903448943953,1
493639604146555,406829072835666,1
1633352696938851,1676855795934448,1
769990746444431,874334249323234,1
10207808222461364,1660504720886715,1
1207500492600083,955987737813861,1
414599392078162,1643381175903642,1
10153751415924284,874835075904840,1
496733093842097,983628185032105,1
450037791864047,1515953172065039,1
1015583565168117,1548678642090619,1
542864939199605,1722593361302843,1
10203630983613656,1162044413810114,1
1501856920142105,508147322683858,1
773330646112734,983628185032105,1
886757811432114,482838738558603,1
10153201469391724,482838738558603,1
427463854124684,1245920382101712,1
1512416739084866,1521483178178527,1
1068552076511289,491548331013231,1
1209944535689463,157307111289538,1
742674219199963,1647507122170549,1
10153041441842692,482838738558603,1
1240794062603397,1719877178240884,1
10153731740018430,1024404200913038,1
427463854124684,857622540975972,1
10201186044170432,1650760668536515,1
191477854524248,1006657816062381,1
1523529171293144,977637265608801,1
142881026070824,874835075904840,1
143762049315634,625905840883347,1
10207963509542492,1502067896755875,1
753474001425882,857622540975972,1
1222781891072378,883542348401279,1
1014016165306228,802887543069782,1
421832248016283,1743389909222551,1
10203630983613656,148966468795177,1
181197955557698,465988266906746,1
10206906030262832,406829072835666,1
166359100384831,905008766246226,1
926381767410064,587786681361995,1
10153731740018430,1862289050664286,1
895933887181307,414057348785375,1
457613797776937,985219994862772,1
626469317493279,406829072835666,1
1635523966717207,148966468795177,1
171534213198113,511804775649731,1
139493729744950,795999260515174,1
755583684588001,874835075904840,1
534795423351077,587786681361995,1
10200902674007276,424468137738057,1
527814970726131,2147949678679083,1
10208020264844684,1162044413810114,1
10208430697551840,494764264037412,1
1687617991524721,1530342330623823,1
604517696354265,424468137738057,1
412039719004284,1495643027398937,1
626469317493279,2147949678679083,1
10205166958160524,1862289050664286,1
10208238589109344,489393957905197,1
127899517575510,1006657816062381,1
170919729923576,1035314519836199,1
870590129714745,1698245300413118,1
1666942073552391,157307111289538,1
1209944535689463,1722593361302843,1
987728801294374,955987737813861,1
539326799554165,508147322683858,1
491323391040278,1523381281314094,1
188622934811728,1515953172065039,1
10205719556888440,505817212923414,1
932468050179679,609445715860145,1
527814970726131,1517636418547610,1
1725778104317661,875491222558206,1
10206940758694626,199405303727652,1
1110211555664753,406829072835666,1
434633080062354,505404526303554,1
10102750816468698,1419793634991801,1
886757811432114,802887543069782,1
1138971446113805,147933212231456,1
515246135302389,587786681361995,1
10207918056730800,1136662996361958,1
847450522035365,1672166549701268,1
534795423351077,406829072835666,1
457613797776937,157307111289538,1
1031703450185040,1708970406004977,1
10205718333372740,311755245655422,1
1655146798087250,471379523018564,1
10156191108435322,494764264037412,1
1520152658305066,455637751283813,1
773330646112734,995025613883488,1
1076260289050641,503234193169664,1
1079563472063025,1035314519836199,1
1505969059702279,1495218810806969,1
140645352966158,1517252088592543,1
1658349747755273,1656401337951247,1
1512808485683180,406829072835666,1
1517580485219420,587786681361995,1
473057772881230,665950596841543,1
836540786464709,411662922360897,1
10153534752532024,426995257494915,1
926381767410064,983628185032105,1
128541460842924,1530342330623823,1
534795423351077,511804775649731,1
604517696354265,423717384415158,1
10203630983613656,608762552594198,1
1530719623918188,959800754113122,1
127899517575510,1517636418547610,1
779761258836576,975449605847497,1
1061161753902230,1635747950032736,1
1007278812646797,157307111289538,1
189917894683001,455637751283813,1
1628952527355431,1164280260255705,1
542351085930522,1703776966504174,1
143762049315634,728667207277026,1
449445798585494,505817212923414,1
701059946694911,494764264037412,1
1522484031407199,587786681361995,1
540866352746073,802887543069782,1
10153310309248652,931978370186855,1
469001606618204,1568731703380247,1
1486654704975542,1118925088119512,1
744647905668436,1078098455568197,1
771151099681189,538279132989832,1
10207918056730800,183697085309052,1
892618300854855,1483723631934208,1
1640490862888349,1653992801547099,1
594268804047130,326413324149212,1
10207127847588396,1743389909222551,1
10208020264844684,741573269308723,1
450037791864047,508147322683858,1
1523731894619534,1515953172065039,1
10153623207422850,991910604185166,1
499389476898835,1495322954096351,1
520184324811726,1530342330623823,1
587710671382257,406829072835666,1
945132885542349,1676855795934448,1
1730701060492919,1035314519836199,1
173533356327149,874334249323234,1
10153245622198310,758846707577663,1
489106891271298,587786681361995,1
10153751415924284,1162044413810114,1
931874233549485,874334249323234,1
1520683351575003,1006657816062381,1
870590129714745,1717752625120818,1
484056645108661,1722593361302843,1
1262477510445433,424468137738057,1
10153623207422850,482838738558603,1
10153731740018430,112055882496156,1
1668948343347366,157307111289538,1
519899301512791,1105684389456261,1
529452507222509,587786681361995,1
510174425812339,802887543069782,1
132782073751593,785327294945736,1
10208234558489760,411662922360897,1
870894306359712,1530342330623823,1
10207918056730800,545198285638570,1
10153245622198310,1487338478240415,1
904674892934101,906526716092147,1
698375650299059,767175890075974,1
10201144172402116,1507447266249110,1
1512416739084866,764835670294999,1
171950143153804,802887543069782,1
1646438118961908,727351294066130,1
726783144121341,995025613883488,1
756387537820954,1515953172065039,1
10208020264844684,426995257494915,1
1716829768546132,511804775649731,1
10205683042099392,1530342330623823,1
10153710102894362,554566951363535,1
520184324811726,508147322683858,1
737701309662788,411662922360897,1
10203678931132960,905008766246226,1
507563852747117,527385800759438,1
551059868404585,1647507122170549,1
10153751415924284,1658388237753858,1
1646438118961908,2147949678679083,1
421832248016283,890545864386215,1
643772309097071,455637751283813,1
10103397799779096,785083881617402,1
1640490862888349,1646169172322185,1
10207933931007486,925268004218508,1
779761258836576,508147322683858,1
563887893777068,1515953172065039,1
10153633400425090,1862289050664286,1
1059452377407822,985219994862772,1
10153813028960160,1521719851485619,1
840799026032607,850447408407557,1
10207933931007486,785327294945736,1
508149802696009,493719907454733,1
1730701060492919,1516028465387070,1
548892231931724,1530342330623823,1
1200835986609754,511804775649731,1
10153868264978394,511804775649731,1
10153731740018430,545198285638570,1
140645352966158,874334249323234,1
922282511184349,482838738558603,1
10153276223956818,764835670294999,1
1521769931482549,527385800759438,1
1674223596191112,982290421810279,1
523483477808212,802887543069782,1
1188607327823189,920532884705447,1
1262477510445433,995025613883488,1
148379555518355,1653260184922609,1
1501856920142105,157307111289538,1
1628952527355431,725340260922835,1
542864939199605,906526716092147,1
1198079436883830,1502150523415752,1
587710671382257,905008766246226,1
10207918056730800,805947839515103,1
1567953666779823,1681056058808309,1
975970165801193,1800241690202920,1
1930036233887304,1078098455568197,1
904674892934101,942502089120677,1
183740808638809,427989960731914,1
10203577386353640,1635747950032736,1
183303732011968,795999260515174,1
183740808638809,424468137738057,1
412039719004284,1517252088592543,1
188932614781344,182639612078173,1
519899301512791,890966060986998,1
140645352966158,2111249605680682,1
490917987736402,511804775649731,1
1111298315547827,497540377073623,1
1647618032193437,2147949678679083,1
10207127847588396,157307111289538,1
785329451596424,1708970406004977,1
433606973494655,494764264037412,1
10208623231044876,471985069655963,1
520184324811726,1676855795934448,1
10153710102894362,148966468795177,1
987728801294374,1683796151836864,1
1216804721669942,1515953172065039,1
192136344460462,796359963823801,1
133858413643559,406829072835666,1
10207132453048284,406829072835666,1
742711882501236,1517636418547610,1
407083886168985,1643381175903642,1
1138971446113805,587786681361995,1
10153731740018430,505814529591768,1
188622934811728,1661242774134560,1
1668948343347366,1213165988698115,1
849872261794922,553707154776476,1
551934978296072,977637265608801,1
572161542937082,1674089026164377,1
1503297083304581,1635747950032736,1
510392759134995,553707154776476,1
726783144121341,1698245300413118,1
643772309097071,1635747950032736,1
698375650299059,1523381281314094,1
551059868404585,587786681361995,1
1666942073552391,1035314519836199,1
148379555518355,1709634665938326,1
10153841103967164,147933212231456,1
450738748448749,494764264037412,1
895933887181307,455637751283813,1
527814970726131,802887543069782,1
10204592990854242,511804775649731,1
407511526113695,297183720488226,1
10153004755491600,1532926813694297,1
1638369666436552,1643381175903642,1
10153388021858882,857622540975972,1
701059946694911,157307111289538,1
493639604146555,1676855795934448,1
10205166958160524,311755245655422,1
10153425952533532,1513489878975889,1
1934781353412802,157307111289538,1
1683424385228146,511804775649731,1
1138971446113805,920532884705447,1
788317357957045,553707154776476,1
1647618032193437,587786681361995,1
184243938587150,1162044413810114,1
10153633400425090,1162044413810114,1
737701309662788,406829072835666,1
112036512495862,677952745575695,1
513601645466348,795999260515174,1
559615954200736,802887543069782,1
10201268432310336,1862289050664286,1
1641268906161436,874334249323234,1
548892231931724,157307111289538,1
10153868264978394,545198285638570,1
10153728221469138,1530342330623823,1
500427516800893,1514772282153569,1
10153606275521140,1647507122170549,1
742674219199963,947082921995712,1
1725778104317661,874334249323234,1
407511526113695,682401445211994,1
509287069249674,1647507122170549,1
167105196975226,455637751283813,1
870590129714745,947821865304797,1
10208234558489760,758846707577663,1
10203670881130844,1512043439095614,1
922282511184349,985219994862772,1
617314225074105,117378128624899,1
143762049315634,714537595342870,1
1503297083304581,863818937066030,1
892618300854855,1635747950032736,1
10153731740018430,981112258646565,1
944607878967433,508147322683858,1
551934978296072,406829072835666,1
1683424385228146,1077965492215167,1
1668861940027419,482838738558603,1
493132844181060,983628185032105,1
1200835986609754,494764264037412,1
959167677485091,864041886997217,1
171534213198113,1530342330623823,1
1240794062603397,982290421810279,1
1015583565168117,148966468795177,1
1200835986609754,587786681361995,1
143762049315634,1674987226048875,1
1008365305886176,1534172186874420,1
876994722408125,1640441632884917,1
867462980017143,857622540975972,1
1510819109244921,874334249323234,1
484056645108661,192475747754735,1
1651039455150853,508147322683858,1
1772571746303512,983628185032105,1
853789684741589,1647507122170549,1
450037791864047,471379523018564,1
1057105014307763,1502067896755875,1
1521130751535783,424468137738057,1
932468050179679,857622540975972,1
875164032590454,1530342330623823,1
193719064300608,863818937066030,1
417376031789328,455637751283813,1
10153004755491600,736854409753137,1
132782073751593,311755245655422,1
10208078682148132,398686067005910,1
192136344460462,406829072835666,1
10101850038859288,874835075904840,1
450738748448749,2111249605680682,1
539326799554165,920532884705447,1
135085436853805,919883004725577,1
437117823155914,455637751283813,1
491323391040278,2147949678679083,1
10153059125551986,183697085309052,1
10153425952533532,545198285638570,1
938511266229256,874334249323234,1
1497516140543169,1647507122170549,1
1078847258822654,192475747754735,1
1628952527355431,608762552594198,1
190802747923257,983628185032105,1
192136344460462,1648052285418189,1
507563852747117,1648052285418189,1
172315433118941,508147322683858,1
875164032590454,608762552594198,1
769990746444431,1708970406004977,1
10206906030262832,411662922360897,1
10205683042099392,1635747950032736,1
10208078682148132,311755245655422,1
132782073751593,874835075904840,0
132782073751593,1521719851485619,0
132782073751593,632343673535086,0
139493729744950,764835670294999,0
139493729744950,1568731703380247,0
140561939637308,856704631068589,-1
140561939637308,424468137738057,-1
140561939637308,114129678945593,-1
140645352966158,857622540975972,0
140645352966158,919883004725577,0
140645352966158,148966468795177,0
154711438221800,134546073570468,0
167105196975226,471379523018564,0
170919729923576,1527601337508454,-1
171160366569555,1637400096532178,-1
171160366569555,856704631068589,-1
171160366569555,1649574428587670,-1
171160366569555,905008766246226,-1
171950143153804,874334249323234,0
171950143153804,1698245300413118,0
171950143153804,977637265608801,0
173533356327149,505404526303554,0
173533356327149,1118925088119512,0
183303732011968,511804775649731,0
184243938587150,446234268895916,0
189917894683001,1513489878975889,0
189917894683001,1653992801547099,0
189917894683001,1634227493510358,0
189917894683001,424468137738057,0
189917894683001,429444030594966,0
189917894683001,1118925088119512,0
189917894683001,931978370186855,0
189917894683001,545198285638570,0
189917894683001,1517252088592543,0
189917894683001,1648052285418189,0
189917894683001,114129678945593,0
189917894683001,1678424979065826,0
189917894683001,1743389909222551,0
189917894683001,982290421810279,0
191477854524248,505817212923414,0
191477854524248,1514772282153569,0
191477854524248,465988266906746,0
192474881087926,1514772282153569,0
192474881087926,1712903448943953,0
192639284405898,1514772282153569,0
192639284405898,1715978725289059,0
192639284405898,1647507122170549,0
192639284405898,1515953172065039,0
193016494372691,487623601362936,0
193016494372691,414057348785375,0
193719064300608,482838738558603,-1
208501676148665,1077965492215167,0
208501676148665,1634811676806312,0
208501676148665,995025613883488,0
208501676148665,157307111289538,0
208501676148665,983628185032105,0
208501676148665,1647507122170549,0
208501676148665,1245920382101712,0
208501676148665,875491222558206,0
208501676148665,1701251846786746,0
208501676148665,982290421810279,0
407083886168985,2147949678679083,0
407083886168985,1077965492215167,0
407083886168985,489692841197214,0
407083886168985,1185663778130472,0
407083886168985,540286862788351,0
407083886168985,1748602092029489,0
412039719004284,875491222558206,0
417376031789328,494764264037412,0
427463854124684,1643381175903642,-1
437117823155914,192475747754735,0
437117823155914,538279132989832,0
437117823155914,1507447266249110,0
437117823155914,172015596484680,0
437117823155914,511804775649731,0
437117823155914,148966468795177,0
442822525920982,1225088244174418,0
447314352120923,587786681361995,0
447314352120923,521058938061840,0
447314352120923,171069349914286,0
447314352120923,977637265608801,0
449296218608148,553707154776476,0
452102751642373,425697107630544,0
452102751642373,1521483178178527,0
452102751642373,963139843743501,0
452102751642373,430795103770759,0
452102751642373,134546073570468,0
452102751642373,141783372845728,0
452102751642373,1656182334649628,0
452102751642373,1017664094920484,0
452102751642373,631984013611089,0
452102751642373,942145629156651,0
452102751642373,934528249967335,0
452102751642373,1643381175903642,0
452102751642373,1516517512002547,0
452102751642373,141981386160261,0
452102751642373,1517636418547610,0
452102751642373,913726102016230,0
452102751642373,587786681361995,0
452102751642373,157307111289538,0
452102751642373,553707154776476,0
452102751642373,886099961445115,0
452102751642373,1185663778130472,0
452102751642373,420452458155967,0
452102751642373,1727916837436720,0
452102751642373,183580841988156,0
452102751642373,410271959178819,0
452102751642373,746524912158195,0
452102751642373,1638389173109087,0
452102751642373,1483806378592848,0
452102751642373,1626927544222999,0
452102751642373,555949701234891,0
452102751642373,1516099898705226,0
452102751642373,1518472738468607,0
452102751642373,654461881357842,0
452102751642373,919883004725577,0
452102751642373,143844432640742,0
452102751642373,446234268895916,0
452102751642373,1699526300334531,0
452102751642373,1515722348739773,0
457613797776937,1650760668536515,0
457613797776937,1006657816062381,0
457613797776937,406829072835666,0
457613797776937,1507447266249110,0
457613797776937,1706173342932599,0
457613797776937,982290421810279,0
467894660064257,587786681361995,0
467894660064257,874334249323234,0
467894660064257,1698245300413118,0
469001606618204,1515953172065039,0
473057772881230,931978370186855,0
484346231726681,982290421810279,0
489106891271298,1676855795934448,0
490917987736402,2147949678679083,-1
490917987736402,489955701191791,-1
491323391040278,942502089120677,0
491323391040278,857622540975972,0
491323391040278,406829072835666,0
491323391040278,874334249323234,0
491323391040278,508147322683858,0
500861113420487,527385800759438,0
500861113420487,1634811676806312,0
500861113420487,1507447266249110,0
500861113420487,608762552594198,0
500861113420487,795999260515174,0
500861113420487,1647507122170549,0
500861113420487,331003723690353,0
500861113420487,982290421810279,0
503202219861778,721688537965587,0
503202219861778,942502089120677,0
503202219861778,403409569850856,0
503202219861778,857622540975972,0
503202219861778,985219994862772,0
503202219861778,1035314519836199,0
503202219861778,617788491694733,0
503202219861778,511804775649731,0
503202219861778,1213165988698115,0
504382579740186,1646169172322185,0
504382579740186,1635747950032736,0
504382579740186,1483723631934208,0
504382579740186,910059795737600,0
504382579740186,1676855795934448,0
504382579740186,441791196018550,0
507563852747117,1681847088719406,0
507563852747117,830956830352088,0
507563852747117,732668420104638,0
508149802696009,424468137738057,0
508149802696009,587786681361995,0
508149802696009,795999260515174,0
508149802696009,1647507122170549,0
508149802696009,1647583882159262,0
509287069249674,505404526303554,0
509287069249674,117378128624899,-1
509287069249674,1647784098809527,0
509287069249674,1515953172065039,0
513180892180206,436888249849609,0
513180892180206,1635747950032736,0
515246135302389,802887543069782,0
516495948528594,505817212923414,0
516495948528594,1641671362774614,-1
516495948528594,2111249605680682,0
518267068336260,843714479079121,0
519899301512791,975449605847497,0
523149284516658,1676855795934448,0
534795423351077,617788491694733,0
534795423351077,736854409753137,-1
539326799554165,406829072835666,0
542864939199605,1656401337951247,0
542864939199605,506193636215894,0
542864939199605,148966468795177,0
549431708543476,1643381175903642,0
549431708543476,553707154776476,0
549431708543476,874334249323234,0
549431708543476,508147322683858,0
549431708543476,148966468795177,0
553710531444429,440095206191965,0
553710531444429,1515953172065039,0
556386637852586,516654305161658,0
559615954200736,545198285638570,0
559615954200736,982290421810279,0
564378157044832,608762552594198,0
564378157044832,802887543069782,0
565708260247237,1035314519836199,0
567767733372047,503234193169664,0
580247795461456,482838738558603,0
580247795461456,890966060986998,0
580247795461456,553707154776476,0
580247795461456,503683439801590,0
580247795461456,1651077358490304,0
580247795461456,101507700221789,0
580247795461456,1698245300413118,0
580247795461456,1524356571207831,0
580247795461456,1568731703380247,0
580247795461456,1530342330623823,0
587710671382257,764835670294999,0
587710671382257,492973564196201,0
587710671382257,1523381281314094,0
587710671382257,638776259596185,0
587710671382257,1635747950032736,0
587710671382257,557425051079579,0
587710671382257,1017664094920484,0
587710671382257,934528249967335,0
587710671382257,1633865473528494,0
587710671382257,136599536699616,0
587710671382257,1507447266249110,0
587710671382257,1017645984963730,0
587710671382257,802887543069782,0
587710671382257,1647784098809527,0
587710671382257,1181828128499301,0
587710671382257,1552412775048787,0
587710671382257,446234268895916,0
587710671382257,1709841822580169,0
587710671382257,890545864386215,0
587710671382257,1008718879187726,0
587710671382257,955987737813861,0
587710671382257,1530342330623823,0
587710671382257,982290421810279,0
587710671382257,977637265608801,0
587710671382257,1527601337508454,0
595204997295165,1162044413810114,0
604517696354265,527385800759438,0
604517696354265,2147949678679083,0
604517696354265,1648052285418189,0
604517696354265,540286862788351,0
604517696354265,940016226073543,0
617314225074105,1667371076875337,0
625758314229025,910059795737600,0
625758314229025,1505314403101681,0
625758314229025,519090021584170,0
630907087049569,157307111289538,0
630907087049569,147836405575804,0
630907087049569,1701251846786746,0
641011606001289,1164280260255705,0
641011606001289,189292908073143,0
641011606001289,983628185032105,0
641011606001289,1621002981483264,0
648356888637256,732668420104638,0
648356888637256,511804775649731,0
660661580702842,1708970406004977,0
666390466796788,1666441663584627,-1
666390466796788,1708970406004977,0
695153200619282,499466390227177,-1
695153200619282,802887543069782,0
701059946694911,638266769648820,0
713353622129100,942502089120677,0
713353622129100,522546991255308,0
713353622129100,934638543238914,0
719855601482008,1516517512002547,0
719855601482008,1676329352608101,0
719855601482008,1624545187788362,0
719855601482008,975449605847497,0
719855601482008,538279132989832,0
719855601482008,157307111289538,0
719855601482008,509992435843792,0
719855601482008,1621361011463261,0
719855601482008,1097525770265879,0
719855601482008,1735242010041189,0
719855601482008,1638727446395384,0
728229983978860,1647213525551952,0
728229983978860,1514772282153569,0
728229983978860,1648912038721600,0
728229983978860,919436231437882,0
728229983978860,920532884705447,0
728229983978860,995025613883488,0
728229983978860,157307111289538,0
728229983978860,795999260515174,0
730613557069860,406829072835666,0
737701309662788,1656401337951247,0
742674219199963,1419793634991801,-1
742711882501236,1640441632884917,0
742711882501236,570911803060678,-1
742711882501236,1668720313411815,-1
753474001425882,192475747754735,0
753474001425882,737090809728395,0
753474001425882,528961267266179,0
753474001425882,892649937474491,0
753474001425882,1647507122170549,0
753474001425882,197327703937350,0
753474001425882,2111249605680682,0
753474001425882,1509061466060315,0
753474001425882,959800754113122,0
767036236776544,732668420104638,0
771151099681189,1647213525551952,0
771151099681189,424468137738057,0
771151099681189,983628185032105,0
771151099681189,909793182438987,0
771505632953533,925268004218508,0
771505632953533,465988266906746,0
771505632953533,1728490300705380,0
771505632953533,587786681361995,0
771505632953533,117378128624899,0
771505632953533,496036427268213,0
771505632953533,1661242774134560,0
771505632953533,1510567955909044,0
771505632953533,904360302946503,0
771505632953533,906526716092147,0
771505632953533,1495322954096351,0
773330646112734,157307111289538,0
773330646112734,874334249323234,0
773330646112734,677952745575695,0
773330646112734,802887543069782,0
773330646112734,1048580948520263,0
780538515424612,983628185032105,0
780538515424612,1676855795934448,0
780538515424612,511804775649731,0
785329451596424,519090021584170,0
785329451596424,947082921995712,-1
797901256985747,494764264037412,-1
801196210006579,1634227493510358,0
801196210006579,157307111289538,0
801196210006579,890966060986998,0
801196210006579,874334249323234,0
801196210006579,311755245655422,-1
801196210006579,736325763177454,0
801196210006579,1621002981483264,0
801196210006579,1913467532211684,0
801196210006579,939638432739841,0
801196210006579,480125172148867,0
825568154218668,609445715860145,0
825568154218668,1667371076875337,0
825568154218668,1517636418547610,0
825568154218668,1658552184361587,0
825568154218668,406829072835666,0
825568154218668,538279132989832,0
825568154218668,910059795737600,0
825568154218668,1621002981483264,0
825568154218668,497474997090416,0
825568154218668,939638432739841,0
825568154218668,1712903448943953,0
825568154218668,1419793634991801,0
825568154218668,947082921995712,0
825568154218668,1089433731068972,0
825568154218668,841494475971645,0
825568154218668,955987737813861,0
825568154218668,1530342330623823,0
825568154218668,1515953172065039,0
837784366335198,1524356571207831,0
840799026032607,983628185032105,0
841149452697791,440095206191965,-1
843387462427077,1515953172065039,0
849896485129765,1667371076875337,0
849896485129765,1514772282153569,0
849896485129765,942502089120677,0
849896485129765,920532884705447,0
849896485129765,424468137738057,0
849896485129765,587786681361995,0
849896485129765,508147322683858,0
853789684741589,934528249967335,0
853789684741589,494764264037412,0
867080830071921,1708970406004977,0
867080830071921,1671093049797551,0
867462980017143,1483723631934208,0
870590129714745,511804775649731,0
872186099559377,905008766246226,0
872186099559377,1529443567324530,-1
873366629437441,1521719851485619,0
873366629437441,1006657816062381,0
873366629437441,995025613883488,0
873366629437441,406829072835666,0
873366629437441,545198285638570,0
874434149330288,905008766246226,0
875164032590454,1515953172065039,0
876994722408125,527385800759438,0
876994722408125,190853124587106,0
876994722408125,419239658279508,0
876994722408125,1006657816062381,0
876994722408125,465988266906746,0
876994722408125,406829072835666,0
876994722408125,538279132989832,0
876994722408125,1621002981483264,0
876994722408125,1663241800631364,0
876994722408125,148966468795177,0
876994722408125,1509061466060315,0
895933887181307,117378128624899,0
902569216444779,1674089026164377,0
902569216444779,617788491694733,0
902569216444779,1528507317470530,0
902569216444779,796359963823801,0
902569216444779,785327294945736,0
904674892934101,1514772282153569,0
904674892934101,890545864386215,0
921575151231746,406829072835666,0
921575151231746,863818937066030,0
921575151231746,947082921995712,0
921575151231746,1698245300413118,0
921575151231746,1530342330623823,0
922282511184349,905008766246226,0
926901050726647,942145629156651,0
931320930249546,587786681361995,0
932468050179679,424468137738057,0
932468050179679,489692841197214,0
932468050179679,147339502294639,0
938511266229256,1648052285418189,0
938511266229256,795999260515174,0
938511266229256,775340979147675,-1
945132885542349,157307111289538,0
975970165801193,975449605847497,0
975970165801193,1162044413810114,0
975970165801193,1515953172065039,0
979669112071875,1006657816062381,0
983526351686099,982290421810279,0
1007278812646797,424468137738057,0
1008365305886176,133798883645899,0
1008365305886176,1105684389456261,0
1014016165306228,1537877016467620,0
1014016165306228,1656401337951247,0
1014016165306228,511804775649731,0
1015358611820126,1648912038721600,0
1015583565168117,157307111289538,0
1015583565168117,1515953172065039,0
1031703450185040,1507447266249110,0
1031703450185040,1512043439095614,0
1061161753902230,426995257494915,0
1061161753902230,511804775649731,0
1068552076511289,874835075904840,0
1068552076511289,625905840883347,0
1068552076511289,487623601362936,0
1068552076511289,985219994862772,0
1068552076511289,1661242774134560,0
1068552076511289,1800241690202920,0
1068552076511289,1743389909222551,0
1078847258822654,1118925088119512,0
1079563472063025,117378128624899,0
1079563472063025,959800754113122,0
1086763018000674,1703776966504174,0
1086763018000674,494764264037412,0
1086763018000674,1672166549701268,0
1086763018000674,705312679603964,0
1107368242648326,117378128624899,-1
1110211555664753,920532884705447,0
1110211555664753,1701251846786746,0
1113728978638145,995025613883488,0
1113728978638145,1640768362814765,0
1113728978638145,200344163638609,0
1113728978638145,982290421810279,0
1138971446113805,1654035388177889,0
1143885928974082,1118925088119512,-1
1143885928974082,906526716092147,0
1143885928974082,1735242010041189,0
1143885928974082,1530342330623823,0
1145851332106821,738555442944145,0
1145851332106821,995025613883488,0
1145851332106821,553707154776476,0
1145851332106821,1495322954096351,0
1173989399282043,1517636418547610,0
1173989399282043,508147322683858,-1
1173989399282043,1647507122170549,0
1173989399282043,147933212231456,0
1173989399282043,1512043439095614,0
1188607327823189,1712903448943953,0
1193116397370530,871565706285002,0
1193991390627968,155514448138170,0
1197133633636680,538279132989832,0
1197133633636680,1708970406004977,0
1197133633636680,1635667590055386,0
1197133633636680,519090021584170,0
1200835986609754,527385800759438,0
1214706241878014,938658272898644,0
1222781891072378,1658388237753858,0
1222781891072378,398686067005910,0
1222781891072378,1647507122170549,0
1222781891072378,1656401337951247,0
1241481725868432,905008766246226,0
1241481725868432,1035314519836199,0
1241481725868432,1651077358490304,0
1264816113545179,727351294066130,0
1264816113545179,503683439801590,0
1264816113545179,796359963823801,0
1369618623052388,1151740234853898,0
1369618623052388,1419793634991801,-1
1481712312137521,157307111289538,0
1483784895264337,1696580997242512,0
1483784895264337,1640768362814765,0
1483784895264337,939638432739841,0
1483784895264337,947082921995712,0
1483784895264337,554566951363535,0
1503297083304581,1658388237753858,0
1503297083304581,414057348785375,0
1503297083304581,1676855795934448,0
1503297083304581,199405303727652,0
1504594363204228,983628185032105,0
1504594363204228,1640768362814765,0
1504594363204228,875491222558206,0
1504594363204228,632343673535086,0
1504594363204228,513376695507303,0
1510819109244921,1515953172065039,0
1512416739084866,906639566051815,0
1512416739084866,1676855795934448,0
1520152658305066,906639566051815,0
1520152658305066,190853124587106,0
1520152658305066,492973564196201,0
1520152658305066,538279132989832,0
1520152658305066,493719907454733,0
1520152658305066,1017645984963730,0
1520152658305066,910059795737600,0
1520152658305066,1640768362814765,0
1520152658305066,1621002981483264,0
1520152658305066,1639903826263071,0
1520152658305066,917019075034839,0
1520722144905458,505814529591768,0
1520722144905458,2111249605680682,0
1520722144905458,148966468795177,0
1521130751535783,1635747950032736,0
1521130751535783,157307111289538,0
1521130751535783,795999260515174,0
1521130751535783,1647507122170549,0
1521130751535783,1515953172065039,0
1522953398019219,553707154776476,0
1522953398019219,1527444727569728,0
1530719623918188,508147322683858,0
1628952527355431,1646169172322185,0
1628952527355431,991910604185166,0
1628952527355431,1513489878975889,0
1628952527355431,184749731865323,0
1628952527355431,665950596841543,0
1628952527355431,451889378329612,0
1628952527355431,489393957905197,0
1628952527355431,142489732775742,0
1628952527355431,712009595602015,0
1628952527355431,1653992801547099,0
1628952527355431,427989960731914,0
1628952527355431,1528758890748931,0
1628952527355431,1635747950032736,0
1628952527355431,1652546251661088,0
1628952527355431,631984013611089,0
1628952527355431,1634811676806312,0
1628952527355431,913726102016230,0
1628952527355431,975449605847497,0
1628952527355431,538279132989832,0
1628952527355431,878190755634253,0
1628952527355431,583936238376872,0
1628952527355431,1483723631934208,0
1628952527355431,157307111289538,0
1628952527355431,874334249323234,0
1628952527355431,906401222748379,0
1628952527355431,802887543069782,0
1628952527355431,1647507122170549,0
1628952527355431,496036427268213,0
1628952527355431,638266769648820,0
1628952527355431,192596887742760,0
1628952527355431,1676855795934448,0
1628952527355431,727351294066130,0
1628952527355431,1526832960967465,0
1628952527355431,1532926813694297,0
1628952527355431,1640768362814765,0
1628952527355431,1674987226048875,0
1628952527355431,617788491694733,0
1628952527355431,1014810091916125,0
1628952527355431,446234268895916,0
1628952527355431,1300065630019579,0
1628952527355431,520514754791299,0
1628952527355431,441791196018550,0
1628952527355431,863818937066030,0
1628952527355431,1712903448943953,0
1628952527355431,904360302946503,0
1628952527355431,497540377073623,0
1628952527355431,471985069655963,0
1628952527355431,1683796151836864,0
1628952527355431,1648453092109468,0
1628952527355431,1693365670899291,0
1628952527355431,911255902304156,0
1628952527355431,1625854811001049,0
1628952527355431,171069349914286,0
1628952527355431,883565628424262,0
1628952527355431,102406670131023,0
1628952527355431,911716662252390,0
1628952527355431,1495322954096351,0
1628952527355431,917274805030545,0
1628952527355431,959800754113122,0
1628952527355431,1515722348739773,0
1628952527355431,1568731703380247,0
1628952527355431,451632908367634,0
1628952527355431,977637265608801,0
1632516320346884,1672166549701268,0
1636003713338961,142489732775742,0
1638369666436552,2147949678679083,0
1638369666436552,424468137738057,0
1638369666436552,1516517512002547,0
1638369666436552,465988266906746,0
1638369666436552,553707154776476,0
1638369666436552,874334249323234,0
1638369666436552,977637265608801,0
1638404066448058,482838738558603,0
1638404066448058,802887543069782,0
1638404066448058,1651077358490304,0
1639584749662644,465988266906746,0
1639584749662644,874334249323234,0
1639987146252693,1512043439095614,0
1640490862888349,406829072835666,0
1640490862888349,1676855795934448,-1
1640490862888349,407571132769856,0
1640490862888349,1508923892768261,0
1644463915809406,1495322954096351,0
1646841375578580,1646169172322185,0
1646841375578580,1245920382101712,0
1646841375578580,511804775649731,0
1646841375578580,904360302946503,0
1646841375578580,816885561766653,0
1646841375578580,171069349914286,0
1646841375578580,480518935460461,0
1646841375578580,982290421810279,0
1646841375578580,1515953172065039,0
1651039455150853,959800754113122,0
1651039455150853,1515953172065039,0
1654603448137988,914116092001142,0
1656655851269317,983628185032105,0
1666942073552391,406829072835666,0
1666942073552391,983628185032105,0
1667249380197549,2147949678679083,0
1667249380197549,406829072835666,0
1668948343347366,920532884705447,-1
1668948343347366,1006657816062381,-1
1668948343347366,1658552184361587,0
1668948343347366,1722593361302843,0
1668948343347366,1648052285418189,0
1668948343347366,1660504720886715,0
1668948343347366,1631223837143296,0
1668948343347366,480125172148867,0
1669211723325292,482838738558603,-1
1674156579463035,905008766246226,0
1674223596191112,1515953172065039,0
1685403541673769,494764264037412,0
1687617991524721,2147949678679083,0
1702212190009530,493719907454733,0
1702212190009530,732668420104638,0
1702382643325689,665950596841543,0
1702382643325689,1024404200913038,0
1702382643325689,528961267266179,0
1702382643325689,985219994862772,0
1702382643325689,505814529591768,0
1702382643325689,931755086907392,0
1702382643325689,1668720313411815,0
1702382643325689,1225088244174418,0
1702382643325689,1530342330623823,0
1720652581497239,1495643027398937,-1
1802021953358265,983628185032105,0
1910318259193873,424468137738057,0
1930036233887304,934638543238914,0
1930036233887304,982290421810279,0
1930036233887304,977637265608801,0
1932747286950640,546487338833694,0
1932747286950640,1507447266249110,0
1932747286950640,959800754113122,0
1934781353412802,1097525770265879,0
2186266901513403,942502089120677,0
2186266901513403,802887543069782,0
2186266901513403,638266769648820,0
2186266901513403,1656788981261051,0
2186266901513403,843714479079121,0
2186266901513403,441791196018550,0
2186266901513403,101507700221789,0
2186266901513403,982290421810279,0
10100186504575452,625905840883347,0
10100186504575452,311755245655422,-1
10102750816468698,180347198968408,0
10103284601249614,1743389909222551,0
10103397799779096,1017664094920484,0
10103397799779096,528961267266179,0
10103397799779096,878190755634253,0
10103397799779096,758846707577663,0
10103397799779096,1638603683071537,0
10103397799779096,1660504720886715,0
10103397799779096,863818937066030,0
10103397799779096,1000106890047849,0
10153041441842692,1514772282153569,0
10153041441842692,2111249605680682,0
10153041441842692,805947839515103,0
10153041441842692,1548678642090619,0
10153066498476856,1668720313411815,0
10153088552791432,1526832960967465,0
10153088552791432,516654305161658,0
10153088552791432,617788491694733,0
10153088552791432,520514754791299,0
10153088552791432,1709634665938326,0
10153245622198310,1800241690202920,0
10153310309248652,1647583882159262,0
10153344650455368,995025613883488,0
10153344650455368,587786681361995,0
10153388021858882,587786681361995,0
10153414105677772,436888249849609,0
10153414105677772,714537595342870,0
10153414105677772,1521719851485619,0
10153414105677772,1862289050664286,0
10153414105677772,1683796151836864,0
10153414105677772,1629669343966047,0
10153414105677772,1492215341081260,0
10153425952533532,939849736108849,0
10153534752532024,519090021584170,0
10153606275521140,1513489878975889,0
10153606275521140,426995257494915,0
10153606275521140,874334249323234,0
10153606275521140,1504836836482814,0
10153606275521140,1735242010041189,0
10153606275521140,1548678642090619,0
10153606275521140,1238900219460089,0
10153623207422850,522359454596124,0
10153623207422850,934528249967335,0
10153710102894362,942354169169687,0
10153710102894362,920532884705447,0
10153710102894362,424468137738057,0
10153710102894362,180347198968408,0
10153710102894362,189292908073143,0
10153710102894362,905008766246226,0
10153710102894362,482838738558603,0
10153710102894362,411662922360897,0
10153710102894362,496036427268213,0
10153710102894362,727351294066130,0
10153710102894362,939638432739841,0
10153710102894362,906526716092147,0
10153710102894362,936818653073726,0
10153716637132428,1483723631934208,0
10153731740018430,922971211103579,0
10153731740018430,905008766246226,0
10153731740018430,1151740234853898,0
10153731740018430,516654305161658,-1
10153731740018430,1229112313782698,0
10153731740018430,1646887362265524,0
10153751415924284,1642998415970980,0
10153751415924284,505817212923414,0
10153751415924284,883542348401279,0
10153751415924284,487623601362936,0
10153751415924284,1521719851485619,0
10153751415924284,1517636418547610,0
10153751415924284,538279132989832,0
10153751415924284,1507447266249110,0
10153751415924284,493719907454733,0
10153751415924284,133798883645899,0
10153751415924284,1647507122170549,0
10153751415924284,692497527518304,0
10153751415924284,864041886997217,0
10153751415924284,1495643027398937,0
10153751415924284,503234193169664,0
10153751415924284,497474997090416,0
10153751415924284,931755086907392,0
10153751415924284,904360302946503,0
10153751415924284,148966468795177,0
10153751415924284,519090021584170,0
10153751415924284,1625854811001049,0
10153751415924284,947082921995712,0
10153751415924284,909793182438987,0
10153751415924284,177113679305241,0
10153751415924284,959800754113122,0
10153751415924284,938468589557429,0
10153784229920844,1419793634991801,-1
10153797046377316,505817212923414,0
10153797046377316,1913467532211684,0
10153841103967164,553707154776476,0
10154517926014896,1514772282153569,0
10154517926014896,451889378329612,0
10154517926014896,1484609308508052,0
10154517926014896,920532884705447,0
10154517926014896,1650607558527327,0
10154517926014896,1006657816062381,0
10154517926014896,1634811676806312,0
10154517926014896,1517636418547610,0
10154517926014896,877417562306505,0
10154517926014896,414057348785375,0
10154517926014896,1624545187788362,0
10154517926014896,494764264037412,0
10154517926014896,538279132989832,0
10154517926014896,1728490300705380,0
10154517926014896,157307111289538,0
10154517926014896,892649937474491,0
10154517926014896,147933212231456,0
10154517926014896,1521939228125097,0
10154517926014896,727351294066130,0
10154517926014896,1626927544222999,0
10154517926014896,1696580997242512,0
10154517926014896,1674987226048875,0
10154517926014896,2111249605680682,0
10154517926014896,1643882742553367,0
10154517926014896,148966468795177,0
10154517926014896,1671093049797551,0
10154517926014896,980247192019033,0
10154517926014896,938658272898644,0
10154517926014896,521250551370809,0
10154517926014896,890545864386215,0
10154517926014896,1120129624678935,0
10154517926014896,1506262806335839,0
10154517926014896,977637265608801,0
10154524365635200,942354169169687,0
10154524365635200,398686067005910,0
10154524365635200,985219994862772,0
10156254955480254,199405303727652,0
10156254955480254,2111249605680682,0
10156321553805612,1660504720886715,0
10200902674007276,963826993656703,0
10201015086295200,587786681361995,0
10201015086295200,1640768362814765,0
10201015086295200,511804775649731,-1
10201186044170432,1647507122170549,0
10201268432310336,1500362113591255,-1
10203577386353640,522359454596124,0
10203577386353640,1528758890748931,0
10203577386353640,1722593361302843,0
10203577386353640,171967523146277,0
10203577386353640,736325763177454,0
10203670881130844,347861952089823,0
10203670881130844,587786681361995,0
10203678931132960,595595830581398,0
10203678931132960,406829072835666,0
10203678931132960,1043554092355578,0
10203766654366184,785327294945736,0
10204729072301058,975449605847497,0
10204997278839772,451889378329612,0
10204997278839772,920532884705447,0
10204997278839772,2147949678679083,0
10204997278839772,192475747754735,0
10204997278839772,995025613883488,0
10204997278839772,857622540975972,-1
10204997278839772,147933212231456,0
10204997278839772,901441069942273,0
10204997278839772,134204513609045,0
10204997278839772,1708970406004977,0
10204997278839772,1105684389456261,0
10204997278839772,1712903448943953,0
10204997278839772,1008718879187726,0
10205548979939908,932318536854763,0
10205718333372740,183697085309052,0
10205719556888440,424468137738057,0
10205719556888440,1651077358490304,0
10206676763871176,141783372845728,0
10206676763871176,494764264037412,0
10206676763871176,1163434467004393,0
10206676763871176,758846707577663,0
10206676763871176,785327294945736,0
10206676763871176,955987737813861,0
10206769779817844,522359454596124,0
10206769779817844,934528249967335,0
10206769779817844,1539218623005421,0
10206769779817844,1660504720886715,0
10206906030262832,1675390636081561,0
10206931739944972,920532884705447,0
10206931739944972,424468137738057,0
10206931739944972,1521719851485619,0
10206931739944972,1420029494955927,-1
10206931739944972,117378128624899,0
10206931739944972,489692841197214,0
10206931739944972,931755086907392,0
10206931739944972,1625854811001049,0
10206931739944972,177113679305241,0
10206931739944972,917019075034839,0
10206933236042764,522359454596124,-1
10207020555863952,148966468795177,0
10207132453048284,1506351686359278,0
10207132453048284,1650760668536515,0
10207132453048284,465988266906746,0
10207132453048284,1722593361302843,0
10207132453048284,482838738558603,0
10207132453048284,587786681361995,0
10207132453048284,983628185032105,0
10207132453048284,1640768362814765,0
10207132453048284,805947839515103,0
10207132453048284,177113679305241,0
10207132453048284,1743389909222551,0
10207251346258638,1674089026164377,0
10207251346258638,436888249849609,0
10207251346258638,714537595342870,0
10207808222461364,609445715860145,0
10207808222461364,505817212923414,0
10207808222461364,1667371076875337,0
10207808222461364,1513489878975889,0
10207808222461364,527385800759438,0
10207808222461364,426995257494915,0
10207808222461364,347861952089823,0
10207808222461364,190853124587106,0
10207808222461364,522359454596124,0
10207808222461364,1641671362774614,0
10207808222461364,1017664094920484,0
10207808222461364,429444030594966,0
10207808222461364,1638960129727035,0
10207808222461364,1676329352608101,0
10207808222461364,857622540975972,0
10207808222461364,975449605847497,0
10207808222461364,1722593361302843,0
10207808222461364,528961267266179,0
10207808222461364,157307111289538,0
10207808222461364,608762552594198,0
10207808222461364,553707154776476,0
10207808222461364,874334249323234,0
10207808222461364,1714914705410262,0
10207808222461364,914116092001142,0
10207808222461364,1686890481593187,0
10207808222461364,617788491694733,0
10207808222461364,1708970406004977,0
10207808222461364,1524682541185172,0
10207808222461364,147836405575804,0
10207808222461364,1233837203309392,0
10207808222461364,923349974411842,0
10207808222461364,177113679305241,0
10207808222461364,1502067896755875,0
10207808222461364,1495322954096351,0
10207808222461364,1524356571207831,0
10207808222461364,982290421810279,0
10207898863450544,1513489878975889,0
10207898863450544,587786681361995,0
10207898863450544,157307111289538,0
10207898863450544,1647507122170549,0
10207898863450544,982290421810279,0
10207963509542492,424468137738057,0
10207963509542492,934528249967335,0
10208234558489760,942354169169687,0
10208234558489760,714537595342870,0
10208234558489760,420322011496986,0
10208234558489760,1521719851485619,0
10208234558489760,587786681361995,0
10208234558489760,1523121838001924,0
10208234558489760,199405303727652,0
10208234558489760,1532926813694297,0
10208234558489760,112055882496156,0
10208234558489760,1225088244174418,0
10208234558489760,183697085309052,0
10208238589109344,508147322683858,0
10208238589109344,1647507122170549,0
10208734314814326,1650607558527327,0
