"userID","eventID","status","location_score"
10208234558489760,1162044413810114,1,1.59438238200274
769990746444431,1504836836482814,1,5.17622147226392
412039719004284,553707154776476,1,3.18809534818918
175831896097425,564214203736354,1,2.38922484234611
523483477808212,1647507122170549,1,5.58470824442805
1725778104317661,482838738558603,1,5.97063061710753
666390466796788,1672166549701268,1,1.99260798208086
457613797776937,1515953172065039,1,2.38959889948423
873366629437441,857622540975972,1,2.38896124309226
469001606618204,157307111289538,1,5.56593486781062
515246135302389,406829072835666,1,1.98551915189327
1674156579463035,406829072835666,1,4.76639236604603
191860567816048,1517252088592543,1,9.16414289509815
867462980017143,538279132989832,1,5.9755120504305
1138971446113805,482838738558603,1,6.77010174366592
127899517575510,857622540975972,1,9.55599464412155
10207963509542492,157307111289538,1,3.18500692234912
594932890644869,1698245300413118,1,3.18905366538289
1505969059702279,347861952089823,1,7.57213631044341
556386637852586,189594248051014,1,3.18406937621306
10208078682148132,482838738558603,1,4.7827458977305
10153868264978394,1229112313782698,1,2.39230356924731
10207963509542492,1625854811001049,1,3.18996204898482
1501856920142105,427989960731914,1,7.96171006861926
921575151231746,959475154113973,1,4.38102479777966
10207127847588396,975449605847497,1,7.1743485508371
726783144121341,587786681361995,1,11.8953523230496
1523529171293144,505404526303554,1,2.39029497640112
536429096515668,553707154776476,1,2.3894609607268
489106891271298,874334249323234,1,2.38865335388236
742711882501236,1514772282153569,1,11.1626764186331
10153245622198310,1623749834542763,1,4.37892339133985
10153041441842692,874835075904840,1,1.99365586264421
867080830071921,983628185032105,1,3.18897919207696
742711882501236,1641671362774614,1,11.160615759972
1660743537535575,905008766246226,1,4.37906700212987
837784366335198,157307111289538,1,5.56500472916589
10153751415924284,1515953172065039,1,14.7507703891911
594932890644869,1708970406004977,1,3.18866595602467
184243938587150,496036427268213,1,10.3506488570004
1802021953358265,975449605847497,1,4.38554110213254
10205719556888440,995025613883488,1,5.97532042233707
1138971446113805,1708970406004977,1,6.77655807894819
1638369666436552,1035314519836199,1,1.99171302276534
1666942073552391,977637265608801,1,0
1492058511100215,1483723631934208,1,3.58277159455163
742711882501236,995025613883488,1,11.1466871404048
450738748448749,1800241690202920,1,16.741201881885
10208059095264416,1225088244174418,1,5.18554514950894
742711882501236,947082921995712,1,11.1618443365707
540261832809791,171069349914286,1,3.58944365620034
1658807861043817,406829072835666,1,1.98884536351818
1523731894619534,587786681361995,1,1.9817225959019
1057105014307763,1676329352608101,1,4.7816632900764
1505969059702279,982290421810279,1,7.56712688389984
872186099559377,802887543069782,1,2.78860310965683
879377685511426,2111249605680682,1,5.57795910263138
634638469972286,1515953172065039,1,3.58380080850704
777401619073114,982290421810279,1,2.78884324720193
548892231931724,414057348785375,1,7.56199397849817
1207500492600083,494764264037412,1,4.78439306416282
10100186504575452,141783372845728,1,3.19134349484722
1262477510445433,553707154776476,1,2.79004163351421
431568943719678,503234193169664,1,4.37356808792474
1110211555664753,482838738558603,1,3.98319309120842
10208020264844684,985219994862772,1,9.17027376405751
1264816113545179,2147949678679083,1,3.18721438582726
10154517926014896,857622540975972,1,4.37328555552534
10153633400425090,1521068511540029,1,0
10153414105677772,420322011496986,1,3.18960580062642
515246135302389,634117280063183,1,1.99137316161697
1641268906161436,509992435843792,1,2.33726545823833
742711882501236,1667371076875337,1,11.1617466488229
184243938587150,1667371076875337,1,10.3594372507769
189917894683001,1504836836482814,1,6.7675595970566
1654603448137988,1507447266249110,1,11.1593210050459
656073034532759,2147949678679083,1,3.18690760393129
771151099681189,1505314403101681,1,3.98493219268823
641011606001289,775060535938975,1,9.15171914544592
127899517575510,551504168321268,1,9.5673160298429
10153737899247416,545198285638570,1,5.52420588136269
473057772881230,1676521435919011,1,6.77292179784862
1628952527355431,1419793634991801,1,7.16850802849186
1110211555664753,1490608407901635,1,3.97794493502883
1008365305886176,1512043439095614,1,3.58684699485607
666390466796788,519090021584170,1,1.59670994520202e-23
1723085601253037,426995257494915,1,2.79191626938098
484056645108661,934528249967335,1,4.38226285786345
742711882501236,587786681361995,1,11.1077494518615
878544422259357,905008766246226,1,3.17895064583746
901162646645061,1643381175903642,1,5.97680264110492
737701309662788,460003130868144,1,9.56697513278147
1492058511100215,411662922360897,1,3.58398946955129
641011606001289,1017664094920484,1,9.16750687832573
10201015086295200,494764264037412,1,1.99376050204509
144691249221157,983628185032105,1,3.17994887956058
1653587124920347,595595830581398,1,5.97610484974454
495668803924783,587786681361995,1,2.77312193230173
1517580485219420,1035314519836199,1,2.79185896460142
742711882501236,1650607558527327,1,11.1593637875426
171160366569555,638776259596185,1,13.1506800165216
1635523966717207,411662922360897,1,3.98410304390746
1216804721669942,519090021584170,1,9.81916310176141e-23
1240794062603397,553707154776476,1,2.10370776594416
1076260289050641,1618375311754579,1,3.58164844455704
1663033437300136,802887543069782,1,0.39709646278113
470525663152772,1635667590055386,1,2.7914740279448
975970165801193,857622540975972,1,2.78648038621317
853789684741589,1635667590055386,1,2.39154171466359
1059452377407822,1683796151836864,1,3.58741909716601
500861113420487,1035314519836199,1,3.58206897283641
1521769931482549,157307111289538,1,6.76197922960542
572161542937082,905008766246226,1,6.3734691363516
1646438118961908,192475747754735,1,7.5809158953415
449445798585494,482838738558603,1,4.77318929802198
1216804721669942,1514772282153569,1,11.9593613475396
10102750816468698,553707154776476,1,2.79196526842731
1654603448137988,1483723631934208,1,11.1589371748363
1654603448137988,117378128624899,1,11.1584666025218
901162646645061,1722593361302843,1,5.97603863726275
1497516140543169,802887543069782,1,3.9832261736614
10153350961903406,1521068511540029,1,0
1667642960158946,934528249967335,1,3.18682097303155
1640490862888349,482838738558603,1,7.15001553588096
1666942073552391,511804775649731,1,5.5621027366982
1503297083304581,1643381175903642,1,19.5263439364862
904674892934101,157307111289538,1,5.17078872594184
466007660245159,634117280063183,1,3.58539819071172
529452507222509,157307111289538,1,2.78750326500879
1523529171293144,1661877344092892,1,2.39030142040969
484346231726681,802887543069782,1,2.78653599253545
154711438221800,1658552184361587,1,5.18254377025945
188774291465079,587786681361995,1,4.36177211692186
10153350961903406,1419793634991801,1,3.188762149768
10205719556888440,460003130868144,1,5.98185781575635
493132844181060,1648052285418189,1,2.39029984586794
541041122729517,587786681361995,1,3.96259046717662
1658807861043817,117378128624899,1,1.99241651654534
10205718333372740,625905840883347,1,3.19076347714841
10203630983613656,795999260515174,1,4.38275261229729
1666942073552391,508147322683858,1,5.57757288235109
1216804721669942,505817212923414,1,11.9585457464302
1716829768546132,982290421810279,1,2.38682574731272
878544422259357,1656401337951247,1,3.18505833174871
1492874941014083,1118925088119512,1,1.19556139606781
898788390170824,905008766246226,1,3.18489629302921
921575151231746,802887543069782,1,4.38274442983912
1663033437300136,508147322683858,1,0.39709646278113
496744447165828,148966468795177,1,4.77496246031561
758037080968079,1514772282153569,1,2.78728598748418
714714581993034,795999260515174,1,1.99095095553751
1649583141928958,1573780222895939,1,3.18455938888885
657825667692595,893238854063197,1,5.97203368744344
716852681749650,1483723631934208,1,6.77531749949222
142515806113859,983628185032105,1,1.59450836603942
874434149330288,553707154776476,1,3.98498013393014
1521130751535783,983628185032105,1,2.39121093545885
10154517926014896,905008766246226,1,4.3759046236824
10153737899247416,1647213525551952,1,5.58441556105299
542864939199605,511804775649731,1,8.74643321952335
10153425952533532,1650607558527327,1,5.98013084583469
1523529171293144,1517252088592543,1,2.39183580882304
1530719623918188,157307111289538,1,3.57958257877453
1094488220561389,156832861335620,1,2.79197134874081
183303732011968,508147322683858,1,2.39247785041493
1654603448137988,1640768362814765,1,11.1588635146393
520184324811726,1647507122170549,1,2.78556753443691
535834386574516,890545864386215,1,3.18666446590001
1730701060492919,1643381175903642,1,3.98460149437494
1510819109244921,931978370186855,1,3.18156371960531
171160366569555,424468137738057,1,13.1507007456496
771151099681189,553707154776476,1,3.98470477652627
567767733372047,1284046531620841,1,1.99306491278748
10153004755491600,1225088244174418,1,6.37634047365377
771505632953533,1573780222895939,1,2.39034589467343
10203630983613656,455637751283813,1,4.38275261229729
1505969059702279,192475747754735,1,7.57252606235296
1730701060492919,867754930012766,1,3.9854355927096
1520683351575003,1162044413810114,1,14.740448405941
771505632953533,874334249323234,1,2.38918955140235
825568154218668,1557137024539335,1,5.97493137982324
1719199448311480,175717846112495,1,3.19081733786078
218413778490224,857622540975972,1,2.78707655245691
133858413643559,905008766246226,1,4.77666537634473
1143885928974082,795999260515174,1,4.37988851977103
777188089076714,1517636418547610,1,5.16737223008319
166359100384831,424468137738057,1,3.18807655254038
726783144121341,1195426057139585,1,11.9599353616494
1667642960158946,1635747950032736,1,3.18612716598583
879377685511426,148966468795177,1,5.57359331083608
1668948343347366,553707154776476,1,7.96857327433091
585266574953652,983628185032105,1,2.78934850041697
1647618032193437,482838738558603,1,4.37765247002068
1520152658305066,406829072835666,1,4.77817023471108
931874233549485,802887543069782,1,3.98313251056353
539229266235695,874334249323234,1,2.78739010724748
10201144172402116,1650760668536515,1,6.76864743765186
1214706241878014,796359963823801,1,2.39185759516232
1491255821203825,799758883446991,1,3.58988494238523
1520722144905458,502407396600024,1,3.58474003976731
1521273348199107,802887543069782,1,1.99156429569062
507563852747117,802887543069782,1,1.59471105011958
1520683351575003,1516517512002547,1,14.7036837914614
515246135302389,608762552594198,1,1.99317267378569
2186266901513403,406829072835666,1,2.78791540208392
10153731740018430,1521719851485619,1,6.38028203993529
191860567816048,1648052285418189,1,9.1655881324026
713353622129100,934528249967335,1,1.99371881178538
719855601482008,428507854007363,1,5.97840593571025
10203630983613656,1515953172065039,1,4.38234206557019
1111298315547827,1743389909222551,1,4.3793876019159
170919729923576,496036427268213,1,5.17337452739139
414349972092722,925268004218508,1,1.99373580417917
10153310309248652,1701251846786746,1,4.38643709248337
1512416739084866,171069349914286,1,6.77236511197879
10201186044170432,982290421810279,1,3.98038821051766
773330646112734,1483723631934208,1,9.96327084034344
1503297083304581,1660504720886715,1,19.530756441709
1572121796367964,511804775649731,1,6.35514740583925
527814970726131,455637751283813,1,9.96052449227559
10153088552791432,192596887742760,1,1.19596845738841
148379555518355,1254733711210840,1,2.39365355827549
1492874941014083,494764264037412,1,1.19599189133087
1512416739084866,1661242774134560,1,6.77246002598042
872186099559377,587786681361995,1,2.77079597791841
172315433118941,905008766246226,1,1.98709833190281
1240794062603397,519090021584170,1,1.7493336606661e-23
10206591154950032,551504168321268,1,3.58159757647779
457613797776937,931978370186855,1,2.39015404166188
1635523966717207,553707154776476,1,3.9844992496884
535137073315462,977637265608801,1,0
10205166958160524,564214203736354,1,1.59084630439548
540866352746073,905008766246226,1,1.99017502033162
1148198225209949,886099961445115,1,3.18569965665173
901162646645061,1515953172065039,1,5.97575346026827
1668948343347366,508147322683858,1,7.96818794324806
849896485129765,414057348785375,1,3.58369883861256
496733093842097,117378128624899,1,3.18850897343165
1501856920142105,874334249323234,1,7.9629826932326
1216804721669942,492973564196201,1,11.9590189631632
1646438118961908,1035314519836199,1,7.58032138190842
10102750816468698,505814529591768,1,2.79178313086113
10156254955480254,487623601362936,1,5.17794924788773
1655146798087250,905008766246226,1,2.38965288890428
594932890644869,1625854811001049,1,3.18854196757079
1654603448137988,2147949678679083,1,11.157718831722
731425573668695,1647784098809527,1,2.38691229057872
931874233549485,406829072835666,1,3.98197833626896
152514838439215,406829072835666,1,5.1724461313312
984657964940720,1698245300413118,1,4.78083197728389
449445798585494,1647507122170549,1,4.77088495228126
1240794062603397,494764264037412,1,2.1029921030854
523483477808212,587786681361995,1,5.5712889586727
777401619073114,587786681361995,1,2.77401061716085
780538515424612,802887543069782,1,3.58538455800743
454659104742450,874334249323234,1,5.57412213186432
567767733372047,1623749834542763,1,1.98958177653305
1240794062603397,406829072835666,1,2.10181998860409
1503297083304581,133798883645899,1,19.5085747075881
1110211555664753,553707154776476,1,3.98226025478797
10153784229920844,398686067005910,1,3.98117589453621
414349972092722,1683796151836864,1,1.99375360318191
594268804047130,1705848732980878,1,1.98998541056828
1138971446113805,1089433731068972,1,6.77753092669537
1663033437300136,905008766246226,1,0.397735737019216
556386637852586,424468137738057,1,3.18882157970127
450738748448749,805947839515103,1,16.7397995303036
432862853587844,1515953172065039,1,2.39066394190506
726783144121341,519090021584170,1,0.795781007561051
527814970726131,874334249323234,1,9.96009485503017
1512808485683180,995025613883488,1,3.97784071854437
902569216444779,905008766246226,1,3.5856959706702
10208059095264416,1492215341081260,1,5.18547577973737
1640739022870216,919883004725577,1,3.98133669873165
154711438221800,1507447266249110,1,5.18254377025945
1639584749662644,1515953172065039,1,2.78103613528904
1666942073552391,1515953172065039,1,5.5761303335592
1635523966717207,2147949678679083,1,3.9842816629177
1668861940027419,2111249605680682,1,2.38981928126428
1633352696938851,802887543069782,1,2.39064149811493
10201186044170432,494764264037412,1,3.98296492650952
10153059125551986,1229112313782698,1,4.78614507196069
874434149330288,1621002981483264,1,3.98519400694215
438497626347417,802887543069782,1,1.99279838890905
837784366335198,1647507122170549,1,5.56927383370084
1932747286950640,931978370186855,1,3.18939644412559
1520683351575003,1516028465387070,1,14.7403165508907
1023610744370161,617788491694733,1,3.58418645786033
542864939199605,959800754113122,1,8.75985055944527
617314225074105,1530342330623823,1,3.96808473793912
10203678931132960,157307111289538,1,3.18098296575223
1059452377407822,1530342330623823,1,3.57183574234554
1068552076511289,1674987226048875,1,4.38096890419361
10201144172402116,2147949678679083,1,6.77103063106646
641011606001289,189594248051014,1,9.15240839128657
10153737899247416,955987737813861,1,5.58060132317103
503202219861778,157307111289538,1,3.57346804231739
140561939637308,995025613883488,1,3.18626261941278
127899517575510,414057348785375,1,9.55734010498413
742674219199963,802887543069782,1,5.18141121335458
1207357345948032,1484609308508052,1,4.36760644682398
10207933931007486,1136662996361958,1,0
1660688707503183,1517636418547610,1,5.56352039169943
10201144172402116,1641671362774614,1,6.76864743765186
188622934811728,511804775649731,1,1.9849477533257
643772309097071,482838738558603,1,2.38730523827961
1492874941014083,874334249323234,1,1.19379470173043
1200835986609754,1720336314866386,1,2.39281486103788
984657964940720,874334249323234,1,4.77824254037845
10153751415924284,497540377073623,1,14.7553735176049
152514838439215,414057348785375,1,5.17076731517639
10153669267841768,905008766246226,1,1.59143096106767
552519028236898,1621002981483264,1,3.58480918225621
886757811432114,1035314519836199,1,2.78869227361012
10208623231044876,1006657816062381,1,3.18982834082658
191860567816048,1506262806335839,1,9.16723533518539
10153059125551986,487623601362936,1,4.78459925229629
1687268201496255,874334249323234,1,2.7866706284002
10153066498476856,857622540975972,1,2.78687077456988
878544422259357,1659661840956158,1,0
1653587124920347,587786681361995,1,5.94747119344964
1503297083304581,183580841988156,1,19.5231954207781
719855601482008,1495643027398937,1,7.27630724520741e-23
717903011675029,503234193169664,1,3.18109864232484
10205683042099392,1504836836482814,1,1.98405754782291
10153751415924284,1477651862560133,1,14.7338989742232
10206906030262832,1674987226048875,1,4.7819525573999
1113728978638145,914116092001142,1,3.56968048502597
10153425952533532,1229112313782698,1,5.9821931254422
140645352966158,1035314519836199,1,7.96800917626329
434633080062354,157307111289538,1,3.58195437176211
497776730383774,441791196018550,1,1.98878005599265
139493729744950,1676855795934448,1,4.78087862150809
1198079436883830,1507447266249110,1,1.99308311516914
1654603448137988,979761405403606,1,11.1531967723763
1641268906161436,795999260515174,1,2.39274207524871
626469317493279,465988266906746,1,6.38016509012627
551934978296072,1516517512002547,1,3.5792702268348
407511526113695,858613124201123,1,3.59012310039643
1646438118961908,496036427268213,1,7.57235572155455
1050335081664729,511804775649731,1,5.16595499753898
758271054278851,1483723631934208,1,1.98869822845321
450738748448749,455637751283813,1,16.7379203283455
788317357957045,1515953172065039,1,2.78822412309119
758271054278851,905008766246226,1,1.99032108961589
442822525920982,874835075904840,1,2.39347075922758
10153310309248652,489692841197214,1,4.38012099958477
191768501165993,157307111289538,1,2.78475517852066
1490465341258092,583936238376872,1,2.79118225971731
777188089076714,505404526303554,1,5.17088043759281
1918074828416926,922971211103579,1,2.39263413055261
1061161753902230,995025613883488,1,2.78444308187585
1520722144905458,939849736108849,1,3.58474003976731
1663033437300136,406829072835666,1,0.395396875430293
10206906030262832,1743389909222551,1,4.7775401955098
143762049315634,1483723631934208,1,10.3604895612566
1216804721669942,1530342330623823,1,11.9200946609642
184243938587150,802887543069782,1,10.3615498110501
1649583141928958,905008766246226,1,3.18249857141287
10203670881130844,2147949678679083,1,2.39128511855827
191860567816048,1621002981483264,1,9.16698220537228
10203702016269164,905008766246226,1,2.78734702371964
508592469316630,874334249323234,1,2.78857929873972
1685403541673769,985219994862772,1,5.18322810464434
1057105014307763,538279132989832,1,4.78084751017802
411111455752491,830956830352088,1,2.39265935233639
173533356327149,587786681361995,1,3.96743167977533
1648463938763389,157307111289538,1,3.18279261443187
1505969059702279,441791196018550,1,7.56214911763821
777401619073114,1676855795934448,1,2.78797073684103
1517580485219420,977637265608801,1,0
10153731740018430,714537595342870,1,6.379306741772
1512416739084866,1483723631934208,1,6.77456058901502
499389476898835,147933212231456,1,5.52419862518235
1663033437300136,874334249323234,1,0.395383294846622
513601645466348,982290421810279,1,2.78414286299165
1934781353412802,587786681361995,1,4.35754118821247
447314352120923,617788491694733,1,4.38031272806856
10153728221469138,511804775649731,1,1.9868088074652
1666942073552391,587786681361995,1,5.55184849060683
449296218608148,982290421810279,1,2.78492092317743
726783144121341,1621002981483264,1,11.9605529065369
551934978296072,1708970406004977,1,3.58725210707355
844371862346731,857622540975972,1,8.7529111027921
128541460842924,511804775649731,1,3.18037490813479
417376031789328,874334249323234,1,5.57650437390471
666390466796788,411662922360897,1,1.99295270291273
136742366687500,424468137738057,1,2.7892674126362
184243938587150,977637265608801,1,0
10153716637132428,905008766246226,1,3.58524019179719
1521273348199107,527385800759438,1,1.98317602596392
452102751642373,1525089304475624,1,6.36606532908986
1094488220561389,491548331013231,1,2.79203278250028
849896485129765,982290421810279,1,3.58355993975451
513903832121776,795999260515174,1,4.3827128929628
189917894683001,1667371076875337,1,6.77598557583755
10153710102894362,508147322683858,1,6.77944673623471
10201015086295200,553707154776476,1,1.99375771818165
452102751642373,1676329352608101,1,6.36334366565516
467894660064257,1676855795934448,1,4.38361022167007
641011606001289,1120129624678935,1,9.16703397770241
546639112159022,802887543069782,1,3.18686935255077
170919729923576,171069349914286,1,5.17755041347881
1111298315547827,975449605847497,1,4.38288357145682
1521110631534260,157307111289538,1,2.38668686456323
1648463938763389,1552412775048787,1,3.1847224252914
625758314229025,1658552184361587,1,2.38841530179157
10207127847588396,1647507122170549,1,7.15858771473944
10153784229920844,411662922360897,1,3.98430297807308
10208238589109344,424468137738057,1,7.57301952286896
742711882501236,1635747950032736,1,11.1613637952341
1656655851269317,587786681361995,1,6.73755498333879
1503297083304581,497540377073623,1,19.5310226922978
10206906030262832,487623601362936,1,4.77914743860823
484056645108661,920532884705447,1,0
755583684588001,411662922360897,1,3.58823031806371
844371862346731,192475747754735,1,8.76661453479064
10103284601249614,482838738558603,1,2.79089222404351
10102750816468698,482838738558603,1,2.78954127647395
758271054278851,975449605847497,1,1.98957914490051
585266574953652,511804775649731,1,2.78434512991526
10201144172402116,1635747950032736,1,6.76888974107612
10203766654366184,1151740234853898,1,5.98259712320749
728066947338277,587786681361995,1,2.77217013527355
844371862346731,914116092001142,1,8.71645247693474
1930036233887304,157307111289538,1,2.79043898050397
431568943719678,587786681361995,1,4.36036591534848
508149802696009,1635747950032736,1,3.98783912545028
1654603448137988,1621002981483264,1,11.159230446416
1524582311198491,1515953172065039,1,5.18846772335852
10207898863450544,426995257494915,1,5.1834422715243
1667249380197549,1640326062879659,1,1.98953624878306
1667642960158946,857622540975972,1,3.17976185199264
500427516800893,553707154776476,1,2.79106714159209
501292240049036,802887543069782,1,2.78823015760834
139493729744950,587786681361995,1,4.75015466357184
737701309662788,403409569850856,1,0
513601645466348,874334249323234,1,2.78653130798276
140561939637308,983628185032105,1,3.18989954413746
450738748448749,982290421810279,1,16.7131902286656
10207933931007486,1225088244174418,1,5.58300101360707
10203630983613656,1530342330623823,1,4.36958053586102
1730701060492919,465988266906746,1,3.98547237641165
1716829768546132,503234193169664,1,2.38791877794195
107867549584992,883565628424262,1,3.18586912256687
10153731740018430,199405303727652,1,6.379306741772
10208734314814326,311755245655422,1,2.39100371330486
1078847258822654,995025613883488,1,1.99157008056013
585266574953652,874334249323234,1,2.78796156680283
2186266901513403,508147322683858,1,2.79094224113349
542351085930522,1607843346160408,1,3.98601047557668
431568943719678,874334249323234,1,4.37884648353243
1688923641330525,406829072835666,1,3.1854249275371
1658807861043817,1035314519836199,1,1.99221009145915
496744447165828,911716662252390,1,4.78139038002222
10208430697551840,519090021584170,1,2.27391373247928e-23
1655146798087250,411662922360897,1,2.39210353838027
191768501165993,802887543069782,1,2.78957257333084
742711882501236,1507447266249110,1,11.1622889914187
507563852747117,406829072835666,1,1.59212541210753
837784366335198,1495322954096351,1,5.57308169318532
10208623231044876,482838738558603,1,3.18707214461894
10153669267841768,1743389909222551,1,1.59093076301357
10153841103967164,411662922360897,1,3.58670327454413
493639604146555,499466390227177,1,2.38360852541543
1668861940027419,1035314519836199,1,2.39033473096468
515246135302389,499466390227177,1,1.98483214680383
10206906030262832,758846707577663,1,4.78195601023497
1486654704975542,905008766246226,1,3.18364465728886
1522484031407199,874334249323234,1,2.38842610123685
1014016165306228,1035314519836199,1,2.38827192056247
501292240049036,995025613883488,1,2.78491866808863
1934781353412802,905008766246226,1,4.37102489319426
1486654704975542,1519010425083454,1,3.1721863411498
1719199448311480,1647507122170549,1,3.18718154068282
984657964940720,1530342330623823,1,4.76381566931611
434654790068060,496036427268213,1,1.59274269037128
944607878967433,545198285638570,1,2.76404288003013
1628952527355431,892649937474491,1,7.17557311462215
1015583565168117,905008766246226,1,5.57611047612702
1240794062603397,1708970406004977,1,2.10710811867123
572161542937082,770446929732029,1,6.37929839249728
895933887181307,1162044413810114,1,6.3737821968625
711196992346902,587786681361995,1,2.77697737462284
625758314229025,157307111289538,1,2.38250621141666
1216804721669942,1512043439095614,1,11.9593613475396
193016494372691,545198285638570,1,3.9500805180354
797901256985747,482838738558603,1,6.36987598057015
1725778104317661,553707154776476,1,5.97645236613169
1663033437300136,795999260515174,1,0.397176231564918
556386637852586,148966468795177,1,3.18636312871697
10205548979939908,874835075904840,1,5.18029131703249
1503297083304581,785083881617402,1,19.5303173240355
1200835986609754,157307111289538,1,2.38679167583635
10204997278839772,875491222558206,1,3.18611684165834
1628952527355431,114129678945593,1,7.17600078646578
417376031789328,508147322683858,1,5.58027289201168
1522953398019219,157307111289538,1,3.18290129153765
10153310309248652,482838738558603,1,4.38287042688593
1654603448137988,1651077358490304,1,11.1592893270107
719855601482008,983628185032105,1,5.98057668500381
1188607327823189,905008766246226,1,1.5926555413223
1262477510445433,857622540975972,1,2.78863384574883
170919729923576,802887543069782,1,5.17828881271229
10204729072301058,864041886997217,1,3.98812321123328
500427516800893,511804775649731,1,2.78220505174601
1050335081664729,595595830581398,1,5.18050472280428
10153731740018430,1532926813694297,1,6.379306741772
731425573668695,982290421810279,1,2.38404110959566
513180892180206,1658552184361587,1,3.58885101272986
1197133633636680,1635747950032736,1,2.79109581525139
785329451596424,963826993656703,1,3.58756098479992
944607878967433,1557137024539335,1,2.78567080792422
771151099681189,906639566051815,1,3.96838496952126
10153059125551986,1683796151836864,1,4.7859926027387
10206906030262832,482838738558603,1,4.77727990324903
1497516140543169,795999260515174,1,3.98159262265738
1520683351575003,540286862788351,1,14.7362661497501
491323391040278,1650760668536515,1,2.78901056794935
719855601482008,511804775649731,1,5.96827948354912
1636003713338961,482838738558603,1,3.98179062900865
193719064300608,528961267266179,1,0
1934781353412802,934528249967335,1,4.37691341316033
10208059095264416,714537595342870,1,5.18547577973737
10153751415924284,436888249849609,1,14.7549947829805
139493729744950,1656401337951247,1,4.78057619201516
10153841103967164,482838738558603,1,3.58331101346964
742711882501236,1647213525551952,1,11.1627400209903
1666942073552391,890966060986998,1,5.57064040817731
559615954200736,587786681361995,1,2.37735564630607
719855601482008,1649497315327916,1,5.96993658927961
432862853587844,182639612078173,1,2.38653860706779
1512808485683180,482838738558603,1,3.97996960042984
128541460842924,1527444727569728,1,3.17979807987414
1512808485683180,764835670294999,1,3.98034280585103
10204592990854242,1650760668536515,1,3.98327948919567
987728801294374,1647583882159262,1,2.79045364962853
189917894683001,406829072835666,1,6.76726702171384
551934978296072,587786681361995,1,3.56705244104638
1197133633636680,406829072835666,1,2.78768652245017
742711882501236,1708970406004977,1,11.1583689261838
797901256985747,1676855795934448,1,6.37734069118674
533004343519772,906401222748379,1,3.92322890735897
837784366335198,511804775649731,1,5.56657673208444
527814970726131,934528249967335,1,9.96483170973944
1647618032193437,802887543069782,1,4.3801992510132
189917894683001,1495218810806969,1,6.76697369097427
587710671382257,482838738558603,1,5.17585110566565
1633105003608340,1035314519836199,1,3.98365809045141
553710531444429,985219994862772,1,2.39149711896807
656073034532759,117378128624899,1,3.18728905300064
1732962863593662,511804775649731,1,3.16614704061568
10208020264844684,1521719851485619,1,9.17157522097396
171160366569555,857622540975972,1,13.131353103204
1264816113545179,511804775649731,1,3.18021124270295
841149452697791,157307111289538,1,5.56935160076608
1512416739084866,1647507122170549,1,6.76468663869706
508149802696009,1708970406004977,1,3.98792737734274
10207020555863952,905008766246226,1,3.18383227133192
1666942073552391,1516028465387070,1,5.57723719969311
112036512495862,795999260515174,1,3.58517023989019
170919729923576,1647507122170549,1,5.16959812721656
1068552076511289,758846707577663,1,4.38101212139842
118907701812571,982290421810279,1,3.17840018571367
1723085601253037,522546991255308,1,2.79191626938098
10207898863450544,796359963823801,1,5.18279748092082
188622934811728,1681056058808309,1,1.99138275653359
10203670881130844,157307111289538,1,2.38768461421265
535137073315462,511804775649731,1,3.17946371212817
10153747645909914,982290421810279,1,4.77696908162586
167105196975226,857622540975972,1,3.58285737083236
1521273348199107,508147322683858,1,1.99156429569062
1719199448311480,1672166549701268,1,3.19066361676968
141680539527313,1006657816062381,1,2.39104723485992
484346231726681,1515953172065039,1,2.78628091320516
10204997278839772,471379523018564,1,3.1883220583489
1638369666436552,1077965492215167,1,1.98915088289571
895933887181307,1621002981483264,1,6.37461414503196
742711882501236,553707154776476,1,11.162618950811
1111298315547827,311755245655422,1,4.37602514427534
714714581993034,1712903448943953,1,1.99126610458513
493639604146555,406829072835666,1,2.38644142924337
1633352696938851,1676855795934448,1,2.39063680916646
769990746444431,874334249323234,1,5.17614461448453
10207808222461364,1660504720886715,1,4.38424966657182
1207500492600083,955987737813861,1,4.78309683958955
414599392078162,1643381175903642,1,3.18555384732528
10153751415924284,874835075904840,1,14.7534206148387
496733093842097,983628185032105,1,3.18859992030066
450037791864047,1515953172065039,1,2.39012933582553
1015583565168117,1548678642090619,1,5.57992625707086
542864939199605,1722593361302843,1,8.76443398925461
10203630983613656,1162044413810114,1,4.38466723432669
1501856920142105,508147322683858,1,7.96966955637915
773330646112734,983628185032105,1,9.96060794689097
886757811432114,482838738558603,1,2.78426761234315
10153201469391724,482838738558603,1,3.58214706784251
427463854124684,1245920382101712,1,5.57957956887222
1512416739084866,1521483178178527,1,6.77364331858933
1068552076511289,491548331013231,1,4.38128270300716
1209944535689463,157307111289538,1,3.18326412148398
742674219199963,1647507122170549,1,5.17056337753964
10153041441842692,482838738558603,1,1.98967026807442
1240794062603397,1719877178240884,1,2.11082474162741
10153731740018430,1024404200913038,1,6.38054364502553
427463854124684,857622540975972,1,5.57650416979407
10201186044170432,1650760668536515,1,3.98074481432479
191477854524248,1006657816062381,1,3.1878683421124
1523529171293144,977637265608801,1,0
142881026070824,874835075904840,1,2.78616748957419
143762049315634,625905840883347,1,10.3630279752468
10207963509542492,1502067896755875,1,3.19009434211081
753474001425882,857622540975972,1,1.99160038363709
1222781891072378,883542348401279,1,3.18499063381642
1014016165306228,802887543069782,1,2.38835345714243
421832248016283,1743389909222551,1,3.18671450210453
10203630983613656,148966468795177,1,4.37852939152286
181197955557698,465988266906746,1,4.38325839420076
10206906030262832,406829072835666,1,4.77822641301873
166359100384831,905008766246226,1,3.18125008825177
926381767410064,587786681361995,1,3.96742935815151
10153731740018430,1862289050664286,1,6.379306741772
895933887181307,414057348785375,1,6.36537796036985
457613797776937,985219994862772,1,2.38974491406549
626469317493279,406829072835666,1,6.36791709221339
1635523966717207,148966468795177,1,3.98046483466325
171534213198113,511804775649731,1,11.52439747938
139493729744950,795999260515174,1,4.77932341998638
755583684588001,874835075904840,1,3.58747384128677
534795423351077,587786681361995,1,2.37182508861048
10200902674007276,424468137738057,1,2.78892634978912
527814970726131,2147949678679083,1,9.96455777599627
10208020264844684,1162044413810114,1,9.17027376405751
10208430697551840,494764264037412,1,2.38971497909871
1687617991524721,1530342330623823,1,3.96694031687622
604517696354265,424468137738057,1,2.39166125847585
412039719004284,1495643027398937,1,3.8854327256627e-23
626469317493279,2147949678679083,1,6.37828540532498
10205166958160524,1862289050664286,1,1.59082092095045
10208238589109344,489393957905197,1,7.57371576915325
127899517575510,1006657816062381,1,9.5683373648015
170919729923576,1035314519836199,1,5.17900023878695
870590129714745,1698245300413118,1,1.99338494421075
1666942073552391,157307111289538,1,5.57166391751605
1209944535689463,1722593361302843,1,3.18652152422244
987728801294374,955987737813861,1,2.78928412336065
539326799554165,508147322683858,1,7.97497620491797
491323391040278,1523381281314094,1,2.78929152903369
188622934811728,1515953172065039,1,1.98861139650168
10205719556888440,505817212923414,1,5.98142495822639
932468050179679,609445715860145,1,2.79116383420229
527814970726131,1517636418547610,1,9.95310124775896
1725778104317661,875491222558206,1,5.96980368135714
10206940758694626,199405303727652,1,3.19090610195608
1110211555664753,406829072835666,1,3.9735447460899
434633080062354,505404526303554,1,3.58574792353234
10102750816468698,1419793634991801,1,2.78954127647395
886757811432114,802887543069782,1,2.78795004321682
1138971446113805,147933212231456,1,6.7139320476292
515246135302389,587786681361995,1,1.98155152035868
10207918056730800,1136662996361958,1,0
847450522035365,1672166549701268,1,4.78400896252839
534795423351077,406829072835666,1,2.38620923946909
457613797776937,157307111289538,1,2.38562511435306
1031703450185040,1708970406004977,1,3.18841060735169
10205718333372740,311755245655422,1,3.18773670177337
1655146798087250,471379523018564,1,2.39098780073147
10156191108435322,494764264037412,1,4.7794402711388
1520152658305066,455637751283813,1,4.78410773302249
773330646112734,995025613883488,1,9.95049378693246
1076260289050641,503234193169664,1,3.58297923687981
1079563472063025,1035314519836199,1,3.18646637711741
1505969059702279,1495218810806969,1,7.56388472769472
140645352966158,1517252088592543,1,7.96572216486979
1658349747755273,1656401337951247,1,2.38856072524494
1512808485683180,406829072835666,1,3.97912250691748
1517580485219420,587786681361995,1,2.77453781703021
473057772881230,665950596841543,1,6.77284381213628
836540786464709,411662922360897,1,2.79158349590926
10153534752532024,426995257494915,1,5.98257384909315
926381767410064,983628185032105,1,3.98404428016646
128541460842924,1530342330623823,1,3.17661969466109
534795423351077,511804775649731,1,2.37124296005836
604517696354265,423717384415158,1,2.39196568410467
10203630983613656,608762552594198,1,4.38275261229729
1530719623918188,959800754113122,1,3.57999132300951
127899517575510,1517636418547610,1,9.55470875718847
779761258836576,975449605847497,1,3.98367543595859
1061161753902230,1635747950032736,1,2.7895636052822
1007278812646797,157307111289538,1,3.58300864458111
189917894683001,455637751283813,1,6.77330217670402
1628952527355431,1164280260255705,1,7.17585447223905
542351085930522,1703776966504174,1,3.98620094052344
143762049315634,728667207277026,1,10.3587837875379
449445798585494,505817212923414,1,4.77918188529471
701059946694911,494764264037412,1,3.98343687658713
1522484031407199,587786681361995,1,2.37465245671964
540866352746073,802887543069782,1,1.99031525480629
10153310309248652,931978370186855,1,4.38777043611733
469001606618204,1568731703380247,1,5.57709114647215
1486654704975542,1118925088119512,1,3.1838319865997
744647905668436,1078098455568197,1,5.97156610104395
771151099681189,538279132989832,1,3.98356952697546
10207918056730800,183697085309052,1,1.59517278834668
892618300854855,1483723631934208,1,2.78843748607059
1640490862888349,1653992801547099,1,7.16018602305293
594268804047130,326413324149212,1,1.98998541056828
10207127847588396,1743389909222551,1,7.16357421936662
10208020264844684,741573269308723,1,9.16621009341269
450037791864047,508147322683858,1,2.3904697149234
1523731894619534,1515953172065039,1,1.99232086404565
10153623207422850,991910604185166,1,3.5895049560581
499389476898835,1495322954096351,1,5.57926860576629
520184324811726,1530342330623823,1,2.78147383070539
587710671382257,406829072835666,1,5.17102664283084
945132885542349,1676855795934448,1,2.78847179447309
1730701060492919,1035314519836199,1,3.98525084300809
173533356327149,874334249323234,1,3.98432382527587
10153245622198310,758846707577663,1,4.38369654422767
489106891271298,587786681361995,1,2.3778403038709
10153751415924284,1162044413810114,1,14.7534206148387
931874233549485,874334249323234,1,3.98300023233272
1520683351575003,1006657816062381,1,14.7427015753748
870590129714745,1717752625120818,1,1.99307706955721
484056645108661,1722593361302843,1,4.38053066165649
1262477510445433,424468137738057,1,2.78960845531762
10153623207422850,482838738558603,1,3.5866514562963
10153731740018430,112055882496156,1,6.379306741772
1668948343347366,157307111289538,1,7.95357112105076
519899301512791,1105684389456261,1,5.17634763786532
529452507222509,587786681361995,1,2.76966237733391
510174425812339,802887543069782,1,3.58465419169974
132782073751593,785327294945736,1,4.38442989921616
10208234558489760,411662922360897,1,1.59531441295146
870894306359712,1530342330623823,1,3.57464496178691
10207918056730800,545198285638570,1,1.57992769426209
10153245622198310,1487338478240415,1,4.38369654422767
904674892934101,906526716092147,1,5.13981750417225
698375650299059,767175890075974,1,1.98827763113282
10201144172402116,1507447266249110,1,6.77144296343309
1512416739084866,764835670294999,1,6.77154454284644
171950143153804,802887543069782,1,5.18014395685549
1646438118961908,727351294066130,1,7.57989854502363
726783144121341,995025613883488,1,11.946796745421
756387537820954,1515953172065039,1,2.39017011767873
10208020264844684,426995257494915,1,9.17178119423873
1716829768546132,511804775649731,1,2.38202628586325
10205683042099392,1530342330623823,1,1.97732467982388
10153710102894362,554566951363535,1,6.76575109914861
520184324811726,508147322683858,1,2.78906527162701
737701309662788,411662922360897,1,9.56612802408676
10203678931132960,905008766246226,1,3.18450851892654
507563852747117,527385800759438,1,1.58807761132591
551059868404585,1647507122170549,1,3.18518557804749
10153751415924284,1658388237753858,1,14.7554567047159
1646438118961908,2147949678679083,1,7.57964202563335
421832248016283,890545864386215,1,3.18791059899378
643772309097071,455637751283813,1,2.3863832712416
10103397799779096,785083881617402,1,5.97657474684991
1640490862888349,1646169172322185,1,7.16048874347213
10207933931007486,925268004218508,1,5.58319955295286
779761258836576,508147322683858,1,3.98339808945277
563887893777068,1515953172065039,1,3.58191637660112
10153633400425090,1862289050664286,1,1.9933112334315
1059452377407822,985219994862772,1,3.58720277067034
10153813028960160,1521719851485619,1,2.39228225193769
840799026032607,850447408407557,1,1.19637132992353
10207933931007486,785327294945736,1,5.58324575544086
508149802696009,493719907454733,1,0
1730701060492919,1516028465387070,1,3.98460149437494
548892231931724,1530342330623823,1,7.53978127290763
1200835986609754,511804775649731,1,2.38919926815951
10153868264978394,511804775649731,1,2.38297309410985
10153731740018430,545198285638570,1,6.32160155335337
140645352966158,874334249323234,1,7.96071185339012
922282511184349,482838738558603,1,3.58289933616134
10153276223956818,764835670294999,1,5.57779245838085
1521769931482549,527385800759438,1,6.7441970095462
1674223596191112,982290421810279,1,2.38630767394121
523483477808212,802887543069782,1,5.59415940466092
1188607327823189,920532884705447,1,0
1262477510445433,995025613883488,1,2.78816887895997
148379555518355,1653260184922609,1,2.39365355827549
1501856920142105,157307111289538,1,7.95546740465563
1628952527355431,725340260922835,1,7.17598652035127
542864939199605,906526716092147,1,8.72555629851653
1198079436883830,1502150523415752,1,1.99255479693698
587710671382257,905008766246226,1,5.17482219633752
10207918056730800,805947839515103,1,1.59432881194662
1567953666779823,1681056058808309,1,3.58264377110156
975970165801193,1800241690202920,1,2.78646378889092
1930036233887304,1078098455568197,1,2.79087316658929
904674892934101,942502089120677,1,7.09138802955439e-23
183740808638809,427989960731914,1,2.78982503471863
10203577386353640,1635747950032736,1,2.79018049873732
183303732011968,795999260515174,1,2.39216029762151
183740808638809,424468137738057,1,2.79143523182073
412039719004284,1517252088592543,1,3.18665011850701
188932614781344,182639612078173,1,2.38160712565241
519899301512791,890966060986998,1,5.17634763786532
140645352966158,2111249605680682,1,7.96758450699787
490917987736402,511804775649731,1,4.76709653347233
1111298315547827,497540377073623,1,4.38219174240616
1647618032193437,2147949678679083,1,4.38060760553174
10207127847588396,157307111289538,1,7.16346356784482
785329451596424,1708970406004977,1,3.5858881986762
433606973494655,494764264037412,1,2.39215080607351
10208623231044876,471985069655963,1,3.18984059553107
520184324811726,1676855795934448,1,2.78917484086959
10153710102894362,148966468795177,1,6.77034249641234
987728801294374,1683796151836864,1,2.79009721725808
1216804721669942,1515953172065039,1,11.9536330699315
192136344460462,796359963823801,1,5.17212427502863
133858413643559,406829072835666,1,4.77626271066669
10207132453048284,406829072835666,1,3.18795322174892
742711882501236,1517636418547610,1,11.148086584902
407083886168985,1643381175903642,1,2.78839884014182
1138971446113805,587786681361995,1,6.74367488300406
10153731740018430,505814529591768,1,6.38024357739531
188622934811728,1661242774134560,1,1.99010336343785
1668948343347366,1213165988698115,1,0
849872261794922,553707154776476,1,3.18600904456555
551934978296072,977637265608801,1,0
572161542937082,1674089026164377,1,6.37898646035329
1503297083304581,1635747950032736,1,19.5272417864657
510392759134995,553707154776476,1,3.18835978986416
726783144121341,1698245300413118,1,11.9605857061024
643772309097071,1635747950032736,1,2.38669967885827
698375650299059,1523381281314094,1,1.99308988457914
551059868404585,587786681361995,1,3.17048744938393
1666942073552391,1035314519836199,1,5.57856991908729
148379555518355,1709634665938326,1,2.39365355827549
10153841103967164,147933212231456,1,3.55534479213276
450738748448749,494764264037412,1,16.7423627768621
895933887181307,455637751283813,1,6.3728366872052
527814970726131,802887543069782,1,9.96361662449505
10204592990854242,511804775649731,1,3.97153895481008
407511526113695,297183720488226,1,3.58976586337963
10153004755491600,1532926813694297,1,6.37598898301791
1638369666436552,1643381175903642,1,1.99112770363785
10153388021858882,857622540975972,1,1.59252587160517
701059946694911,157307111289538,1,3.97919946947042
493639604146555,1676855795934448,1,2.39130452671415
10205166958160524,311755245655422,1,1.59179079544351
10153425952533532,1513489878975889,1,5.98167997595199
1934781353412802,157307111289538,1,4.36970039440179
1683424385228146,511804775649731,1,1.58772602737434
1138971446113805,920532884705447,1,0
788317357957045,553707154776476,1,2.78942149227556
1647618032193437,587786681361995,1,4.3627742463034
184243938587150,1162044413810114,1,10.3591743187564
10153633400425090,1162044413810114,1,1.99325611975245
737701309662788,406829072835666,1,9.55391241732128
112036512495862,677952745575695,1,3.58127044445794
513601645466348,795999260515174,1,2.78909102124535
559615954200736,802887543069782,1,2.38796508765098
10201268432310336,1862289050664286,1,2.39228779147391
1641268906161436,874334249323234,1,2.39005606630706
548892231931724,157307111289538,1,7.56015412728098
10153868264978394,545198285638570,1,2.37316621105145
10153728221469138,1530342330623823,1,1.98468832977285
500427516800893,1514772282153569,1,2.7910302430836
10153606275521140,1647507122170549,1,2.77720193007753
742674219199963,947082921995712,1,5.18079407438911
1725778104317661,874334249323234,1,5.97123295525202
407511526113695,682401445211994,1,3.59012310039643
509287069249674,1647507122170549,1,2.38673231086663
167105196975226,455637751283813,1,3.58673913333803
870590129714745,947821865304797,1,0
10208234558489760,758846707577663,1,1.59443945914405
10203670881130844,1512043439095614,1,2.3916570989587
922282511184349,985219994862772,1,3.5849410595566
617314225074105,117378128624899,1,3.98417879104777
143762049315634,714537595342870,1,10.3630279752468
1503297083304581,863818937066030,1,19.5307388697217
892618300854855,1635747950032736,1,2.78770717799998
10153731740018430,981112258646565,1,6.3789612924942
944607878967433,508147322683858,1,2.78848054605042
551934978296072,406829072835666,1,3.58270637205801
1683424385228146,1077965492215167,1,1.59052071109808
1668861940027419,482838738558603,1,2.38945604873004
493132844181060,983628185032105,1,2.38957577461073
1200835986609754,494764264037412,1,2.39250317535566
959167677485091,864041886997217,1,5.5822310287187
171534213198113,1530342330623823,1,11.5111594318765
1240794062603397,982290421810279,1,2.10226958242417
1015583565168117,148966468795177,1,5.57522030489228
1200835986609754,587786681361995,1,2.38117698873412
143762049315634,1674987226048875,1,10.3630135539056
1008365305886176,1534172186874420,1,3.58636147254024
876994722408125,1640441632884917,1,2.79039463492691
867462980017143,857622540975972,1,5.97210667025668
1510819109244921,874334249323234,1,3.17956074365067
484056645108661,192475747754735,1,4.38226285786345
1651039455150853,508147322683858,1,3.18217251106516
1772571746303512,983628185032105,1,2.79054140484019
853789684741589,1647507122170549,1,2.38551206328612
450037791864047,471379523018564,1,2.39051917470883
1057105014307763,1502067896755875,1,4.78268147093569
1521130751535783,424468137738057,1,2.39164724160475
932468050179679,857622540975972,1,2.78727447430636
875164032590454,1530342330623823,1,1.98714224147119
193719064300608,863818937066030,1,3.98939431493977
417376031789328,455637751283813,1,5.57909834718392
10153004755491600,736854409753137,1,6.37379846931497
132782073751593,311755245655422,1,4.38724719869586
10208078682148132,398686067005910,1,4.7860074891915
192136344460462,406829072835666,1,5.16127021590328
10101850038859288,874835075904840,1,4.38190277629315
450738748448749,2111249605680682,1,16.7397020781413
539326799554165,920532884705447,1,0
135085436853805,919883004725577,1,1.99327774458607
437117823155914,455637751283813,1,2.39176638635928
491323391040278,2147949678679083,1,2.78860655757706
10153059125551986,183697085309052,1,4.7859363676756
10153425952533532,545198285638570,1,5.91755024325212
938511266229256,874334249323234,1,3.57716469730873
1497516140543169,1647507122170549,1,3.97375168805153
1078847258822654,192475747754735,1,1.99449540064681
1628952527355431,608762552594198,1,7.17276568543516
190802747923257,983628185032105,1,3.58170115931462
192136344460462,1648052285418189,1,5.17439474976807
507563852747117,1648052285418189,1,1.59435932436392
172315433118941,508147322683858,1,1.99229984114134
875164032590454,608762552594198,1,1.99296533502327
769990746444431,1708970406004977,1,5.17865223935575
10206906030262832,411662922360897,1,4.78117291907006
10205683042099392,1635747950032736,1,1.98895681437173
10208078682148132,311755245655422,1,4.7827458977305
132782073751593,874835075904840,0,4.38278849181808
132782073751593,1521719851485619,0,4.38442989921616
132782073751593,632343673535086,0,4.38278849181808
139493729744950,764835670294999,0,4.78156976268982
139493729744950,1568731703380247,0,4.78165050133193
140561939637308,856704631068589,-1,3.18856965935354
140561939637308,424468137738057,-1,3.18979587304993
140561939637308,114129678945593,-1,3.18979587304993
140645352966158,857622540975972,0,7.95579314000779
140645352966158,919883004725577,0,7.9678988375105
140645352966158,148966468795177,0,7.96360259146094
154711438221800,134546073570468,0,5.17936443874661
167105196975226,471379523018564,0,3.5869284732356
170919729923576,1527601337508454,-1,5.1765074293597
171160366569555,1637400096532178,-1,13.1505101296006
171160366569555,856704631068589,-1,13.1358678558381
171160366569555,1649574428587670,-1,13.1507897489605
171160366569555,905008766246226,-1,13.1347660708418
171950143153804,874334249323234,0,5.17621499913671
171950143153804,1698245300413118,0,5.18076548661555
171950143153804,977637265608801,0,0
173533356327149,505404526303554,0,3.98177852699302
173533356327149,1118925088119512,0,3.98563262805707
183303732011968,511804775649731,0,2.38932140421238
184243938587150,446234268895916,0,10.354426460357
189917894683001,1513489878975889,0,6.77614523314524
189917894683001,1653992801547099,0,6.77614592312462
189917894683001,1634227493510358,0,6.77431639499193
189917894683001,424468137738057,0,6.77578081558763
189917894683001,429444030594966,0,6.77014166539268
189917894683001,1118925088119512,0,6.7758708702579
189917894683001,931978370186855,0,6.77560608695559
189917894683001,545198285638570,0,6.69784165833787
189917894683001,1517252088592543,0,6.77508118379726
189917894683001,1648052285418189,0,6.77330217670402
189917894683001,114129678945593,0,6.77578081558763
189917894683001,1678424979065826,0,6.77096479948115
189917894683001,1743389909222551,0,6.76634458197153
189917894683001,982290421810279,0,6.76629704655487
191477854524248,505817212923414,0,3.1868086895913
191477854524248,1514772282153569,0,3.18784975286509
191477854524248,465988266906746,0,3.18747290062981
192474881087926,1514772282153569,0,2.39150525199068
192474881087926,1712903448943953,0,2.39131002059121
192639284405898,1514772282153569,0,3.18893316378409
192639284405898,1715978725289059,0,0
192639284405898,1647507122170549,0,3.18013951580347
192639284405898,1515953172065039,0,3.18598858021577
193016494372691,487623601362936,0,3.98566868207701
193016494372691,414057348785375,0,3.9813410323009
193719064300608,482838738558603,-1,3.98490548439831
208501676148665,1077965492215167,0,1.9913822594396
208501676148665,1634811676806312,0,1.99259133281095
208501676148665,995025613883488,0,1.99006417053839
208501676148665,157307111289538,0,1.98907512274572
208501676148665,983628185032105,0,1.99259133281095
208501676148665,1647507122170549,0,1.98996680774123
208501676148665,1245920382101712,0,1.99285415995427
208501676148665,875491222558206,0,1.9912664759848
208501676148665,1701251846786746,0,1.99229077489457
208501676148665,982290421810279,0,1.98907512274572
407083886168985,2147949678679083,0,2.78922400704077
407083886168985,1077965492215167,0,2.78508382359027
407083886168985,489692841197214,0,2.78548275529609
407083886168985,1185663778130472,0,2.78789303356945
407083886168985,540286862788351,0,2.78811687368944
407083886168985,1748602092029489,0,2.78902605441793
412039719004284,875491222558206,0,3.18269435369693
417376031789328,494764264037412,0,5.58029577301489
427463854124684,1643381175903642,-1,5.57950902955803
437117823155914,192475747754735,0,2.39248956923927
437117823155914,538279132989832,0,2.39132885577132
437117823155914,1507447266249110,0,2.39213159384578
437117823155914,172015596484680,0,2.39272293658534
437117823155914,511804775649731,0,2.38535356836016
437117823155914,148966468795177,0,2.39188713099966
442822525920982,1225088244174418,0,2.39351758350364
447314352120923,587786681361995,0,4.36733364593166
447314352120923,521058938061840,0,4.38199495846191
447314352120923,171069349914286,0,4.37739861058529
447314352120923,977637265608801,0,0
449296218608148,553707154776476,0,2.789705849116
452102751642373,425697107630544,0,6.36279579089795
452102751642373,1521483178178527,0,6.36279579089795
452102751642373,963139843743501,0,6.36586770954485
452102751642373,430795103770759,0,6.36830910377602
452102751642373,134546073570468,0,6.36481888823
452102751642373,141783372845728,0,6.36840264020859
452102751642373,1656182334649628,0,6.36054007121228
452102751642373,1017664094920484,0,6.36795780842946
452102751642373,631984013611089,0,6.36586770954485
452102751642373,942145629156651,0,6.35947657181044
452102751642373,934528249967335,0,6.36824672882845
452102751642373,1643381175903642,0,6.36524470055225
452102751642373,1516517512002547,0,6.34249608931522
452102751642373,141981386160261,0,6.32581072719932
452102751642373,1517636418547610,0,6.35461052603349
452102751642373,913726102016230,0,6.3683965802184
452102751642373,587786681361995,0,6.34014003076159
452102751642373,157307111289538,0,6.36103669243345
452102751642373,553707154776476,0,6.36793768919939
452102751642373,886099961445115,0,6.36817964890534
452102751642373,1185663778130472,0,6.36401765070756
452102751642373,420452458155967,0,6.36326536781902
452102751642373,1727916837436720,0,6.36348907424175
452102751642373,183580841988156,0,6.36279579089795
452102751642373,410271959178819,0,6.36695185827457
452102751642373,746524912158195,0,4.92530181545672
452102751642373,1638389173109087,0,6.36680800180622
452102751642373,1483806378592848,0,6.35137273133866
452102751642373,1626927544222999,0,6.35027439102725
452102751642373,555949701234891,0,6.36680800180622
452102751642373,1516099898705226,0,6.35931499498566
452102751642373,1518472738468607,0,0
452102751642373,654461881357842,0,6.36800962319036
452102751642373,919883004725577,0,6.36730568659483
452102751642373,143844432640742,0,6.36172691229129
452102751642373,446234268895916,0,6.36327783489189
452102751642373,1699526300334531,0,6.36824175255451
452102751642373,1515722348739773,0,6.36739658918256
457613797776937,1650760668536515,0,2.38993336802288
457613797776937,1006657816062381,0,2.39030511480266
457613797776937,406829072835666,0,2.38600363859824
457613797776937,1507447266249110,0,2.39021207298864
457613797776937,1706173342932599,0,2.39024466435228
457613797776937,982290421810279,0,2.38562511435306
467894660064257,587786681361995,0,4.36089938271652
467894660064257,874334249323234,0,4.38356117174471
467894660064257,1698245300413118,0,4.3843781384011
469001606618204,1515953172065039,0,5.57633676722096
473057772881230,931978370186855,0,6.77367215477758
484346231726681,982290421810279,0,2.78099167826856
489106891271298,1676855795934448,0,2.39163679254875
490917987736402,2147949678679083,-1,4.78025165519661
490917987736402,489955701191791,-1,4.76485525600198
491323391040278,942502089120677,0,4.26142997845327e-23
491323391040278,857622540975972,0,2.78351393543845
491323391040278,406829072835666,0,2.78350950970871
491323391040278,874334249323234,0,2.78643431308298
491323391040278,508147322683858,0,2.78980459042394
500861113420487,527385800759438,0,3.56858037817624
500861113420487,1634811676806312,0,3.58075088642037
500861113420487,1507447266249110,0,3.58256896807424
500861113420487,608762552594198,0,3.58274762390863
500861113420487,795999260515174,0,3.58274762390863
500861113420487,1647507122170549,0,3.57561456167878
500861113420487,331003723690353,0,3.58075088642037
500861113420487,982290421810279,0,3.57374223953831
503202219861778,721688537965587,0,3.58320188768717
503202219861778,942502089120677,0,5.96648778162396e-23
503202219861778,403409569850856,0,0
503202219861778,857622540975972,0,3.57452687727397
503202219861778,985219994862772,0,3.58082183831355
503202219861778,1035314519836199,0,3.58055631200321
503202219861778,617788491694733,0,3.58321305041379
503202219861778,511804775649731,0,3.56920390015659
503202219861778,1213165988698115,0,0
504382579740186,1646169172322185,0,4.38273887313395
504382579740186,1635747950032736,0,4.38132430784187
504382579740186,1483723631934208,0,4.38224956775491
504382579740186,910059795737600,0,4.37973082542943
504382579740186,1676855795934448,0,4.38271579299381
504382579740186,441791196018550,0,4.37579661594081
507563852747117,1681847088719406,0,1.59402040280202
507563852747117,830956830352088,0,1.59479304392155
507563852747117,732668420104638,0,1.57884506548044
508149802696009,424468137738057,0,3.98779759779936
508149802696009,587786681361995,0,3.96563974801811
508149802696009,795999260515174,0,3.98606418447778
508149802696009,1647507122170549,0,3.9804743971778
508149802696009,1647583882159262,0,3.98817117980313
509287069249674,505404526303554,0,2.38773213062303
509287069249674,117378128624899,-1,2.38963393103464
509287069249674,1647784098809527,0,2.38773213062303
509287069249674,1515953172065039,0,2.38878690182529
513180892180206,436888249849609,0,3.5886447264353
513180892180206,1635747950032736,0,3.58884760628914
515246135302389,802887543069782,0,1.99284725708692
516495948528594,505817212923414,0,3.58231716294184
516495948528594,1641671362774614,-1,3.58089253454135
516495948528594,2111249605680682,0,3.58280361252755
518267068336260,843714479079121,0,3.53907994272669
519899301512791,975449605847497,0,5.1828144503999
523149284516658,1676855795934448,0,2.79144357602797
534795423351077,617788491694733,0,2.38140007582344
534795423351077,736854409753137,-1,2.38135484921977
539326799554165,406829072835666,0,7.96644580168107
542864939199605,1656401337951247,0,8.76956318004834
542864939199605,506193636215894,0,8.77003358074009
542864939199605,148966468795177,0,8.75725588318642
549431708543476,1643381175903642,0,2.38900320443199
549431708543476,553707154776476,0,2.39016334666625
549431708543476,874334249323234,0,2.3861962758681
549431708543476,508147322683858,0,2.39061182727825
549431708543476,148966468795177,0,2.38975016753508
553710531444429,440095206191965,0,2.03865153528003
553710531444429,1515953172065039,0,2.39066936487698
556386637852586,516654305161658,0,3.18636003929048
559615954200736,545198285638570,0,2.37093259160832
559615954200736,982290421810279,0,2.39074213530978
564378157044832,608762552594198,0,3.18626322837831
564378157044832,802887543069782,0,3.18715708639425
565708260247237,1035314519836199,0,3.18671785329264
567767733372047,503234193169664,0,1.99054929961862
580247795461456,482838738558603,0,2.38644981346832
580247795461456,890966060986998,0,2.38671025104515
580247795461456,553707154776476,0,2.39003382825462
580247795461456,503683439801590,0,2.38669923903971
580247795461456,1651077358490304,0,2.39011806975392
580247795461456,101507700221789,0,2.38829651986515
580247795461456,1698245300413118,0,2.38999608326623
580247795461456,1524356571207831,0,2.38999608326623
580247795461456,1568731703380247,0,2.38963477565605
580247795461456,1530342330623823,0,2.38050916401437
587710671382257,764835670294999,0,5.17396336475746
587710671382257,492973564196201,0,5.17649068955128
587710671382257,1523381281314094,0,5.17620341991044
587710671382257,638776259596185,0,5.17787338194286
587710671382257,1635747950032736,0,5.17514372753862
587710671382257,557425051079579,0,5.17818300672378
587710671382257,1017664094920484,0,5.17793453727213
587710671382257,934528249967335,0,5.17833447629512
587710671382257,1633865473528494,0,5.16876366867622
587710671382257,136599536699616,0,5.17792302659448
587710671382257,1507447266249110,0,5.17786182199795
587710671382257,1017645984963730,0,5.17458944469024
587710671382257,802887543069782,0,5.17672761883542
587710671382257,1647784098809527,0,5.16876366867622
587710671382257,1181828128499301,0,5.17323173547395
587710671382257,1552412775048787,0,5.16934224877303
587710671382257,446234268895916,0,5.17287870286066
587710671382257,1709841822580169,0,5.17793453727213
587710671382257,890545864386215,0,5.17840327330847
587710671382257,1008718879187726,0,5.17796757656202
587710671382257,955987737813861,0,5.17730036040549
587710671382257,1530342330623823,0,5.15218791925962
587710671382257,982290421810279,0,5.16993493720078
587710671382257,977637265608801,0,0
587710671382257,1527601337508454,0,5.1727098383339
595204997295165,1162044413810114,0,3.58792306172423
604517696354265,527385800759438,0,2.38057637726815
604517696354265,2147949678679083,0,2.39174291314749
604517696354265,1648052285418189,0,2.39084491489123
604517696354265,540286862788351,0,2.39056640383691
604517696354265,940016226073543,0,2.38892923245211
617314225074105,1667371076875337,0,3.98447060271282
625758314229025,910059795737600,0,2.3883199190442
625758314229025,1505314403101681,0,2.38866840150114
625758314229025,519090021584170,0,2.53003532392723e-23
630907087049569,157307111289538,0,2.7878044338794
630907087049569,147836405575804,0,2.78961863844001
630907087049569,1701251846786746,0,2.78961863844001
641011606001289,1164280260255705,0,9.16642187434427
641011606001289,189292908073143,0,9.16624687539372
641011606001289,983628185032105,0,9.16596212158226
641011606001289,1621002981483264,0,9.16756697935846
648356888637256,732668420104638,0,3.15278768629522
648356888637256,511804775649731,0,3.17924559422727
660661580702842,1708970406004977,0,3.18584415956833
666390466796788,1666441663584627,-1,1.98971831803121
666390466796788,1708970406004977,0,1.99193119035154
695153200619282,499466390227177,-1,3.5771677195861
695153200619282,802887543069782,0,3.58884468542872
701059946694911,638266769648820,0,3.98327742264911
713353622129100,942502089120677,0,0.398895125319851
713353622129100,522546991255308,0,1.99371881178538
713353622129100,934638543238914,0,1.99357554045691
719855601482008,1516517512002547,0,5.96611068559596
719855601482008,1676329352608101,0,5.98038640126471
719855601482008,1624545187788362,0,5.98113309749034
719855601482008,975449605847497,0,5.98084969644255
719855601482008,538279132989832,0,5.98111172044519
719855601482008,157307111289538,0,5.97089208106783
719855601482008,509992435843792,0,5.86224167212968
719855601482008,1621361011463261,0,5.97943242674198
719855601482008,1097525770265879,0,5.96427365006323
719855601482008,1735242010041189,0,5.98178438506647
719855601482008,1638727446395384,0,5.97447892771819
728229983978860,1647213525551952,0,3.58361199080701
728229983978860,1514772282153569,0,3.58380971436551
728229983978860,1648912038721600,0,3.57712542728677
728229983978860,919436231437882,0,3.57093535554492
728229983978860,920532884705447,0,0
728229983978860,995025613883488,0,3.57860159176371
728229983978860,157307111289538,0,3.57970953544265
728229983978860,795999260515174,0,3.58119930590342
730613557069860,406829072835666,0,3.98061869146137
737701309662788,1656401337951247,0,9.5670227833546
742674219199963,1419793634991801,-1,5.17928259827684
742711882501236,1640441632884917,0,11.1620663761986
742711882501236,570911803060678,-1,11.1301953362964
742711882501236,1668720313411815,-1,11.1618460969939
753474001425882,192475747754735,0,1.99328707251161
753474001425882,737090809728395,0,1.99336625890299
753474001425882,528961267266179,0,0
753474001425882,892649937474491,0,1.99306495053546
753474001425882,1647507122170549,0,1.99020972028327
753474001425882,197327703937350,0,1.99126248007069
753474001425882,2111249605680682,0,1.99349406550695
753474001425882,1509061466060315,0,1.99290625539191
753474001425882,959800754113122,0,1.99160611798381
767036236776544,732668420104638,0,2.76250640051291
771151099681189,1647213525551952,0,3.9848946573904
771151099681189,424468137738057,0,3.98522029935307
771151099681189,983628185032105,0,3.98337359918633
771151099681189,909793182438987,0,3.98531331403515
771505632953533,925268004218508,0,2.39086609191951
771505632953533,465988266906746,0,2.38987071265709
771505632953533,1728490300705380,0,2.39030809937271
771505632953533,587786681361995,0,2.38139833743628
771505632953533,117378128624899,0,2.38944273127891
771505632953533,496036427268213,0,2.38463514513886
771505632953533,1661242774134560,0,2.38709189472466
771505632953533,1510567955909044,0,2.3908405925588
771505632953533,904360302946503,0,2.39075903703525
771505632953533,906526716092147,0,2.37180759315754
771505632953533,1495322954096351,0,2.38702859817797
773330646112734,157307111289538,0,9.95015677626742
773330646112734,874334249323234,0,9.95629759735299
773330646112734,677952745575695,0,9.947326580714
773330646112734,802887543069782,0,9.96308086054693
773330646112734,1048580948520263,0,9.96168549693473
780538515424612,983628185032105,0,3.58491685911667
780538515424612,1676855795934448,0,3.5857569968324
780538515424612,511804775649731,0,3.57618921356217
785329451596424,519090021584170,0,0.397704261662047
785329451596424,947082921995712,-1,3.58705810352139
797901256985747,494764264037412,-1,6.3778963407498
801196210006579,1634227493510358,0,2.789877893467
801196210006579,157307111289538,0,2.78873167739377
801196210006579,890966060986998,0,2.78705481838395
801196210006579,874334249323234,0,2.79035987504797
801196210006579,311755245655422,-1,2.78744069696295
801196210006579,736325763177454,0,2.78918199406762
801196210006579,1621002981483264,0,2.79098039999453
801196210006579,1913467532211684,0,2.79129204331268
801196210006579,939638432739841,0,2.77606373645262
801196210006579,480125172148867,0,2.79147354899336
825568154218668,609445715860145,0,5.97606094797982
825568154218668,1667371076875337,0,5.97974391523957
825568154218668,1517636418547610,0,5.96923176388574
825568154218668,1658552184361587,0,5.9806761502707
825568154218668,406829072835666,0,5.97261636505415
825568154218668,538279132989832,0,5.9795560867678
825568154218668,910059795737600,0,5.97656487525823
825568154218668,1621002981483264,0,5.98001540579908
825568154218668,497474997090416,0,5.98042191781156
825568154218668,939638432739841,0,5.95489027223629
825568154218668,1712903448943953,0,5.9808433064517
825568154218668,1419793634991801,0,5.97587888392267
825568154218668,947082921995712,0,5.97907795240656
825568154218668,1089433731068972,0,5.97915071657997
825568154218668,841494475971645,0,5.98045918181659
825568154218668,955987737813861,0,5.97767051521622
825568154218668,1530342330623823,0,5.9551154880877
825568154218668,1515953172065039,0,5.97876953029097
837784366335198,1524356571207831,0,5.57757200270185
840799026032607,983628185032105,0,1.19604497155967
841149452697791,440095206191965,-1,4.71568278465446
843387462427077,1515953172065039,0,1.99104548615666
849896485129765,1667371076875337,0,3.58732397674081
849896485129765,1514772282153569,0,3.58763235180011
849896485129765,942502089120677,0,4.48652299107973e-23
849896485129765,920532884705447,0,0
849896485129765,424468137738057,0,3.5874014082482
849896485129765,587786681361995,0,3.57075687031646
849896485129765,508147322683858,0,3.58669620868123
853789684741589,934528249967335,0,2.39154171466359
853789684741589,494764264037412,0,2.39175170535398
867080830071921,1708970406004977,0,3.1896773041536
867080830071921,1671093049797551,0,3.18853418992036
867462980017143,1483723631934208,0,5.97515676314628
870590129714745,511804775649731,0,1.99253446807038
872186099559377,905008766246226,0,2.78482438082583
872186099559377,1529443567324530,-1,2.78932136067535
873366629437441,1521719851485619,0,2.39191627227035
873366629437441,1006657816062381,0,2.39187784618615
873366629437441,995025613883488,0,2.38905041547018
873366629437441,406829072835666,0,2.38895604633752
873366629437441,545198285638570,0,2.3659577662622
874434149330288,905008766246226,0,3.97723538498731
875164032590454,1515953172065039,0,1.99274500916079
876994722408125,527385800759438,0,2.77830985189836
876994722408125,190853124587106,0,2.78419835372175
876994722408125,419239658279508,0,2.79029668320843
876994722408125,1006657816062381,0,2.79027894654369
876994722408125,465988266906746,0,2.78990572223241
876994722408125,406829072835666,0,2.78760515547116
876994722408125,538279132989832,0,2.79030859382711
876994722408125,1621002981483264,0,2.79004710274291
876994722408125,1663241800631364,0,2.7758305461496e-23
876994722408125,148966468795177,0,2.78610842196157
876994722408125,1509061466060315,0,2.78854128652988
895933887181307,117378128624899,0,6.37406311470048
902569216444779,1674089026164377,0,3.58823936687225
902569216444779,617788491694733,0,3.58781376694981
902569216444779,1528507317470530,0,3.58815407143061
902569216444779,796359963823801,0,3.5873297355584
902569216444779,785327294945736,0,3.5885211106161
904674892934101,1514772282153569,0,5.17763688130484
904674892934101,890545864386215,0,5.17830823353507
921575151231746,406829072835666,0,4.37655098582102
921575151231746,863818937066030,0,4.38300723555947
921575151231746,947082921995712,0,4.38271081372063
921575151231746,1698245300413118,0,4.38316513662868
921575151231746,1530342330623823,0,4.36876334099044
922282511184349,905008766246226,0,3.58373117430264
926901050726647,942145629156651,0,5.97201803480903
931320930249546,587786681361995,0,3.57078977503717
932468050179679,424468137738057,0,2.79213087794939
932468050179679,489692841197214,0,2.78629014166225
932468050179679,147339502294639,0,2.79211486193749
938511266229256,1648052285418189,0,3.58331542573695
938511266229256,795999260515174,0,3.58331542573695
938511266229256,775340979147675,-1,3.58108218112307
945132885542349,157307111289538,0,2.78269757080196
975970165801193,975449605847497,0,2.78679347562593
975970165801193,1162044413810114,0,2.78682856442397
975970165801193,1515953172065039,0,2.78346136217498
979669112071875,1006657816062381,0,3.97780199592689
983526351686099,982290421810279,0,3.576282380028
1007278812646797,424468137738057,0,3.58921888621119
1008365305886176,133798883645899,0,3.58384539898448
1008365305886176,1105684389456261,0,3.58384539898448
1014016165306228,1537877016467620,0,2.38722067475016
1014016165306228,1656401337951247,0,2.38900194082907
1014016165306228,511804775649731,0,2.38057392094358
1015358611820126,1648912038721600,0,3.18483020490346
1015583565168117,157307111289538,0,5.57559226564513
1015583565168117,1515953172065039,0,5.57755918333775
1031703450185040,1507447266249110,0,3.19016848812723
1031703450185040,1512043439095614,0,3.19027195565748
1061161753902230,426995257494915,0,2.79014864688486
1061161753902230,511804775649731,0,2.7844218259523
1068552076511289,874835075904840,0,4.38096890419361
1068552076511289,625905840883347,0,4.38101212139842
1068552076511289,487623601362936,0,4.37864560696032
1068552076511289,985219994862772,0,4.38096890419361
1068552076511289,1661242774134560,0,4.37519954964395
1068552076511289,1800241690202920,0,4.38098197876717
1068552076511289,1743389909222551,0,4.37554323524271
1078847258822654,1118925088119512,0,1.994391251934
1079563472063025,117378128624899,0,3.18678561464039
1079563472063025,959800754113122,0,3.17784321335527
1086763018000674,1703776966504174,0,3.19033680844725
1086763018000674,494764264037412,0,3.19052120285713
1086763018000674,1672166549701268,0,3.1902733661324
1086763018000674,705312679603964,0,3.18886633143014
1107368242648326,117378128624899,-1,2.78738267732667
1110211555664753,920532884705447,0,0
1110211555664753,1701251846786746,0,3.9822699984568
1113728978638145,995025613883488,0,3.58506352475106
1113728978638145,1640768362814765,0,3.58794769414979
1113728978638145,200344163638609,0,3.5833146827378
1113728978638145,982290421810279,0,3.58278509911799
1138971446113805,1654035388177889,0,6.77219599496501
1143885928974082,1118925088119512,-1,4.38214379680637
1143885928974082,906526716092147,0,4.35326066156326
1143885928974082,1735242010041189,0,4.38355096850817
1143885928974082,1530342330623823,0,4.36080369876881
1145851332106821,738555442944145,0,3.98784981062899
1145851332106821,995025613883488,0,3.9820793697333
1145851332106821,553707154776476,0,3.98786885695653
1145851332106821,1495322954096351,0,3.98446763555282
1173989399282043,1517636418547610,0,3.18284979908796
1173989399282043,508147322683858,-1,3.18810887571798
1173989399282043,1647507122170549,0,3.18045981665214
1173989399282043,147933212231456,0,3.16161887099514
1173989399282043,1512043439095614,0,3.18902366000629
1188607327823189,1712903448943953,0,1.59555051172767
1193116397370530,871565706285002,0,3.18946659375209
1193991390627968,155514448138170,0,4.77895761924391
1197133633636680,538279132989832,0,2.79139490320418
1197133633636680,1708970406004977,0,2.79050052368911
1197133633636680,1635667590055386,0,2.79213040893751
1197133633636680,519090021584170,0,2.36820959321862e-23
1200835986609754,527385800759438,0,2.37886107515204
1214706241878014,938658272898644,0,2.392188844539
1222781891072378,1658388237753858,0,3.18687180774873
1222781891072378,398686067005910,0,3.18660243776205
1222781891072378,1647507122170549,0,3.18354610986764
1222781891072378,1656401337951247,0,3.18669616964164
1241481725868432,905008766246226,0,4.3805233987232
1241481725868432,1035314519836199,0,4.38484018515958
1241481725868432,1651077358490304,0,4.38513329805952
1264816113545179,727351294066130,0,3.18726883326965
1264816113545179,503683439801590,0,3.18680942614299
1264816113545179,796359963823801,0,3.18723772491029
1369618623052388,1151740234853898,0,4.38211083082712
1369618623052388,1419793634991801,-1,4.3814781734822
1481712312137521,157307111289538,0,3.98044322769755
1483784895264337,1696580997242512,0,1.99349199756813
1483784895264337,1640768362814765,0,1.99354620637039
1483784895264337,939638432739841,0,1.98175552006372
1483784895264337,947082921995712,0,1.99418099800569
1483784895264337,554566951363535,0,1.98911362015889
1503297083304581,1658388237753858,0,19.5309527131167
1503297083304581,414057348785375,0,19.5045952698872
1503297083304581,1676855795934448,0,19.5304029571861
1503297083304581,199405303727652,0,19.5287604937074
1504594363204228,983628185032105,0,3.18433536061616
1504594363204228,1640768362814765,0,3.18526052913866
1504594363204228,875491222558206,0,3.1834207962822
1504594363204228,632343673535086,0,3.18442330981378
1504594363204228,513376695507303,0,3.18665446098412
1510819109244921,1515953172065039,0,3.18012108763026
1512416739084866,906639566051815,0,6.74460937997381
1512416739084866,1676855795934448,0,6.77542847752923
1520152658305066,906639566051815,0,4.75753168584903
1520152658305066,190853124587106,0,4.77690337039512
1520152658305066,492973564196201,0,4.78566898183271
1520152658305066,538279132989832,0,4.78550764361319
1520152658305066,493719907454733,0,0
1520152658305066,1017645984963730,0,4.78436977644488
1520152658305066,910059795737600,0,4.78390366410163
1520152658305066,1640768362814765,0,4.78516927318067
1520152658305066,1621002981483264,0,4.78568430021442
1520152658305066,1639903826263071,0,4.78418566866394
1520152658305066,917019075034839,0,4.78527605451012
1520722144905458,505814529591768,0,3.58474003976731
1520722144905458,2111249605680682,0,3.58392976106755
1520722144905458,148966468795177,0,3.58566308658394
1521130751535783,1635747950032736,0,2.39104873902611
1521130751535783,157307111289538,0,2.39015984074729
1521130751535783,795999260515174,0,2.38994712647577
1521130751535783,1647507122170549,0,2.38519846681787
1521130751535783,1515953172065039,0,2.39034669159023
1522953398019219,553707154776476,0,3.18889763667826
1522953398019219,1527444727569728,0,3.18356314075315
1530719623918188,508147322683858,0,3.58693885526312
1628952527355431,1646169172322185,0,7.17622600583881
1628952527355431,991910604185166,0,7.17648994950733
1628952527355431,1513489878975889,0,7.17648994950733
1628952527355431,184749731865323,0,6.87818777858281
1628952527355431,665950596841543,0,7.17660018631967
1628952527355431,451889378329612,0,7.16809101292669
1628952527355431,489393957905197,0,7.17534030413153
1628952527355431,142489732775742,0,7.17275017958982
1628952527355431,712009595602015,0,7.17464721968775
1628952527355431,1653992801547099,0,7.17629547629627
1628952527355431,427989960731914,0,7.16681282034287
1628952527355431,1528758890748931,0,7.17260190774766
1628952527355431,1635747950032736,0,7.17472024363104
1628952527355431,1652546251661088,0,7.17149856180748
1628952527355431,631984013611089,0,7.17517158961924
1628952527355431,1634811676806312,0,7.17464721968775
1628952527355431,913726102016230,0,7.17654043594615
1628952527355431,975449605847497,0,7.1761959002194
1628952527355431,538279132989832,0,7.17579853382959
1628952527355431,878190755634253,0,7.1700697978766
1628952527355431,583936238376872,0,7.16881721402
1628952527355431,1483723631934208,0,7.17586638751578
1628952527355431,157307111289538,0,7.16667720625732
1628952527355431,874334249323234,0,7.17187265728228
1628952527355431,906401222748379,0,7.17480962550466
1628952527355431,802887543069782,0,7.17509628016971
1628952527355431,1647507122170549,0,7.160773766047
1628952527355431,496036427268213,0,7.16677995908117
1628952527355431,638266769648820,0,7.17601355039663
1628952527355431,192596887742760,0,7.17001000887907
1628952527355431,1676855795934448,0,7.17598069324185
1628952527355431,727351294066130,0,7.17610662300577
1628952527355431,1526832960967465,0,7.17589315145136
1628952527355431,1532926813694297,0,7.17622314803509
1628952527355431,1640768362814765,0,7.17653596526388
1628952527355431,1674987226048875,0,7.17612290221259
1628952527355431,617788491694733,0,7.16855532307183
1628952527355431,1014810091916125,0,7.17634061591241
1628952527355431,446234268895916,0,7.17296866630081
1628952527355431,1300065630019579,0,7.17589315145136
1628952527355431,520514754791299,0,7.16678604704236
1628952527355431,441791196018550,0,7.16640579009616
1628952527355431,863818937066030,0,7.17660018631967
1628952527355431,1712903448943953,0,7.17642556347749
1628952527355431,904360302946503,0,7.17556882970884
1628952527355431,497540377073623,0,7.17648383718316
1628952527355431,471985069655963,0,7.17648383718316
1628952527355431,1683796151836864,0,7.17647331484238
1628952527355431,1648453092109468,0,7.17657835903516
1628952527355431,1693365670899291,0,7.17634779776634
1628952527355431,911255902304156,0,7.17166794524586
1628952527355431,1625854811001049,0,7.17585447223905
1628952527355431,171069349914286,0,7.17325801755781
1628952527355431,883565628424262,0,7.16743287458866
1628952527355431,102406670131023,0,7.17531426311019
1628952527355431,911716662252390,0,7.17638995725689
1628952527355431,1495322954096351,0,7.1708004713071
1628952527355431,917274805030545,0,7.17279537157518
1628952527355431,959800754113122,0,7.16720724363871
1628952527355431,1515722348739773,0,7.17624383766099
1628952527355431,1568731703380247,0,7.17501079789187
1628952527355431,451632908367634,0,7.17648039917235
1628952527355431,977637265608801,0,0
1632516320346884,1672166549701268,0,2.79052021285466
1636003713338961,142489732775742,0,3.98533896662269
1638369666436552,2147949678679083,0,1.99176037597397
1638369666436552,424468137738057,0,1.99186533387374
1638369666436552,1516517512002547,0,1.98496601546605
1638369666436552,465988266906746,0,1.99170965591035
1638369666436552,553707154776476,0,1.991891970513
1638369666436552,874334249323234,0,1.9902646645011
1638369666436552,977637265608801,0,0
1638404066448058,482838738558603,0,3.58284227697751
1638404066448058,802887543069782,0,3.58592906823584
1638404066448058,1651077358490304,0,3.58597713181002
1639584749662644,465988266906746,0,2.78231009827905
1639584749662644,874334249323234,0,2.78291380374237
1639987146252693,1512043439095614,0,3.18566716883825
1640490862888349,406829072835666,0,7.14554399673852
1640490862888349,1676855795934448,-1,7.16040115668516
1640490862888349,407571132769856,0,7.16050068303909
1640490862888349,1508923892768261,0,7.15594346461066
1644463915809406,1495322954096351,0,5.97773895334708
1646841375578580,1646169172322185,0,8.77060225831432
1646841375578580,1245920382101712,0,8.77046207590266
1646841375578580,511804775649731,0,8.7547341495702
1646841375578580,904360302946503,0,8.76808515338238
1646841375578580,816885561766653,0,8.76728726169433
1646841375578580,171069349914286,0,8.76936779922428
1646841375578580,480518935460461,0,8.75319421382228
1646841375578580,982290421810279,0,8.75373914659076
1646841375578580,1515953172065039,0,8.76681532260877
1651039455150853,959800754113122,0,3.17516604315627
1651039455150853,1515953172065039,0,3.18266427804083
1654603448137988,914116092001142,0,11.0986970014704
1656655851269317,983628185032105,0,6.76645823140838
1666942073552391,406829072835666,0,5.5725117880665
1666942073552391,983628185032105,0,5.57723719969311
1667249380197549,2147949678679083,0,1.99145350796677
1667249380197549,406829072835666,0,1.98961881284253
1668948343347366,920532884705447,-1,0
1668948343347366,1006657816062381,-1,7.96857327433091
1668948343347366,1658552184361587,0,7.9683338915057
1668948343347366,1722593361302843,0,7.96637879444644
1668948343347366,1648052285418189,0,7.96652059575543
1668948343347366,1660504720886715,0,7.96852384263379
1668948343347366,1631223837143296,0,7.96849300331031
1668948343347366,480125172148867,0,7.96820501090558
1669211723325292,482838738558603,-1,4.77714718927017
1674156579463035,905008766246226,0,4.77397856267505
1674223596191112,1515953172065039,0,2.39046488412651
1685403541673769,494764264037412,0,5.18338392799105
1687617991524721,2147949678679083,0,3.98373664206697
1702212190009530,493719907454733,0,0
1702212190009530,732668420104638,0,2.7522211208908
1702382643325689,665950596841543,0,3.18961610916211
1702382643325689,1024404200913038,0,3.18981539791087
1702382643325689,528961267266179,0,0
1702382643325689,985219994862772,0,3.18893568129387
1702382643325689,505814529591768,0,3.18968484594399
1702382643325689,931755086907392,0,3.18968743070569
1702382643325689,1668720313411815,0,3.18940637663303
1702382643325689,1225088244174418,0,3.18933347117445
1702382643325689,1530342330623823,0,3.17414580620298
1720652581497239,1495643027398937,-1,4.12255375406453e-23
1802021953358265,983628185032105,0,4.38523112771892
1910318259193873,424468137738057,0,6.37697982482393
1930036233887304,934638543238914,0,2.79125804429383
1930036233887304,982290421810279,0,2.79043898050397
1930036233887304,977637265608801,0,0
1932747286950640,546487338833694,0,3.175221446459
1932747286950640,1507447266249110,0,3.18942332373971
1932747286950640,959800754113122,0,3.18481869810845
1934781353412802,1097525770265879,0,4.36338041811852
2186266901513403,942502089120677,0,3.52078810814557e-23
2186266901513403,802887543069782,0,2.79094224113349
2186266901513403,638266769648820,0,2.79136633456475
2186266901513403,1656788981261051,0,2.79034555206392
2186266901513403,843714479079121,0,2.75133114727045
2186266901513403,441791196018550,0,2.78816561337992
2186266901513403,101507700221789,0,2.78919674523308
2186266901513403,982290421810279,0,2.78754899176554
10100186504575452,625905840883347,0,3.19123917892555
10100186504575452,311755245655422,-1,3.18772951146922
10102750816468698,180347198968408,0,2.79178313086113
10103284601249614,1743389909222551,0,2.78431348007653
10103397799779096,1017664094920484,0,5.97663094359938
10103397799779096,528961267266179,0,0
10103397799779096,878190755634253,0,5.97603339450621
10103397799779096,758846707577663,0,5.97642796165501
10103397799779096,1638603683071537,0,5.97725080614792
10103397799779096,1660504720886715,0,5.97592764675958
10103397799779096,863818937066030,0,5.97703201795616
10103397799779096,1000106890047849,0,5.97719110537016
10153041441842692,1514772282153569,0,1.99324187340828
10153041441842692,2111249605680682,0,1.99365641729065
10153041441842692,805947839515103,0,1.99198567676505
10153041441842692,1548678642090619,0,1.99266735638029
10153066498476856,1668720313411815,0,2.79123989724358
10153088552791432,1526832960967465,0,1.19632482758422
10153088552791432,516654305161658,0,1.19577764501664
10153088552791432,617788491694733,0,1.19578431257043
10153088552791432,520514754791299,0,1.19553890691056
10153088552791432,1709634665938326,0,1.1963649996259
10153245622198310,1800241690202920,0,4.38368935579176
10153310309248652,1647583882159262,0,4.38812637134321
10153344650455368,995025613883488,0,3.18786295084219
10153344650455368,587786681361995,0,3.17118633703871
10153388021858882,587786681361995,0,1.58854157637358
10153414105677772,436888249849609,0,3.1895000626367
10153414105677772,714537595342870,0,3.18901625175249
10153414105677772,1521719851485619,0,3.18969158749455
10153414105677772,1862289050664286,0,3.18901625175249
10153414105677772,1683796151836864,0,3.18914627619775
10153414105677772,1629669343966047,0,3.18725936354453
10153414105677772,1492215341081260,0,3.18901625175249
10153425952533532,939849736108849,0,5.98207730816373
10153534752532024,519090021584170,0,0.397704261662047
10153606275521140,1513489878975889,0,2.78680452271563
10153606275521140,426995257494915,0,2.78726386283584
10153606275521140,874334249323234,0,2.78330047398113
10153606275521140,1504836836482814,0,2.78043003911949
10153606275521140,1735242010041189,0,2.78692557309583
10153606275521140,1548678642090619,0,2.78702121756048
10153606275521140,1238900219460089,0,2.78801156790477
10153623207422850,522359454596124,0,3.58982820786929
10153623207422850,934528249967335,0,3.58982820786929
10153710102894362,942354169169687,0,6.77920388939116
10153710102894362,920532884705447,0,0
10153710102894362,424468137738057,0,6.77919060409113
10153710102894362,180347198968408,0,6.77938806750542
10153710102894362,189292908073143,0,6.77889555787106
10153710102894362,905008766246226,0,6.7651029470009
10153710102894362,482838738558603,0,6.77036002166031
10153710102894362,411662922360897,0,6.77802486332109
10153710102894362,496036427268213,0,6.77476724165911
10153710102894362,727351294066130,0,6.77921658288998
10153710102894362,939638432739841,0,6.74111391812636
10153710102894362,906526716092147,0,6.74908643298451
10153710102894362,936818653073726,0,6.77038521145299
10153716637132428,1483723631934208,0,3.58889014618372
10153731740018430,922971211103579,0,6.37967405467331
10153731740018430,905008766246226,0,6.37468240448526
10153731740018430,1151740234853898,0,6.38024357739531
10153731740018430,516654305161658,-1,6.3775405450441
10153731740018430,1229112313782698,0,6.38059255537531
10153731740018430,1646887362265524,0,6.37984793810232
10153751415924284,1642998415970980,0,14.7551036176806
10153751415924284,505817212923414,0,14.7524863872201
10153751415924284,883542348401279,0,14.7386321319495
10153751415924284,487623601362936,0,14.7525303926418
10153751415924284,1521719851485619,0,14.7553422030099
10153751415924284,1517636418547610,0,14.7298082775442
10153751415924284,538279132989832,0,14.7527974672313
10153751415924284,1507447266249110,0,14.7551100578496
10153751415924284,493719907454733,0,0
10153751415924284,133798883645899,0,14.7361042022889
10153751415924284,1647507122170549,0,14.7239991913833
10153751415924284,692497527518304,0,14.7551036176806
10153751415924284,864041886997217,0,14.7548027202415
10153751415924284,1495643027398937,0,0.398895125319851
10153751415924284,503234193169664,0,14.7376402615929
10153751415924284,497474997090416,0,14.7549203057533
10153751415924284,931755086907392,0,14.7552598726571
10153751415924284,904360302946503,0,14.7544932644271
10153751415924284,148966468795177,0,14.7421673275556
10153751415924284,519090021584170,0,0.397704261662047
10153751415924284,1625854811001049,0,14.7548979719518
10153751415924284,947082921995712,0,14.752350891657
10153751415924284,909793182438987,0,14.7515809169809
10153751415924284,177113679305241,0,14.7553218941502
10153751415924284,959800754113122,0,14.7319875368963
10153751415924284,938468589557429,0,14.7539050495642
10153784229920844,1419793634991801,-1,3.98425966811131
10153797046377316,505817212923414,0,3.19081107667123
10153797046377316,1913467532211684,0,3.18997131239849
10153841103967164,553707154776476,0,3.58710261550867
10154517926014896,1514772282153569,0,4.38128053248479
10154517926014896,451889378329612,0,4.37306923771151
10154517926014896,1484609308508052,0,4.36960712982165
10154517926014896,920532884705447,0,0
10154517926014896,1650607558527327,0,4.38031279629355
10154517926014896,1006657816062381,0,4.38123479151095
10154517926014896,1634811676806312,0,4.37930348388299
10154517926014896,1517636418547610,0,4.37261947679415
10154517926014896,877417562306505,0,4.37569839098461
10154517926014896,414057348785375,0,4.37304424217847
10154517926014896,1624545187788362,0,4.380148971005
10154517926014896,494764264037412,0,4.38134676550803
10154517926014896,538279132989832,0,4.38004016752235
10154517926014896,1728490300705380,0,4.38124470860317
10154517926014896,157307111289538,0,4.37235553464853
10154517926014896,892649937474491,0,4.3813612203139
10154517926014896,147933212231456,0,4.34803474854692
10154517926014896,1521939228125097,0,4.38026237067618
10154517926014896,727351294066130,0,4.38027843336238
10154517926014896,1626927544222999,0,4.37222433149398
10154517926014896,1696580997242512,0,4.37651175311733
10154517926014896,1674987226048875,0,4.38030624997218
10154517926014896,2111249605680682,0,4.38030564670779
10154517926014896,1643882742553367,0,4.37569839098461
10154517926014896,148966468795177,0,4.37894400269236
10154517926014896,1671093049797551,0,4.38097136040818
10154517926014896,980247192019033,0,4.37482428807796
10154517926014896,938658272898644,0,4.38133614038611
10154517926014896,521250551370809,0,4.38006306449348
10154517926014896,890545864386215,0,4.38137779775626
10154517926014896,1120129624678935,0,4.38103285235961
10154517926014896,1506262806335839,0,4.38148995203342
10154517926014896,977637265608801,0,0
10154524365635200,942354169169687,0,4.38684875389511
10154524365635200,398686067005910,0,4.38601136032877
10154524365635200,985219994862772,0,4.38614025058889
10156254955480254,199405303727652,0,5.17962477095401
10156254955480254,2111249605680682,0,5.17950695390262
10156321553805612,1660504720886715,0,3.1883239046967
10200902674007276,963826993656703,0,2.78840135336559
10201015086295200,587786681361995,0,1.98406803113132
10201015086295200,1640768362814765,0,1.99370518000261
10201015086295200,511804775649731,-1,1.98852190641086
10201186044170432,1647507122170549,0,3.96920909144722
10201268432310336,1500362113591255,-1,2.39196088438198
10203577386353640,522359454596124,0,2.79131344975347
10203577386353640,1528758890748931,0,2.78934001180984
10203577386353640,1722593361302843,0,2.78934001180984
10203577386353640,171967523146277,0,2.79038869890073
10203577386353640,736325763177454,0,2.78934001180984
10203670881130844,347861952089823,0,2.39155217099109
10203670881130844,587786681361995,0,2.37902837115677
10203678931132960,595595830581398,0,3.18538939213589
10203678931132960,406829072835666,0,3.18168387994507
10203678931132960,1043554092355578,0,3.18575872632192
10203766654366184,785327294945736,0,5.98206758047779
10204729072301058,975449605847497,0,3.98789780804145
10204997278839772,451889378329612,0,3.18588736085865
10204997278839772,920532884705447,0,0
10204997278839772,2147949678679083,0,3.18871652966077
10204997278839772,192475747754735,0,3.1888398973813
10204997278839772,995025613883488,0,3.1859075810486
10204997278839772,857622540975972,-1,3.18479136594626
10204997278839772,147933212231456,0,3.1557871466653
10204997278839772,901441069942273,0,3.1859075810486
10204997278839772,134204513609045,0,3.18889843406419
10204997278839772,1708970406004977,0,3.18858116856937
10204997278839772,1105684389456261,0,3.18613481441565
10204997278839772,1712903448943953,0,3.18884570264336
10204997278839772,1008718879187726,0,3.18901563140982
10205548979939908,932318536854763,0,5.17746662081548
10205718333372740,183697085309052,0,3.19076347714841
10205719556888440,424468137738057,0,5.98142202620266
10205719556888440,1651077358490304,0,5.98201436311273
10206676763871176,141783372845728,0,2.79026417370125
10206676763871176,494764264037412,0,2.79026470850198
10206676763871176,1163434467004393,0,2.79031640910695
10206676763871176,758846707577663,0,2.78968312409898
10206676763871176,785327294945736,0,2.79026417370125
10206676763871176,955987737813861,0,2.79139495770834
10206769779817844,522359454596124,0,3.98610902591941
10206769779817844,934528249967335,0,3.98610902591941
10206769779817844,1539218623005421,0,3.98263236369783
10206769779817844,1660504720886715,0,3.98573238870279
10206906030262832,1675390636081561,0,4.77940393753298
10206931739944972,920532884705447,0,0
10206931739944972,424468137738057,0,2.39186312166542
10206931739944972,1521719851485619,0,2.39203996024529
10206931739944972,1420029494955927,-1,2.39045408474756
10206931739944972,117378128624899,0,2.39179861876131
10206931739944972,489692841197214,0,2.38819194086905
10206931739944972,931755086907392,0,2.39195167230335
10206931739944972,1625854811001049,0,2.39175504658612
10206931739944972,177113679305241,0,2.39205107935008
10206931739944972,917019075034839,0,2.39201810129453
10206933236042764,522359454596124,-1,3.58860818243853
10207020555863952,148966468795177,0,3.18478025732556
10207132453048284,1506351686359278,0,3.18553208482692
10207132453048284,1650760668536515,0,3.18931770391914
10207132453048284,465988266906746,0,3.18935331287398
10207132453048284,1722593361302843,0,3.18725545208584
10207132453048284,482838738558603,0,3.1855296015186
10207132453048284,587786681361995,0,3.17244950469634
10207132453048284,983628185032105,0,3.18931770391914
10207132453048284,1640768362814765,0,3.19028741177353
10207132453048284,805947839515103,0,3.1880000789334
10207132453048284,177113679305241,0,3.19014877910825
10207132453048284,1743389909222551,0,3.18760153225627
10207251346258638,1674089026164377,0,2.78979092465959
10207251346258638,436888249849609,0,2.79001360374075
10207251346258638,714537595342870,0,2.78937139140909
10207808222461364,609445715860145,0,4.38141699813045
10207808222461364,505817212923414,0,4.3833277765098
10207808222461364,1667371076875337,0,4.38357830819068
10207808222461364,1513489878975889,0,4.38427353169172
10207808222461364,527385800759438,0,4.3686877160712
10207808222461364,426995257494915,0,4.38472498501791
10207808222461364,347861952089823,0,4.38469059170094
10207808222461364,190853124587106,0,4.37925155138008
10207808222461364,522359454596124,0,4.38472498501791
10207808222461364,1641671362774614,0,4.38248148125066
10207808222461364,1017664094920484,0,4.38454297949154
10207808222461364,429444030594966,0,4.37785969052552
10207808222461364,1638960129727035,0,0
10207808222461364,1676329352608101,0,4.38236186358949
10207808222461364,857622540975972,0,4.37786717300037
10207808222461364,975449605847497,0,4.38400892182903
10207808222461364,1722593361302843,0,4.38279949542345
10207808222461364,528961267266179,0,0
10207808222461364,157307111289538,0,4.37698725323983
10207808222461364,608762552594198,0,4.38269404136742
10207808222461364,553707154776476,0,4.38446092974848
10207808222461364,874334249323234,0,4.38008008695903
10207808222461364,1714914705410262,0,4.383183906144
10207808222461364,914116092001142,0,4.35810963857648
10207808222461364,1686890481593187,0,4.38353107160165
10207808222461364,617788491694733,0,4.3818529288651
10207808222461364,1708970406004977,0,4.38195666058224
10207808222461364,1524682541185172,0,4.38464196676382
10207808222461364,147836405575804,0,4.38279949542345
10207808222461364,1233837203309392,0,4.3847105280116
10207808222461364,923349974411842,0,4.38443227531327
10207808222461364,177113679305241,0,4.38455664256157
10207808222461364,1502067896755875,0,4.38472498501791
10207808222461364,1495322954096351,0,4.37940596417093
10207808222461364,1524356571207831,0,4.38447291286702
10207808222461364,982290421810279,0,4.37698725323983
10207898863450544,1513489878975889,0,5.18336260330496
10207898863450544,587786681361995,0,5.16027063540073
10207898863450544,157307111289538,0,5.17651429010953
10207898863450544,1647507122170549,0,5.17018048150796
10207898863450544,982290421810279,0,5.17651429010953
10207963509542492,424468137738057,0,3.18996749095834
10207963509542492,934528249967335,0,3.19009434211081
10208234558489760,942354169169687,0,1.59486633295959
10208234558489760,714537595342870,0,1.59443945914405
10208234558489760,420322011496986,0,1.59500306983486
10208234558489760,1521719851485619,0,1.59486633295959
10208234558489760,587786681361995,0,1.59108704731077
10208234558489760,1523121838001924,0,1.59443945914405
10208234558489760,199405303727652,0,1.59443945914405
10208234558489760,1532926813694297,0,1.59443945914405
10208234558489760,112055882496156,0,1.59443945914405
10208234558489760,1225088244174418,0,1.59466886643028
10208234558489760,183697085309052,0,1.59443945914405
10208238589109344,508147322683858,0,7.57314826351559
10208238589109344,1647507122170549,0,7.56258321070029
10208734314814326,1650607558527327,0,2.39230130216199
