"userID","eventID","status","time_score"
10208234558489760,1162044413810114,1,0
769990746444431,1504836836482814,1,0.223400041535863
412039719004284,553707154776476,1,0
175831896097425,564214203736354,1,0
523483477808212,1647507122170549,1,0.821924793874435
1725778104317661,482838738558603,1,0.0329287820852485
666390466796788,1672166549701268,1,0
457613797776937,1515953172065039,1,0
873366629437441,857622540975972,1,0.225566579284567
469001606618204,157307111289538,1,0.394210331820825
515246135302389,406829072835666,1,0.143222974807887
1674156579463035,406829072835666,1,0.554243064142132
191860567816048,1517252088592543,1,0
867462980017143,538279132989832,1,0.598997442916425
1138971446113805,482838738558603,1,0.473776497658662
127899517575510,857622540975972,1,0.67147403082399
10207963509542492,157307111289538,1,0.221162934232346
594932890644869,1698245300413118,1,0.0859073559175115
1505969059702279,347861952089823,1,0.504869542449587
556386637852586,189594248051014,1,0.774761371915946
10208078682148132,482838738558603,1,0.111386479838528
10153868264978394,1229112313782698,1,0
10207963509542492,1625854811001049,1,0
1501856920142105,427989960731914,1,0.508196052779336
921575151231746,959475154113973,1,0
10207127847588396,975449605847497,1,0
726783144121341,587786681361995,1,0.835978835978836
1523529171293144,505404526303554,1,0
536429096515668,553707154776476,1,0
489106891271298,874334249323234,1,0
742711882501236,1514772282153569,1,0.104631049489512
10153245622198310,1623749834542763,1,0
10153041441842692,874835075904840,1,0
867080830071921,983628185032105,1,0.532803362723026
742711882501236,1641671362774614,1,0
1660743537535575,905008766246226,1,0.448044076429755
837784366335198,157307111289538,1,0.510408490253715
10153751415924284,1515953172065039,1,0
594932890644869,1708970406004977,1,0.13583145623104
184243938587150,496036427268213,1,0
1802021953358265,975449605847497,1,0
10205719556888440,995025613883488,1,0.374437304201154
1138971446113805,1708970406004977,1,0.163846384103808
1638369666436552,1035314519836199,1,0.766367216350005
1666942073552391,977637265608801,1,0
1492058511100215,1483723631934208,1,0.27277236279499
742711882501236,995025613883488,1,0.265114079876506
450738748448749,1800241690202920,1,0
10208059095264416,1225088244174418,1,0
742711882501236,947082921995712,1,0
540261832809791,171069349914286,1,0
1658807861043817,406829072835666,1,0.828567934870182
1523731894619534,587786681361995,1,0.705570349821866
1057105014307763,1676329352608101,1,0.274883253097619
1505969059702279,982290421810279,1,0
872186099559377,802887543069782,1,0
879377685511426,2111249605680682,1,0
634638469972286,1515953172065039,1,0
777401619073114,982290421810279,1,0
548892231931724,414057348785375,1,0.428550073079736
1207500492600083,494764264037412,1,0.246807020936919
10100186504575452,141783372845728,1,0
1262477510445433,553707154776476,1,0
431568943719678,503234193169664,1,0
1110211555664753,482838738558603,1,0.596236749271961
10208020264844684,985219994862772,1,0.738891739556963
1264816113545179,2147949678679083,1,0.0938233281301002
10154517926014896,857622540975972,1,0.758287544405155
10153633400425090,1521068511540029,1,0
10153414105677772,420322011496986,1,0.425628265379374
515246135302389,634117280063183,1,0.877058019307029
1641268906161436,509992435843792,1,0.594225082166566
742711882501236,1667371076875337,1,0.189968080294847
184243938587150,1667371076875337,1,0.089183652026954
189917894683001,1504836836482814,1,0.316778206409073
1654603448137988,1507447266249110,1,0.257382491997028
656073034532759,2147949678679083,1,0.0956073628153044
771151099681189,1505314403101681,1,0
641011606001289,775060535938975,1,0.323837396728552
127899517575510,551504168321268,1,0
10153737899247416,545198285638570,1,0
473057772881230,1676521435919011,1,0.851439698320699
1628952527355431,1419793634991801,1,0.13856406460551
1110211555664753,1490608407901635,1,0
1008365305886176,1512043439095614,1,0
666390466796788,519090021584170,1,0
1723085601253037,426995257494915,1,0
484056645108661,934528249967335,1,0.378007676355429
742711882501236,587786681361995,1,0.877880103641539
878544422259357,905008766246226,1,0.195852664537319
901162646645061,1643381175903642,1,0
737701309662788,460003130868144,1,0.219818381397694
1492058511100215,411662922360897,1,0
641011606001289,1017664094920484,1,0
10201015086295200,494764264037412,1,0
144691249221157,983628185032105,1,0.81317279836453
1653587124920347,595595830581398,1,0.321650168244256
495668803924783,587786681361995,1,0.723189063321277
1517580485219420,1035314519836199,1,0.340206908719886
742711882501236,1650607558527327,1,0.0784732871171342
171160366569555,638776259596185,1,0
1635523966717207,411662922360897,1,0
1216804721669942,519090021584170,1,0.0877336937431208
1240794062603397,553707154776476,1,0
1076260289050641,1618375311754579,1,0
1663033437300136,802887543069782,1,0
470525663152772,1635667590055386,1,0.0950586375786717
975970165801193,857622540975972,1,0.965380871611162
853789684741589,1635667590055386,1,0.138675049056307
1059452377407822,1683796151836864,1,0
500861113420487,1035314519836199,1,0.643928284230372
1521769931482549,157307111289538,1,0.496216843505835
572161542937082,905008766246226,1,0.199283645583725
1646438118961908,192475747754735,1,0.0893868697538655
449445798585494,482838738558603,1,0.653110189188273
1216804721669942,1514772282153569,1,0.0713376375006421
10102750816468698,553707154776476,1,0
1654603448137988,1483723631934208,1,0.0990665673594541
1654603448137988,117378128624899,1,0
901162646645061,1722593361302843,1,0.161958543918456
1497516140543169,802887543069782,1,0
10153350961903406,1521068511540029,1,0.317068000696624
1667642960158946,934528249967335,1,0.352380739301204
1640490862888349,482838738558603,1,0.435286291413338
1666942073552391,511804775649731,1,0
1503297083304581,1643381175903642,1,0
904674892934101,157307111289538,1,0.511132002686797
466007660245159,634117280063183,1,0.679947620867436
529452507222509,157307111289538,1,0.282144046823417
1523529171293144,1661877344092892,1,0.436435780471985
484346231726681,802887543069782,1,0
154711438221800,1658552184361587,1,0.66581972213708
188774291465079,587786681361995,1,0.883586026232992
10153350961903406,1419793634991801,1,0.116974400029484
10205719556888440,460003130868144,1,0.238290441236861
493132844181060,1648052285418189,1,0.305128576629365
541041122729517,587786681361995,1,0.809648690612046
1658807861043817,117378128624899,1,0
10205718333372740,625905840883347,1,0
10203630983613656,795999260515174,1,0
1666942073552391,508147322683858,1,0
1216804721669942,505817212923414,1,0.0356688187503211
1716829768546132,982290421810279,1,0
878544422259357,1656401337951247,1,0.36007074274026
1492874941014083,1118925088119512,1,0
898788390170824,905008766246226,1,0.211975273877503
921575151231746,802887543069782,1,0
1663033437300136,508147322683858,1,0
496744447165828,148966468795177,1,0
758037080968079,1514772282153569,1,0.132453235706504
714714581993034,795999260515174,1,0.160052173656655
1649583141928958,1573780222895939,1,0
657825667692595,893238854063197,1,0
716852681749650,1483723631934208,1,0.473364631203128
142515806113859,983628185032105,1,0.532290647422377
874434149330288,553707154776476,1,0
1521130751535783,983628185032105,1,0.625867453574992
10154517926014896,905008766246226,1,0.39125402252875
10153737899247416,1647213525551952,1,0.0625000000000001
542864939199605,511804775649731,1,0
10153425952533532,1650607558527327,1,0.106466016148151
1523529171293144,1517252088592543,1,0
1530719623918188,157307111289538,1,0.300049599074489
1094488220561389,156832861335620,1,0.969221898413198
183303732011968,508147322683858,1,0
1654603448137988,1640768362814765,1,0.318331162672617
520184324811726,1647507122170549,1,0.138675049056307
535834386574516,890545864386215,1,0.167437205525695
1730701060492919,1643381175903642,1,0
1510819109244921,931978370186855,1,0.180361083612646
171160366569555,424468137738057,1,0
771151099681189,553707154776476,1,0
567767733372047,1284046531620841,1,0.447213595499958
10153004755491600,1225088244174418,1,0
771505632953533,1573780222895939,1,0
10203630983613656,455637751283813,1,0
1505969059702279,192475747754735,1,0.189934294099396
1730701060492919,867754930012766,1,0.224126210291289
1520683351575003,1162044413810114,1,0
771505632953533,874334249323234,1,0
825568154218668,1557137024539335,1,0
1719199448311480,175717846112495,1,0.671345086637351
218413778490224,857622540975972,1,0.734067087645324
133858413643559,905008766246226,1,0.198029508595335
1143885928974082,795999260515174,1,0.134942240214966
777188089076714,1517636418547610,1,0
166359100384831,424468137738057,1,0
726783144121341,1195426057139585,1,0
1667642960158946,1635747950032736,1,0.588879485774299
879377685511426,148966468795177,1,0
1668948343347366,553707154776476,1,0
585266574953652,983628185032105,1,0.67943074688862
1647618032193437,482838738558603,1,0.523146895300145
1520152658305066,406829072835666,1,0.83026758475511
931874233549485,802887543069782,1,0
539229266235695,874334249323234,1,0
10201144172402116,1650760668536515,1,0
1214706241878014,796359963823801,1,0
1491255821203825,799758883446991,1,0
1520722144905458,502407396600024,1,0
1521273348199107,802887543069782,1,0
507563852747117,802887543069782,1,0
1520683351575003,1516517512002547,1,0.485582569051338
515246135302389,608762552594198,1,0.277350098112615
2186266901513403,406829072835666,1,0.416666666666667
10153731740018430,1521719851485619,1,0.111803398874989
191860567816048,1648052285418189,1,0.313367382711954
713353622129100,934528249967335,1,0.327326835353989
719855601482008,428507854007363,1,0.301511344577764
10203630983613656,1515953172065039,1,0
1111298315547827,1743389909222551,1,0
170919729923576,496036427268213,1,0
414349972092722,925268004218508,1,0.432337701167117
10153310309248652,1701251846786746,1,0.103509833901353
1512416739084866,171069349914286,1,0
10201186044170432,982290421810279,1,0
773330646112734,1483723631934208,1,0.236491884920201
1503297083304581,1660504720886715,1,0.219424511366331
1572121796367964,511804775649731,1,0
527814970726131,455637751283813,1,0.0479463301485386
10153088552791432,192596887742760,1,0.270310252950645
148379555518355,1254733711210840,1,0
1492874941014083,494764264037412,1,0.190692517849118
1512416739084866,1661242774134560,1,0
872186099559377,587786681361995,1,0.737057642422876
172315433118941,905008766246226,1,0.126829771287023
1240794062603397,519090021584170,1,0.19687480773954
10206591154950032,551504168321268,1,0
457613797776937,931978370186855,1,0
1635523966717207,553707154776476,1,0
535137073315462,977637265608801,1,0
10205166958160524,564214203736354,1,0
540866352746073,905008766246226,1,0.172015615514047
1148198225209949,886099961445115,1,0
901162646645061,1515953172065039,1,0
1668948343347366,508147322683858,1,0
849896485129765,414057348785375,1,0.306719179465949
496733093842097,117378128624899,1,0
1501856920142105,874334249323234,1,0
1216804721669942,492973564196201,1,0.47859489300485
1646438118961908,1035314519836199,1,0.899455376898273
10102750816468698,505814529591768,1,0
10156254955480254,487623601362936,1,0
1655146798087250,905008766246226,1,0.236168536341647
594932890644869,1625854811001049,1,0.0859073559175115
1654603448137988,2147949678679083,1,0.159165581336309
731425573668695,1647784098809527,1,0
931874233549485,406829072835666,1,0.868358795308158
152514838439215,406829072835666,1,0.830256076987236
984657964940720,1698245300413118,1,0.0461265604014442
449445798585494,1647507122170549,1,0.727855244568578
1240794062603397,494764264037412,1,0.432079282609047
523483477808212,587786681361995,1,0.695981165264569
777401619073114,587786681361995,1,0.701560760020114
780538515424612,802887543069782,1,0
454659104742450,874334249323234,1,0
567767733372047,1623749834542763,1,0
1240794062603397,406829072835666,1,0.703018133567004
1503297083304581,133798883645899,1,0.731686497640245
1110211555664753,553707154776476,1,0
10153784229920844,398686067005910,1,0.896459184382684
414349972092722,1683796151836864,1,0
594268804047130,1705848732980878,1,0
1138971446113805,1089433731068972,1,0.051812776015084
1663033437300136,905008766246226,1,0.254000254000381
556386637852586,424468137738057,1,0
450738748448749,805947839515103,1,0
432862853587844,1515953172065039,1,0
726783144121341,519090021584170,1,0.0690065559342354
527814970726131,874334249323234,1,0
1512808485683180,995025613883488,1,0.294174202707276
902569216444779,905008766246226,1,0.288675134594813
10208059095264416,1492215341081260,1,0
1640739022870216,919883004725577,1,0.170871531543352
154711438221800,1507447266249110,1,0.282216260515079
1639584749662644,1515953172065039,1,0
1666942073552391,1515953172065039,1,0
1635523966717207,2147949678679083,1,0.0973123680201903
1668861940027419,2111249605680682,1,0
1633352696938851,802887543069782,1,0
10201186044170432,494764264037412,1,0.356197805828274
10153059125551986,1229112313782698,1,0
874434149330288,1621002981483264,1,0
438497626347417,802887543069782,1,0
837784366335198,1647507122170549,1,0.769230769230769
1932747286950640,931978370186855,1,0.14142135623731
1520683351575003,1516028465387070,1,0
1023610744370161,617788491694733,1,0.268372520060846
542864939199605,959800754113122,1,0.515269550052513
617314225074105,1530342330623823,1,0
10203678931132960,157307111289538,1,0.78334945180064
1059452377407822,1530342330623823,1,0
1068552076511289,1674987226048875,1,0
10201144172402116,2147949678679083,1,0.0985329278164294
641011606001289,189594248051014,1,0.773402333273987
10153737899247416,955987737813861,1,0
503202219861778,157307111289538,1,0.39584632472237
140561939637308,995025613883488,1,0
127899517575510,414057348785375,1,0.237801451925698
742674219199963,802887543069782,1,0
1207357345948032,1484609308508052,1,0.256086180682129
10207933931007486,1136662996361958,1,0.351941191629777
1660688707503183,1517636418547610,1,0
10201144172402116,1641671362774614,1,0
188622934811728,511804775649731,1,0
643772309097071,482838738558603,1,0.0352234976838174
1492874941014083,874334249323234,1,0
1200835986609754,1720336314866386,1,0.125988157669743
984657964940720,874334249323234,1,0
10153751415924284,497540377073623,1,0
152514838439215,414057348785375,1,0.397732724520513
10153669267841768,905008766246226,1,0.244458856130797
552519028236898,1621002981483264,1,0
886757811432114,1035314519836199,1,0.901769840951112
10208623231044876,1006657816062381,1,0
191860567816048,1506262806335839,1,0.258067256351021
10153059125551986,487623601362936,1,0
1687268201496255,874334249323234,1,0
10153066498476856,857622540975972,1,0.549308783118509
878544422259357,1659661840956158,1,0.923974820874352
1653587124920347,587786681361995,1,0.841637317982064
1503297083304581,183580841988156,1,0
719855601482008,1495643027398937,1,0.0145064713296415
717903011675029,503234193169664,1,0
10205683042099392,1504836836482814,1,0.375366748253913
10153751415924284,1477651862560133,1,0.810066193988235
10206906030262832,1674987226048875,1,0
1113728978638145,914116092001142,1,0.0949157995752499
10153425952533532,1229112313782698,1,0
140645352966158,1035314519836199,1,0.715988006932841
434633080062354,157307111289538,1,0.484411000966269
497776730383774,441791196018550,1,0.169570025683267
139493729744950,1676855795934448,1,0.549442255794756
1198079436883830,1507447266249110,1,0.14213381090374
1654603448137988,979761405403606,1,0.0840607698824925
1641268906161436,795999260515174,1,0
626469317493279,465988266906746,1,0
551934978296072,1516517512002547,1,0.496906597129686
407511526113695,858613124201123,1,0
1646438118961908,496036427268213,1,0
1050335081664729,511804775649731,1,0
758271054278851,1483723631934208,1,0.366617787553383
450738748448749,455637751283813,1,0.0790775372949729
788317357957045,1515953172065039,1,0
758271054278851,905008766246226,1,0.43994134506406
442822525920982,874835075904840,1,0
10153310309248652,489692841197214,1,0.188310894288677
191768501165993,157307111289538,1,0.418214180504671
1490465341258092,583936238376872,1,0
777188089076714,505404526303554,1,0
1918074828416926,922971211103579,1,0.998430833992766
1061161753902230,995025613883488,1,0.257247877713763
1520722144905458,939849736108849,1,0
1663033437300136,406829072835666,1,0.649234454064235
10206906030262832,1743389909222551,1,0
143762049315634,1483723631934208,1,0.225074568303172
1216804721669942,1530342330623823,1,0
184243938587150,802887543069782,1,0
1649583141928958,905008766246226,1,0.340966196741873
10203670881130844,2147949678679083,1,0.200804832225625
191860567816048,1621002981483264,1,0
10203702016269164,905008766246226,1,0.381881307912987
508592469316630,874334249323234,1,0
1685403541673769,985219994862772,1,0.84119102419206
1057105014307763,538279132989832,1,0.484491702652193
411111455752491,830956830352088,1,0.654653670707977
173533356327149,587786681361995,1,0.795350780656046
1648463938763389,157307111289538,1,0.4354317860884
1505969059702279,441791196018550,1,0.155080701733078
777401619073114,1676855795934448,1,0.23814483610392
1517580485219420,977637265608801,1,0
10153731740018430,714537595342870,1,0
1512416739084866,1483723631934208,1,0.0850102284084452
499389476898835,147933212231456,1,0.101797319711858
1663033437300136,874334249323234,1,0
513601645466348,982290421810279,1,0
1934781353412802,587786681361995,1,0.747360539353641
447314352120923,617788491694733,1,0.423999152002544
10153728221469138,511804775649731,1,0
1666942073552391,587786681361995,1,0.784269956761933
449296218608148,982290421810279,1,0
726783144121341,1621002981483264,1,0
551934978296072,1708970406004977,1,0.107334697685273
844371862346731,857622540975972,1,0.446421832833239
128541460842924,511804775649731,1,0
417376031789328,874334249323234,1,0
666390466796788,411662922360897,1,0
136742366687500,424468137738057,1,0
184243938587150,977637265608801,1,0
10153716637132428,905008766246226,1,0.392383215931476
1521273348199107,527385800759438,1,0.893479511245397
452102751642373,1525089304475624,1,0.267134065487469
1094488220561389,491548331013231,1,0.472732156349154
849896485129765,982290421810279,1,0
513903832121776,795999260515174,1,0.101187488603233
189917894683001,1667371076875337,1,0.229766698456423
10153710102894362,508147322683858,1,0
10201015086295200,553707154776476,1,0
452102751642373,1676329352608101,1,0.385574811547272
467894660064257,1676855795934448,1,0.5250192680712
641011606001289,1120129624678935,1,0.214198304241577
546639112159022,802887543069782,1,0
170919729923576,171069349914286,1,0
1111298315547827,975449605847497,1,0
1521110631534260,157307111289538,1,0
1648463938763389,1552412775048787,1,0.211702449609985
625758314229025,1658552184361587,1,0.728861687764589
10207127847588396,1647507122170549,1,0.773090291314516
10153784229920844,411662922360897,1,0
10208238589109344,424468137738057,1,0
742711882501236,1635747950032736,1,0.284419537478592
1656655851269317,587786681361995,1,0.718604360321173
1503297083304581,497540377073623,1,0
10206906030262832,487623601362936,1,0
484056645108661,920532884705447,1,0.181443684650606
755583684588001,411662922360897,1,0
844371862346731,192475747754735,1,0.265997588299466
10103284601249614,482838738558603,1,0.478947472071399
10102750816468698,482838738558603,1,0.773775954499418
758271054278851,975449605847497,1,0
585266574953652,511804775649731,1,0
10201144172402116,1635747950032736,1,0.451730027397173
10203766654366184,1151740234853898,1,0
728066947338277,587786681361995,1,0.786040468334563
844371862346731,914116092001142,1,0.307147558416975
1930036233887304,157307111289538,1,0.515491311776451
431568943719678,587786681361995,1,0.84225113427058
508149802696009,1635747950032736,1,0
1654603448137988,1621002981483264,1,0
1524582311198491,1515953172065039,1,0
10207898863450544,426995257494915,1,0.159090909090909
1667249380197549,1640326062879659,1,0.71714997196448
1667642960158946,857622540975972,1,0.527709030803957
500427516800893,553707154776476,1,0
501292240049036,802887543069782,1,0
139493729744950,587786681361995,1,0.419643454531126
737701309662788,403409569850856,1,0.36915828677493
513601645466348,874334249323234,1,0
140561939637308,983628185032105,1,0.444165069197987
450738748448749,982290421810279,1,0
10207933931007486,1225088244174418,1,0
10203630983613656,1530342330623823,1,0
1730701060492919,465988266906746,1,0
1716829768546132,503234193169664,1,0
107867549584992,883565628424262,1,0
10153731740018430,199405303727652,1,0
10208734314814326,311755245655422,1,0.133630620956212
1078847258822654,995025613883488,1,0
585266574953652,874334249323234,1,0
2186266901513403,508147322683858,1,0
542351085930522,1607843346160408,1,0
431568943719678,874334249323234,1,0
1688923641330525,406829072835666,1,0.784949573751927
1658807861043817,1035314519836199,1,0.769843010683334
496744447165828,911716662252390,1,0
10208430697551840,519090021584170,1,0
1655146798087250,411662922360897,1,0
191768501165993,802887543069782,1,0
742711882501236,1507447266249110,1,0.255038183130686
507563852747117,406829072835666,1,0.394178061396143
837784366335198,1495322954096351,1,0.198148480975304
10208623231044876,482838738558603,1,0.595683397181271
10153669267841768,1743389909222551,1,0
10153841103967164,411662922360897,1,0
493639604146555,499466390227177,1,0
1668861940027419,1035314519836199,1,0.606818179465478
515246135302389,499466390227177,1,0
10206906030262832,758846707577663,1,0
1486654704975542,905008766246226,1,0.341505946568381
1522484031407199,874334249323234,1,0
1014016165306228,1035314519836199,1,0.196418550329597
501292240049036,995025613883488,1,0.298974037100774
1934781353412802,905008766246226,1,0.199740505903994
1486654704975542,1519010425083454,1,0.341505946568381
1719199448311480,1647507122170549,1,0.883672774917896
984657964940720,1530342330623823,1,0
434654790068060,496036427268213,1,0
944607878967433,545198285638570,1,0
1628952527355431,892649937474491,1,0
1015583565168117,905008766246226,1,0.176776695296637
1240794062603397,1708970406004977,1,0.139211511597426
572161542937082,770446929732029,1,0
895933887181307,1162044413810114,1,0
711196992346902,587786681361995,1,0.774243278708358
625758314229025,157307111289538,1,0.569748860503419
1216804721669942,1512043439095614,1,0.0582469371107359
193016494372691,545198285638570,1,0
797901256985747,482838738558603,1,0.361976814468995
1725778104317661,553707154776476,1,0
1663033437300136,795999260515174,1,0.179605302026775
556386637852586,148966468795177,1,0
10205548979939908,874835075904840,1,0
1503297083304581,785083881617402,1,0
1200835986609754,157307111289538,1,0.290957186981324
10204997278839772,875491222558206,1,0.882155685351884
1628952527355431,114129678945593,1,0
417376031789328,508147322683858,1,0
1522953398019219,157307111289538,1,0.531587688049178
10153310309248652,482838738558603,1,0.278243337456101
1654603448137988,1651077358490304,1,0.376452955965925
719855601482008,983628185032105,1,0.752325239503013
1188607327823189,905008766246226,1,0.316227766016838
1262477510445433,857622540975972,1,0.677383432486167
170919729923576,802887543069782,1,0
10204729072301058,864041886997217,1,0.156173761888606
500427516800893,511804775649731,1,0
1050335081664729,595595830581398,1,0.295468420142639
10153731740018430,1532926813694297,1,0
731425573668695,982290421810279,1,0
513180892180206,1658552184361587,1,0.585230479886119
1197133633636680,1635747950032736,1,0.494413232473044
785329451596424,963826993656703,1,0.134433214484466
944607878967433,1557137024539335,1,0
771151099681189,906639566051815,1,0.694365074829414
10153059125551986,1683796151836864,1,0
10206906030262832,482838738558603,1,0.6381267096183
1497516140543169,795999260515174,1,0.126322788159978
1520683351575003,540286862788351,1,0.145663680834584
491323391040278,1650760668536515,1,0
719855601482008,511804775649731,1,0
1636003713338961,482838738558603,1,0.491698855294675
193719064300608,528961267266179,1,0
1934781353412802,934528249967335,1,0.374280345436216
10208059095264416,714537595342870,1,0
10153751415924284,436888249849609,1,0
139493729744950,1656401337951247,1,0.912009323575866
10153841103967164,482838738558603,1,0.346549565993856
742711882501236,1647213525551952,1,0.0184963311541749
1666942073552391,890966060986998,1,0.452796445040309
559615954200736,587786681361995,1,0.647349444026943
719855601482008,1649497315327916,1,0.960999960208596
432862853587844,182639612078173,1,0
1512808485683180,482838738558603,1,0.616411209466804
128541460842924,1527444727569728,1,0.709208143266975
1512808485683180,764835670294999,1,0
10204592990854242,1650760668536515,1,0
987728801294374,1647583882159262,1,0
189917894683001,406829072835666,1,0.90313044423446
551934978296072,587786681361995,1,0.7803721477922
1197133633636680,406829072835666,1,0.1
742711882501236,1708970406004977,1,0.256426133529509
797901256985747,1676855795934448,1,0.472537665098899
533004343519772,906401222748379,1,0
837784366335198,511804775649731,1,0
527814970726131,934528249967335,1,0.343615366064526
1647618032193437,802887543069782,1,0
189917894683001,1495218810806969,1,0
587710671382257,482838738558603,1,0.307894803474471
1633105003608340,1035314519836199,1,0.80504004308266
553710531444429,985219994862772,1,0.587095265748099
656073034532759,117378128624899,1,0
1732962863593662,511804775649731,1,0
10208020264844684,1521719851485619,1,0.228535363251002
171160366569555,857622540975972,1,0.747422573271345
1264816113545179,511804775649731,1,0
841149452697791,157307111289538,1,0.44772375931977
1512416739084866,1647507122170549,1,0.833593872133925
508149802696009,1708970406004977,1,0.268704607450229
10207020555863952,905008766246226,1,0.166950838512692
1666942073552391,1516028465387070,1,0
112036512495862,795999260515174,1,0.172988979511468
170919729923576,1647507122170549,1,0.76836813089536
1068552076511289,758846707577663,1,0
118907701812571,982290421810279,1,0
1723085601253037,522546991255308,1,0
10207898863450544,796359963823801,1,0.0909090909090911
188622934811728,1681056058808309,1,0
10203670881130844,157307111289538,1,0.471463917820284
535137073315462,511804775649731,1,0
10153747645909914,982290421810279,1,0
167105196975226,857622540975972,1,0.75434564777815
1521273348199107,508147322683858,1,0
1719199448311480,1672166549701268,1,0
141680539527313,1006657816062381,1,0
484346231726681,1515953172065039,1,0
10204997278839772,471379523018564,1,0
1638369666436552,1077965492215167,1,0
895933887181307,1621002981483264,1,0
742711882501236,553707154776476,1,0
1111298315547827,311755245655422,1,0.195283366471236
714714581993034,1712903448943953,1,0.160052173656655
493639604146555,406829072835666,1,0.712330131109359
1633352696938851,1676855795934448,1,0.474479418894274
769990746444431,874334249323234,1,0
10207808222461364,1660504720886715,1,0.211428443580723
1207500492600083,955987737813861,1,0
414599392078162,1643381175903642,1,0
10153751415924284,874835075904840,1,0
496733093842097,983628185032105,1,0.69717945324798
450037791864047,1515953172065039,1,0
1015583565168117,1548678642090619,1,0
542864939199605,1722593361302843,1,0.230174135059375
10203630983613656,1162044413810114,1,0
1501856920142105,508147322683858,1,0
773330646112734,983628185032105,1,0.803941979831333
886757811432114,482838738558603,1,0.250436341169282
10153201469391724,482838738558603,1,0.545243360877182
427463854124684,1245920382101712,1,0.5599020257175
1512416739084866,1521483178178527,1,0.110431526074847
1068552076511289,491548331013231,1,0.347565655536835
1209944535689463,157307111289538,1,0.400426717361903
742674219199963,1647507122170549,1,0.830128205128204
10153041441842692,482838738558603,1,0.144625766855053
1240794062603397,1719877178240884,1,0.107832773203439
10153731740018430,1024404200913038,1,0.111803398874989
427463854124684,857622540975972,1,0.871688551418604
10201186044170432,1650760668536515,1,0
191477854524248,1006657816062381,1,0
1523529171293144,977637265608801,1,0
142881026070824,874835075904840,1,0
143762049315634,625905840883347,1,0
10207963509542492,1502067896755875,1,0.17025130615175
753474001425882,857622540975972,1,0.741918989501043
1222781891072378,883542348401279,1,0.128564869306645
1014016165306228,802887543069782,1,0
421832248016283,1743389909222551,1,0
10203630983613656,148966468795177,1,0
181197955557698,465988266906746,1,0
10206906030262832,406829072835666,1,0.599524071705311
166359100384831,905008766246226,1,0.366617787553383
926381767410064,587786681361995,1,0.824093394934316
10153731740018430,1862289050664286,1,0
895933887181307,414057348785375,1,0.336296354567275
457613797776937,985219994862772,1,0.874918679541456
626469317493279,406829072835666,1,0.432066384021612
1635523966717207,148966468795177,1,0
171534213198113,511804775649731,1,0
139493729744950,795999260515174,1,0.0793051585718142
755583684588001,874835075904840,1,0
534795423351077,587786681361995,1,0.639376705959593
10200902674007276,424468137738057,1,0
527814970726131,2147949678679083,1,0.185695338177052
10208020264844684,1162044413810114,1,0
10208430697551840,494764264037412,1,0.358391468152417
1687617991524721,1530342330623823,1,0
604517696354265,424468137738057,1,0
412039719004284,1495643027398937,1,0.540178963927612
626469317493279,2147949678679083,1,0.067335020886485
10205166958160524,1862289050664286,1,0
10208238589109344,489393957905197,1,0.341466235934684
127899517575510,1006657816062381,1,0
170919729923576,1035314519836199,1,0.660827138107953
870590129714745,1698245300413118,1,0.105795674433912
1666942073552391,157307111289538,1,0.452145423366164
1209944535689463,1722593361302843,1,0.152462394654161
987728801294374,955987737813861,1,0
539326799554165,508147322683858,1,0
491323391040278,1523381281314094,1,0.160052173656655
188622934811728,1515953172065039,1,0
10205719556888440,505817212923414,1,0.0794301470789538
932468050179679,609445715860145,1,0.0169882397145875
527814970726131,1517636418547610,1,0
1725778104317661,875491222558206,1,0.820346992238692
10206940758694626,199405303727652,1,0
1110211555664753,406829072835666,1,0.703747272142725
434633080062354,505404526303554,1,0
10102750816468698,1419793634991801,1,0
886757811432114,802887543069782,1,0
1138971446113805,147933212231456,1,0.051812776015084
515246135302389,587786681361995,1,0.628970902033151
10207918056730800,1136662996361958,1,0.169711058325533
847450522035365,1672166549701268,1,0
534795423351077,406829072835666,1,0.21613729078332
457613797776937,157307111289538,1,0.416119859781912
1031703450185040,1708970406004977,1,0.128671253163745
10205718333372740,311755245655422,1,0.103695169473043
1655146798087250,471379523018564,1,0
10156191108435322,494764264037412,1,0.271609885358692
1520152658305066,455637751283813,1,0.0739221270954572
773330646112734,995025613883488,1,0.347570667818096
1076260289050641,503234193169664,1,0
1079563472063025,1035314519836199,1,0.703767415268621
1505969059702279,1495218810806969,1,0
140645352966158,1517252088592543,1,0
1658349747755273,1656401337951247,1,0.398534127366615
1512808485683180,406829072835666,1,0.526234811584217
1517580485219420,587786681361995,1,0.38575837490523
473057772881230,665950596841543,1,0
836540786464709,411662922360897,1,0
10153534752532024,426995257494915,1,0.147844254190915
926381767410064,983628185032105,1,0.654330305081576
128541460842924,1530342330623823,1,0
534795423351077,511804775649731,1,0
604517696354265,423717384415158,1,0
10203630983613656,608762552594198,1,0.316815004713943
1530719623918188,959800754113122,1,0.263180677983908
127899517575510,1517636418547610,1,0
779761258836576,975449605847497,1,0
1061161753902230,1635747950032736,1,0.284398229497261
1007278812646797,157307111289538,1,0.5
189917894683001,455637751283813,1,0.0457229956859213
1628952527355431,1164280260255705,1,0.416927537383382
542351085930522,1703776966504174,1,0.0990147542976674
143762049315634,728667207277026,1,0
449445798585494,505817212923414,1,0
701059946694911,494764264037412,1,0.0398409536444798
1522484031407199,587786681361995,1,0.725063678732663
540866352746073,802887543069782,1,0
10153310309248652,931978370186855,1,0.223606797749979
469001606618204,1568731703380247,1,0.18516401995451
1486654704975542,1118925088119512,1,0
744647905668436,1078098455568197,1,0
771151099681189,538279132989832,1,0.443129367525598
10207918056730800,183697085309052,1,0
892618300854855,1483723631934208,1,0.0857099128710967
1640490862888349,1653992801547099,1,0.106464647927776
594268804047130,326413324149212,1,0
10207127847588396,1743389909222551,1,0
10208020264844684,741573269308723,1,0.290878029172286
450037791864047,508147322683858,1,0
1523731894619534,1515953172065039,1,0
10153623207422850,991910604185166,1,0
499389476898835,1495322954096351,1,0.305391959135572
520184324811726,1530342330623823,1,0
587710671382257,406829072835666,1,0.883779248249916
945132885542349,1676855795934448,1,0.623609564462323
1730701060492919,1035314519836199,1,0.810014833819575
173533356327149,874334249323234,1,0
10153245622198310,758846707577663,1,0
489106891271298,587786681361995,1,0.7842205430356
10153751415924284,1162044413810114,1,0
931874233549485,874334249323234,1,0
1520683351575003,1006657816062381,1,0
870590129714745,1717752625120818,1,0.950875584126869
484056645108661,1722593361302843,1,0.148148148148148
1262477510445433,424468137738057,1,0
10153623207422850,482838738558603,1,0.410461034532591
10153731740018430,112055882496156,1,0
1668948343347366,157307111289538,1,0.482197968631538
519899301512791,1105684389456261,1,0.867485243057869
529452507222509,587786681361995,1,0.682854835830459
510174425812339,802887543069782,1,0
132782073751593,785327294945736,1,0
10208234558489760,411662922360897,1,0
870894306359712,1530342330623823,1,0
10207918056730800,545198285638570,1,0
10153245622198310,1487338478240415,1,0
904674892934101,906526716092147,1,0.146037715053371
698375650299059,767175890075974,1,0.149626400416145
10201144172402116,1507447266249110,1,0.405065019352341
1512416739084866,764835670294999,1,0
171950143153804,802887543069782,1,0
1646438118961908,727351294066130,1,0
726783144121341,995025613883488,1,0.25054646656725
756387537820954,1515953172065039,1,0
10208020264844684,426995257494915,1,0.111959005629312
1716829768546132,511804775649731,1,0
10205683042099392,1530342330623823,1,0
10153710102894362,554566951363535,1,0.420628720937557
520184324811726,508147322683858,1,0
737701309662788,411662922360897,1,0
10203678931132960,905008766246226,1,0.355334527259351
507563852747117,527385800759438,1,0.375183239688433
551059868404585,1647507122170549,1,0.484434138636445
10153751415924284,1658388237753858,1,0
1646438118961908,2147949678679083,1,0.173096928963166
421832248016283,890545864386215,1,0.301511344577764
643772309097071,455637751283813,1,0
10103397799779096,785083881617402,1,0
1640490862888349,1646169172322185,1,0
10207933931007486,925268004218508,1,0.252377232562535
779761258836576,508147322683858,1,0
563887893777068,1515953172065039,1,0
10153633400425090,1862289050664286,1,0
1059452377407822,985219994862772,1,0.609957380637653
10153813028960160,1521719851485619,1,0.152412741984714
840799026032607,850447408407557,1,0
10207933931007486,785327294945736,1,0
508149802696009,493719907454733,1,0
1730701060492919,1516028465387070,1,0
548892231931724,1530342330623823,1,0
1200835986609754,511804775649731,1,0
10153868264978394,511804775649731,1,0
10153731740018430,545198285638570,1,0
140645352966158,874334249323234,1,0
922282511184349,482838738558603,1,0.299342170044625
10153276223956818,764835670294999,1,0
1521769931482549,527385800759438,1,0.6768297966819
1674223596191112,982290421810279,1,0
523483477808212,802887543069782,1,0
1188607327823189,920532884705447,1,0.223606797749979
1262477510445433,995025613883488,1,0.367194036817263
148379555518355,1653260184922609,1,0
1501856920142105,157307111289538,1,0.569534066184347
1628952527355431,725340260922835,1,0
542864939199605,906526716092147,1,0.162757691754232
1198079436883830,1502150523415752,1,0.175881617670362
587710671382257,905008766246226,1,0.155523158271948
10207918056730800,805947839515103,1,0
1567953666779823,1681056058808309,1,0
975970165801193,1800241690202920,1,0
1930036233887304,1078098455568197,1,0
904674892934101,942502089120677,1,0
183740808638809,427989960731914,1,0
10203577386353640,1635747950032736,1,0.220829807165362
183303732011968,795999260515174,1,0.105214593574785
183740808638809,424468137738057,1,0
412039719004284,1517252088592543,1,0
188932614781344,182639612078173,1,0
519899301512791,890966060986998,1,0.73161406041025
140645352966158,2111249605680682,1,0
490917987736402,511804775649731,1,0
1111298315547827,497540377073623,1,0
1647618032193437,2147949678679083,1,0.173683368572969
10207127847588396,157307111289538,1,0.336493298188876
785329451596424,1708970406004977,1,0.173552533625156
433606973494655,494764264037412,1,0.186771841909407
10208623231044876,471985069655963,1,0
520184324811726,1676855795934448,1,0
10153710102894362,148966468795177,1,0
987728801294374,1683796151836864,1,0
1216804721669942,1515953172065039,1,0
192136344460462,796359963823801,1,0.0645497224367902
133858413643559,406829072835666,1,0.406744608409981
10207132453048284,406829072835666,1,0.924902991969674
742711882501236,1517636418547610,1,0
407083886168985,1643381175903642,1,0
1138971446113805,587786681361995,1,0.815478260816226
10153731740018430,505814529591768,1,0
188622934811728,1661242774134560,1,0
1668948343347366,1213165988698115,1,0.740784909869831
849872261794922,553707154776476,1,0
551934978296072,977637265608801,1,0
572161542937082,1674089026164377,1,0
1503297083304581,1635747950032736,1,0.294851418687968
510392759134995,553707154776476,1,0
726783144121341,1698245300413118,1,0.0342896333249093
643772309097071,1635747950032736,1,0
698375650299059,1523381281314094,1,0
551059868404585,587786681361995,1,0.63887656499994
1666942073552391,1035314519836199,1,0.896928250607789
148379555518355,1709634665938326,1,0
10153841103967164,147933212231456,1,0.092499458012576
450738748448749,494764264037412,1,0.363455708595249
895933887181307,455637751283813,1,0
527814970726131,802887543069782,1,0
10204592990854242,511804775649731,1,0
407511526113695,297183720488226,1,0
10153004755491600,1532926813694297,1,0
1638369666436552,1643381175903642,1,0
10153388021858882,857622540975972,1,0.0215165741455968
701059946694911,157307111289538,1,0.3659625273557
493639604146555,1676855795934448,1,0.560112033611204
10205166958160524,311755245655422,1,0.333333333333333
10153425952533532,1513489878975889,1,0
1934781353412802,157307111289538,1,0.415872972365632
1683424385228146,511804775649731,1,0
1138971446113805,920532884705447,1,0.190372295091105
788317357957045,553707154776476,1,0
1647618032193437,587786681361995,1,0.83901317969852
184243938587150,1162044413810114,1,0
10153633400425090,1162044413810114,1,0
737701309662788,406829072835666,1,0.55610140543064
112036512495862,677952745575695,1,0
513601645466348,795999260515174,1,0.202030508910442
559615954200736,802887543069782,1,0
10201268432310336,1862289050664286,1,0
1641268906161436,874334249323234,1,0
548892231931724,157307111289538,1,0.500089023413863
10153868264978394,545198285638570,1,0
10153728221469138,1530342330623823,1,0
500427516800893,1514772282153569,1,0
10153606275521140,1647507122170549,1,0.370733649557236
742674219199963,947082921995712,1,0
1725778104317661,874334249323234,1,0
407511526113695,682401445211994,1,0
509287069249674,1647507122170549,1,0.865752533375837
167105196975226,455637751283813,1,0
870590129714745,947821865304797,1,0.950875584126869
10208234558489760,758846707577663,1,0
10203670881130844,1512043439095614,1,0
922282511184349,985219994862772,1,0.277777777777778
617314225074105,117378128624899,1,0
143762049315634,714537595342870,1,0
1503297083304581,863818937066030,1,0
892618300854855,1635747950032736,1,0.189902897406216
10153731740018430,981112258646565,1,0
944607878967433,508147322683858,1,0
551934978296072,406829072835666,1,0.595707572153264
1683424385228146,1077965492215167,1,0
1668861940027419,482838738558603,1,0.605105863002946
493132844181060,983628185032105,1,0.856650789244162
1200835986609754,494764264037412,1,0.17817416127495
959167677485091,864041886997217,1,0.159777034977948
171534213198113,1530342330623823,1,0
1240794062603397,982290421810279,1,0
1015583565168117,148966468795177,1,0
1200835986609754,587786681361995,1,0.682539682539686
143762049315634,1674987226048875,1,0
1008365305886176,1534172186874420,1,0.293821264124635
876994722408125,1640441632884917,1,0
867462980017143,857622540975972,1,0.842113870377052
1510819109244921,874334249323234,1,0
484056645108661,192475747754735,1,0.181443684650606
1651039455150853,508147322683858,1,0
1772571746303512,983628185032105,1,0.645497224367903
853789684741589,1647507122170549,1,0.794871794871794
450037791864047,471379523018564,1,0
1057105014307763,1502067896755875,1,0.64473467569725
1521130751535783,424468137738057,1,0
932468050179679,857622540975972,1,0.163663417676994
875164032590454,1530342330623823,1,0
193719064300608,863818937066030,1,0
417376031789328,455637751283813,1,0.0707696774431607
10153004755491600,736854409753137,1,0.541881790986551
132782073751593,311755245655422,1,0.131235742984958
10208078682148132,398686067005910,1,0.755989514821565
192136344460462,406829072835666,1,0.811393477296928
10101850038859288,874835075904840,1,0
450738748448749,2111249605680682,1,0
539326799554165,920532884705447,1,0.174297868132238
135085436853805,919883004725577,1,0.172345496886428
437117823155914,455637751283813,1,0
491323391040278,2147949678679083,1,0.137750978465894
10153059125551986,183697085309052,1,0
10153425952533532,545198285638570,1,0
938511266229256,874334249323234,1,0
1497516140543169,1647507122170549,1,0.945962217630777
1078847258822654,192475747754735,1,0
1628952527355431,608762552594198,1,0.13856406460551
190802747923257,983628185032105,1,0.597738794680976
192136344460462,1648052285418189,1,0.316227766016838
507563852747117,1648052285418189,1,0.2394737360357
172315433118941,508147322683858,1,0
875164032590454,608762552594198,1,0.119808459574631
769990746444431,1708970406004977,1,0.166512559683489
10206906030262832,411662922360897,1,0
10205683042099392,1635747950032736,1,0.103745888561168
10208078682148132,311755245655422,1,0.250640205913802
132782073751593,874835075904840,0,0
132782073751593,1521719851485619,0,0.131235742984958
132782073751593,632343673535086,0,0
139493729744950,764835670294999,0,0
139493729744950,1568731703380247,0,0.237915475715443
140561939637308,856704631068589,-1,0
140561939637308,424468137738057,-1,0
140561939637308,114129678945593,-1,0
140645352966158,857622540975972,0,0.786601245660313
140645352966158,919883004725577,0,0.0850678820118227
140645352966158,148966468795177,0,0
154711438221800,134546073570468,0,0.664384113295916
167105196975226,471379523018564,0,0
170919729923576,1527601337508454,-1,0
171160366569555,1637400096532178,-1,0
171160366569555,856704631068589,-1,0
171160366569555,1649574428587670,-1,0
171160366569555,905008766246226,-1,0.348664490387928
171950143153804,874334249323234,0,0
171950143153804,1698245300413118,0,0.0571778747278879
171950143153804,977637265608801,0,0
173533356327149,505404526303554,0,0
173533356327149,1118925088119512,0,0
183303732011968,511804775649731,0,0
184243938587150,446234268895916,0,0
189917894683001,1513489878975889,0,0
189917894683001,1653992801547099,0,0.152409985619737
189917894683001,1634227493510358,0,0.0373326696473279
189917894683001,424468137738057,0,0
189917894683001,429444030594966,0,0.149330678589311
189917894683001,1118925088119512,0,0
189917894683001,931978370186855,0,0.182891982743685
189917894683001,545198285638570,0,0
189917894683001,1517252088592543,0,0
189917894683001,1648052285418189,0,0.198132981305659
189917894683001,114129678945593,0,0
189917894683001,1678424979065826,0,0.455134963218223
189917894683001,1743389909222551,0,0
189917894683001,982290421810279,0,0
191477854524248,505817212923414,0,0
191477854524248,1514772282153569,0,0
191477854524248,465988266906746,0,0
192474881087926,1514772282153569,0,0
192474881087926,1712903448943953,0,0.397359707119513
192639284405898,1514772282153569,0,0
192639284405898,1715978725289059,0,0
192639284405898,1647507122170549,0,0.405095746833467
192639284405898,1515953172065039,0,0
193016494372691,487623601362936,0,0
193016494372691,414057348785375,0,0.0533760512683624
193719064300608,482838738558603,-1,0.311085508419128
208501676148665,1077965492215167,0,0
208501676148665,1634811676806312,0,0
208501676148665,995025613883488,0,0
208501676148665,157307111289538,0,0.580947501931112
208501676148665,983628185032105,0,0.3
208501676148665,1647507122170549,0,0.186052101883813
208501676148665,1245920382101712,0,0.376968517462526
208501676148665,875491222558206,0,0.223606797749979
208501676148665,1701251846786746,0,0
208501676148665,982290421810279,0,0
407083886168985,2147949678679083,0,0.183254166534458
407083886168985,1077965492215167,0,0
407083886168985,489692841197214,0,0.749128847295807
407083886168985,1185663778130472,0,0.10927167294163
407083886168985,540286862788351,0,0.0946320446814768
407083886168985,1748602092029489,0,0.682846084863535
412039719004284,875491222558206,0,0.960215579569506
417376031789328,494764264037412,0,0.467056042342807
427463854124684,1643381175903642,-1,0
437117823155914,192475747754735,0,0.240192230707631
437117823155914,538279132989832,0,0.0724206824377901
437117823155914,1507447266249110,0,0.392232270276369
437117823155914,172015596484680,0,0
437117823155914,511804775649731,0,0
437117823155914,148966468795177,0,0
442822525920982,1225088244174418,0,0
447314352120923,587786681361995,0,0.605176528199479
447314352120923,521058938061840,0,0.335200761576995
447314352120923,171069349914286,0,0
447314352120923,977637265608801,0,0
449296218608148,553707154776476,0,0
452102751642373,425697107630544,0,0.218114051119841
452102751642373,1521483178178527,0,0.261736861343809
452102751642373,963139843743501,0,0
452102751642373,430795103770759,0,0
452102751642373,134546073570468,0,0.310812522845774
452102751642373,141783372845728,0,0
452102751642373,1656182334649628,0,0
452102751642373,1017664094920484,0,0
452102751642373,631984013611089,0,0
452102751642373,942145629156651,0,0.365191797771433
452102751642373,934528249967335,0,0.534268130974937
452102751642373,1643381175903642,0,0
452102751642373,1516517512002547,0,0.365816299308331
452102751642373,141981386160261,0,0.338369816284126
452102751642373,1517636418547610,0,0
452102751642373,913726102016230,0,0.10905702555992
452102751642373,587786681361995,0,0.737060459878919
452102751642373,157307111289538,0,0.562939224859018
452102751642373,553707154776476,0,0
452102751642373,886099961445115,0,0
452102751642373,1185663778130472,0,0.0308459849237818
452102751642373,420452458155967,0,0
452102751642373,1727916837436720,0,0.218114051119841
452102751642373,183580841988156,0,0
452102751642373,410271959178819,0,0.267134065487469
452102751642373,746524912158195,0,0
452102751642373,1638389173109087,0,0.267134065487469
452102751642373,1483806378592848,0,0
452102751642373,1626927544222999,0,0.267134065487469
452102751642373,555949701234891,0,0
452102751642373,1516099898705226,0,0
452102751642373,1518472738468607,0,0
452102751642373,654461881357842,0,0
452102751642373,919883004725577,0,0
452102751642373,143844432640742,0,0
452102751642373,446234268895916,0,0
452102751642373,1699526300334531,0,0.0616919698475636
452102751642373,1515722348739773,0,0.261736861343809
457613797776937,1650760668536515,0,0
457613797776937,1006657816062381,0,0
457613797776937,406829072835666,0,0.0429448750735401
457613797776937,1507447266249110,0,0.407410857191334
457613797776937,1706173342932599,0,0
457613797776937,982290421810279,0,0
467894660064257,587786681361995,0,0.808434747927928
467894660064257,874334249323234,0,0
467894660064257,1698245300413118,0,0.0627455805138158
469001606618204,1515953172065039,0,0
473057772881230,931978370186855,0,0.162682026726288
484346231726681,982290421810279,0,0
489106891271298,1676855795934448,0,0.697916666666667
490917987736402,2147949678679083,-1,0.147763531141385
490917987736402,489955701191791,-1,0
491323391040278,942502089120677,0,0
491323391040278,857622540975972,0,0.743855283715828
491323391040278,406829072835666,0,0.743855283715828
491323391040278,874334249323234,0,0
491323391040278,508147322683858,0,0
500861113420487,527385800759438,0,0.626495325199153
500861113420487,1634811676806312,0,0
500861113420487,1507447266249110,0,0.259281489420866
500861113420487,608762552594198,0,0.264628062012482
500861113420487,795999260515174,0,0.158776837207489
500861113420487,1647507122170549,0,0.704588342040122
500861113420487,331003723690353,0,0.183339699405642
500861113420487,982290421810279,0,0
503202219861778,721688537965587,0,0.6745402238961
503202219861778,942502089120677,0,0
503202219861778,403409569850856,0,0.275371356328606
503202219861778,857622540975972,0,0.538780437831194
503202219861778,985219994862772,0,0.757271229903665
503202219861778,1035314519836199,0,0.516703611786156
503202219861778,617788491694733,0,0.389433906808988
503202219861778,511804775649731,0,0
503202219861778,1213165988698115,0,0.674720032714088
504382579740186,1646169172322185,0,0
504382579740186,1635747950032736,0,0.143518584977514
504382579740186,1483723631934208,0,0.043183351708753
504382579740186,910059795737600,0,0.137408583724303
504382579740186,1676855795934448,0,0.348183207854064
504382579740186,441791196018550,0,0.0373978796003382
507563852747117,1681847088719406,0,0
507563852747117,830956830352088,0,0.179605302026775
507563852747117,732668420104638,0,0
508149802696009,424468137738057,0,0
508149802696009,587786681361995,0,0.793242259187165
508149802696009,795999260515174,0,0.242827309597586
508149802696009,1647507122170549,0,0.697534702177881
508149802696009,1647583882159262,0,0.33046297246936
509287069249674,505404526303554,0,0
509287069249674,117378128624899,-1,0
509287069249674,1647784098809527,0,0
509287069249674,1515953172065039,0,0
513180892180206,436888249849609,0,0
513180892180206,1635747950032736,0,0.43173935707251
515246135302389,802887543069782,0,0
516495948528594,505817212923414,0,0.128564869306645
516495948528594,1641671362774614,-1,0
516495948528594,2111249605680682,0,0
518267068336260,843714479079121,0,0.383308266430437
519899301512791,975449605847497,0,0
523149284516658,1676855795934448,0,0.27874733666903
534795423351077,617788491694733,0,0.363102004529623
534795423351077,736854409753137,-1,0.456768507656094
539326799554165,406829072835666,0,0.309399172754657
542864939199605,1656401337951247,0,0.530920313880482
542864939199605,506193636215894,0,0
542864939199605,148966468795177,0,0
549431708543476,1643381175903642,0,0
549431708543476,553707154776476,0,0
549431708543476,874334249323234,0,0
549431708543476,508147322683858,0,0
549431708543476,148966468795177,0,0
553710531444429,440095206191965,0,0
553710531444429,1515953172065039,0,0
556386637852586,516654305161658,0,0
559615954200736,545198285638570,0,0
559615954200736,982290421810279,0,0
564378157044832,608762552594198,0,0.196431181341495
564378157044832,802887543069782,0,0
565708260247237,1035314519836199,0,0.801310836444743
567767733372047,503234193169664,0,0
580247795461456,482838738558603,0,0.298406281375115
580247795461456,890966060986998,0,0.634239129751513
580247795461456,553707154776476,0,0
580247795461456,503683439801590,0,0.255608593705383
580247795461456,1651077358490304,0,0.313055314224285
580247795461456,101507700221789,0,0.0852028645684612
580247795461456,1698245300413118,0,0.150618808282195
580247795461456,1524356571207831,0,0.0426014322842306
580247795461456,1568731703380247,0,0.147575690382985
580247795461456,1530342330623823,0,0
587710671382257,764835670294999,0,0
587710671382257,492973564196201,0,0.318168145133839
587710671382257,1523381281314094,0,0.0824786098842322
587710671382257,638776259596185,0,0.0476190476190476
587710671382257,1635747950032736,0,0.172292196901579
587710671382257,557425051079579,0,0.0952380952380951
587710671382257,1017664094920484,0,0
587710671382257,934528249967335,0,0.316168004556224
587710671382257,1633865473528494,0,0
587710671382257,136599536699616,0,0
587710671382257,1507447266249110,0,0.151522881682831
587710671382257,1017645984963730,0,0
587710671382257,802887543069782,0,0
587710671382257,1647784098809527,0,0
587710671382257,1181828128499301,0,0.134687005940295
587710671382257,1552412775048787,0,0.247435829652697
587710671382257,446234268895916,0,0
587710671382257,1709841822580169,0,0
587710671382257,890545864386215,0,0.0952380952380951
587710671382257,1008718879187726,0,0.164957219768465
587710671382257,955987737813861,0,0
587710671382257,1530342330623823,0,0
587710671382257,982290421810279,0,0
587710671382257,977637265608801,0,0
587710671382257,1527601337508454,0,0
595204997295165,1162044413810114,0,0
604517696354265,527385800759438,0,0.917063406207711
604517696354265,2147949678679083,0,0.218217890235992
604517696354265,1648052285418189,0,0.225374467927605
604517696354265,540286862788351,0,0.0845154254728519
604517696354265,940016226073543,0,0.843274042711567
617314225074105,1667371076875337,0,0.231643123328464
625758314229025,910059795737600,0,0.091798509204316
625758314229025,1505314403101681,0,0
625758314229025,519090021584170,0,0
630907087049569,157307111289538,0,0.657595949221429
630907087049569,147836405575804,0,0.232495277487639
630907087049569,1701251846786746,0,0.351499820130998
641011606001289,1164280260255705,0,0.56131815432949
641011606001289,189292908073143,0,0
641011606001289,983628185032105,0,0.750855955279785
641011606001289,1621002981483264,0,0
648356888637256,732668420104638,0,0
648356888637256,511804775649731,0,0
660661580702842,1708970406004977,0,0.149154084910894
666390466796788,1666441663584627,-1,0
666390466796788,1708970406004977,0,0.22703830459325
695153200619282,499466390227177,-1,0
695153200619282,802887543069782,0,0
701059946694911,638266769648820,0,0
713353622129100,942502089120677,0,0
713353622129100,522546991255308,0,0.181848241863327
713353622129100,934638543238914,0,0
719855601482008,1516517512002547,0,0.178562318481451
719855601482008,1676329352608101,0,0.28426762180748
719855601482008,1624545187788362,0,0.876459821202214
719855601482008,975449605847497,0,0
719855601482008,538279132989832,0,0.334021328561343
719855601482008,157307111289538,0,0.710669054518702
719855601482008,509992435843792,0,0.897381926793549
719855601482008,1621361011463261,0,0
719855601482008,1097525770265879,0,0.615913180582875
719855601482008,1735242010041189,0,0
719855601482008,1638727446395384,0,0
728229983978860,1647213525551952,0,0
728229983978860,1514772282153569,0,0
728229983978860,1648912038721600,0,0
728229983978860,919436231437882,0,0.190404244792613
728229983978860,920532884705447,0,0.190404244792613
728229983978860,995025613883488,0,0.329789825957587
728229983978860,157307111289538,0,0.549649709929313
728229983978860,795999260515174,0,0.0952021223963065
730613557069860,406829072835666,0,0.756188007960917
737701309662788,1656401337951247,0,0.493572631299781
742674219199963,1419793634991801,-1,0.0693375245281537
742711882501236,1640441632884917,0,0
742711882501236,570911803060678,-1,0
742711882501236,1668720313411815,-1,0.0554889934625245
753474001425882,192475747754735,0,0.188422287906398
753474001425882,737090809728395,0,0.736935168379627
753474001425882,528961267266179,0,0
753474001425882,892649937474491,0,0
753474001425882,1647507122170549,0,0.766464453882494
753474001425882,197327703937350,0,0
753474001425882,2111249605680682,0,0
753474001425882,1509061466060315,0,0
753474001425882,959800754113122,0,0.524801763336887
767036236776544,732668420104638,0,0
771151099681189,1647213525551952,0,0
771151099681189,424468137738057,0,0
771151099681189,983628185032105,0,0.821583836257749
771151099681189,909793182438987,0,0
771505632953533,925268004218508,0,0.0238704958013145
771505632953533,465988266906746,0,0
771505632953533,1728490300705380,0,0
771505632953533,587786681361995,0,0.693032753166157
771505632953533,117378128624899,0,0
771505632953533,496036427268213,0,0
771505632953533,1661242774134560,0,0
771505632953533,1510567955909044,0,0
771505632953533,904360302946503,0,0.338048324699628
771505632953533,906526716092147,0,0
771505632953533,1495322954096351,0,0.150970271219279
773330646112734,157307111289538,0,0.485150723829425
773330646112734,874334249323234,0,0
773330646112734,677952745575695,0,0
773330646112734,802887543069782,0,0
773330646112734,1048580948520263,0,0.234115021731728
780538515424612,983628185032105,0,0.734749450976599
780538515424612,1676855795934448,0,0.528238586858022
780538515424612,511804775649731,0,0
785329451596424,519090021584170,0,0
785329451596424,947082921995712,-1,0
797901256985747,494764264037412,-1,0.33469190276775
801196210006579,1634227493510358,0,0.0477818482567497
801196210006579,157307111289538,0,0.422335861499678
801196210006579,890966060986998,0,0.512809084858008
801196210006579,874334249323234,0,0
801196210006579,311755245655422,-1,0.175561720794196
801196210006579,736325763177454,0,0.191127393026998
801196210006579,1621002981483264,0,0
801196210006579,1913467532211684,0,0
801196210006579,939638432739841,0,0.3941801373997
801196210006579,480125172148867,0,0.202721213519846
825568154218668,609445715860145,0,0.449199330079281
825568154218668,1667371076875337,0,0.449199330079281
825568154218668,1517636418547610,0,0
825568154218668,1658552184361587,0,0.494770276609063
825568154218668,406829072835666,0,0.773523859256559
825568154218668,538279132989832,0,0.572891899231546
825568154218668,910059795737600,0,0.129550055126259
825568154218668,1621002981483264,0,0
825568154218668,497474997090416,0,0.237508434398142
825568154218668,939638432739841,0,0.511104354537957
825568154218668,1712903448943953,0,0.237508434398142
825568154218668,1419793634991801,0,0.129550055126259
825568154218668,947082921995712,0,0
825568154218668,1089433731068972,0,0.105777177069589
825568154218668,841494475971645,0,0
825568154218668,955987737813861,0,0
825568154218668,1530342330623823,0,0
825568154218668,1515953172065039,0,0
837784366335198,1524356571207831,0,0
840799026032607,983628185032105,0,0
841149452697791,440095206191965,-1,0
843387462427077,1515953172065039,0,0
849896485129765,1667371076875337,0,0.2774379366257
849896485129765,1514772282153569,0,0.0208695967782421
849896485129765,942502089120677,0,0
849896485129765,920532884705447,0,0.0681598176590997
849896485129765,424468137738057,0,0
849896485129765,587786681361995,0,0.721335707733946
849896485129765,508147322683858,0,0
853789684741589,934528249967335,0,0.462250163521024
853789684741589,494764264037412,0,0.392232270276368
867080830071921,1708970406004977,0,0.24285328807364
867080830071921,1671093049797551,0,0.532064896168931
867462980017143,1483723631934208,0,0.135945824823345
870590129714745,511804775649731,0,0
872186099559377,905008766246226,0,0.32298759674997
872186099559377,1529443567324530,-1,0
873366629437441,1521719851485619,0,0.342594354913765
873366629437441,1006657816062381,0,0
873366629437441,995025613883488,0,0.356034497458156
873366629437441,406829072835666,0,0.225566579284567
873366629437441,545198285638570,0,0
874434149330288,905008766246226,0,0.520191552157789
875164032590454,1515953172065039,0,0
876994722408125,527385800759438,0,0.810822562577889
876994722408125,190853124587106,0,0.43714177725793
876994722408125,419239658279508,0,0
876994722408125,1006657816062381,0,0
876994722408125,465988266906746,0,0
876994722408125,406829072835666,0,0.893226041232674
876994722408125,538279132989832,0,0.681740715683543
876994722408125,1621002981483264,0,0
876994722408125,1663241800631364,0,0.282408571447458
876994722408125,148966468795177,0,0
876994722408125,1509061466060315,0,0
895933887181307,117378128624899,0,0
902569216444779,1674089026164377,0,0
902569216444779,617788491694733,0,0.365384615384615
902569216444779,1528507317470530,0,0.125614858604265
902569216444779,796359963823801,0,0.153846153846154
902569216444779,785327294945736,0,0
904674892934101,1514772282153569,0,0
904674892934101,890545864386215,0,0.0973584767022471
921575151231746,406829072835666,0,0.761997665437788
921575151231746,863818937066030,0,0
921575151231746,947082921995712,0,0
921575151231746,1698245300413118,0,0
921575151231746,1530342330623823,0,0
922282511184349,905008766246226,0,0
926901050726647,942145629156651,0,0.302531690453766
931320930249546,587786681361995,0,0.554257096618662
932468050179679,424468137738057,0,0
932468050179679,489692841197214,0,0
932468050179679,147339502294639,0,0
938511266229256,1648052285418189,0,0.239616919149261
938511266229256,795999260515174,0,0.119808459574631
938511266229256,775340979147675,-1,0
945132885542349,157307111289538,0,0.489978943506111
975970165801193,975449605847497,0,0
975970165801193,1162044413810114,0,0
975970165801193,1515953172065039,0,0
979669112071875,1006657816062381,0,0
983526351686099,982290421810279,0,0
1007278812646797,424468137738057,0,0
1008365305886176,133798883645899,0,0.404358206531056
1008365305886176,1105684389456261,0,0.836374691684737
1014016165306228,1537877016467620,0,0
1014016165306228,1656401337951247,0,0.58925565098879
1014016165306228,511804775649731,0,0
1015358611820126,1648912038721600,0,0
1015583565168117,157307111289538,0,0.360843918243516
1015583565168117,1515953172065039,0,0
1031703450185040,1507447266249110,0,0.325515383508464
1031703450185040,1512043439095614,0,0.0996683241277643
1061161753902230,426995257494915,0,0.18190171877725
1061161753902230,511804775649731,0,0
1068552076511289,874835075904840,0,0
1068552076511289,625905840883347,0,0
1068552076511289,487623601362936,0,0
1068552076511289,985219994862772,0,0.616768032622251
1068552076511289,1661242774134560,0,0
1068552076511289,1800241690202920,0,0
1068552076511289,1743389909222551,0,0
1078847258822654,1118925088119512,0,0
1079563472063025,117378128624899,0,0
1079563472063025,959800754113122,0,0.354857078861682
1086763018000674,1703776966504174,0,0
1086763018000674,494764264037412,0,0.396928310067868
1086763018000674,1672166549701268,0,0
1086763018000674,705312679603964,0,0.586967844093695
1107368242648326,117378128624899,-1,0
1110211555664753,920532884705447,0,0.199130700635446
1110211555664753,1701251846786746,0,0.391763310901435
1113728978638145,995025613883488,0,0.142373699362875
1113728978638145,1640768362814765,0,0.169790543991203
1113728978638145,200344163638609,0,0.879969189429818
1113728978638145,982290421810279,0,0
1138971446113805,1654035388177889,0,0
1143885928974082,1118925088119512,-1,0
1143885928974082,906526716092147,0,0.155817877426324
1143885928974082,1735242010041189,0,0
1143885928974082,1530342330623823,0,0
1145851332106821,738555442944145,0,0
1145851332106821,995025613883488,0,0.224573845617738
1145851332106821,553707154776476,0,0
1145851332106821,1495322954096351,0,0.238196533670165
1173989399282043,1517636418547610,0,0
1173989399282043,508147322683858,-1,0
1173989399282043,1647507122170549,0,0.743893616071247
1173989399282043,147933212231456,0,0.098058067569092
1173989399282043,1512043439095614,0,0
1188607327823189,1712903448943953,0,0.223606797749979
1193116397370530,871565706285002,0,0
1193991390627968,155514448138170,0,0
1197133633636680,538279132989832,0,0.103799859221536
1197133633636680,1708970406004977,0,0.0666666666666667
1197133633636680,1635667590055386,0,0.172132593164774
1197133633636680,519090021584170,0,0
1200835986609754,527385800759438,0,0.731057438844192
1214706241878014,938658272898644,0,0
1222781891072378,1658388237753858,0,0
1222781891072378,398686067005910,0,0.654653670707977
1222781891072378,1647507122170549,0,0.663926079112058
1222781891072378,1656401337951247,0,0.519588733317644
1241481725868432,905008766246226,0,0.256059482384815
1241481725868432,1035314519836199,0,0.715623614269423
1241481725868432,1651077358490304,0,0.20728624764485
1264816113545179,727351294066130,0,0
1264816113545179,503683439801590,0,0.251754407489007
1264816113545179,796359963823801,0,0.0593390829096927
1369618623052388,1151740234853898,0,0
1369618623052388,1419793634991801,-1,0.145698559277155
1481712312137521,157307111289538,0,0.461968217679898
1483784895264337,1696580997242512,0,0
1483784895264337,1640768362814765,0,0.161374306091976
1483784895264337,939638432739841,0,0.445040832500337
1483784895264337,947082921995712,0,0
1483784895264337,554566951363535,0,0.434813178273152
1503297083304581,1658388237753858,0,0
1503297083304581,414057348785375,0,0.354848799135022
1503297083304581,1676855795934448,0,0.592221228693868
1503297083304581,199405303727652,0,0
1504594363204228,983628185032105,0,0.621425951152635
1504594363204228,1640768362814765,0,0.260931229221377
1504594363204228,875491222558206,0,0.505291152639911
1504594363204228,632343673535086,0,0
1504594363204228,513376695507303,0,0
1510819109244921,1515953172065039,0,0
1512416739084866,906639566051815,0,0.374878997125048
1512416739084866,1676855795934448,0,0.433816005246129
1520152658305066,906639566051815,0,0.461008973887368
1520152658305066,190853124587106,0,0.517454889668201
1520152658305066,492973564196201,0,0.427741194268222
1520152658305066,538279132989832,0,0.768948417743689
1520152658305066,493719907454733,0,0
1520152658305066,1017645984963730,0,0
1520152658305066,910059795737600,0,0.110883190643186
1520152658305066,1640768362814765,0,0.257669250441241
1520152658305066,1621002981483264,0,0
1520152658305066,1639903826263071,0,0.0905357460425184
1520152658305066,917019075034839,0,0
1520722144905458,505814529591768,0,0
1520722144905458,2111249605680682,0,0
1520722144905458,148966468795177,0,0
1521130751535783,1635747950032736,0,0.169250800096583
1521130751535783,157307111289538,0,0.369975013232876
1521130751535783,795999260515174,0,0.176776695296637
1521130751535783,1647507122170549,0,0.792636046183493
1521130751535783,1515953172065039,0,0
1522953398019219,553707154776476,0,0
1522953398019219,1527444727569728,0,0.55908524625169
1530719623918188,508147322683858,0,0
1628952527355431,1646169172322185,0,0
1628952527355431,991910604185166,0,0
1628952527355431,1513489878975889,0,0
1628952527355431,184749731865323,0,0
1628952527355431,665950596841543,0,0
1628952527355431,451889378329612,0,0.23094010767585
1628952527355431,489393957905197,0,0.24
1628952527355431,142489732775742,0,0
1628952527355431,712009595602015,0,0.75608641481425
1628952527355431,1653992801547099,0,0.115470053837925
1628952527355431,427989960731914,0,0.509116882454313
1628952527355431,1528758890748931,0,0
1628952527355431,1635747950032736,0,0.180906806746658
1628952527355431,1652546251661088,0,0.113137084989848
1628952527355431,631984013611089,0,0
1628952527355431,1634811676806312,0,0
1628952527355431,913726102016230,0,0.0565685424949238
1628952527355431,975449605847497,0,0
1628952527355431,538279132989832,0,0.738089261252158
1628952527355431,878190755634253,0,0
1628952527355431,583936238376872,0,0
1628952527355431,1483723631934208,0,0.0489897948556635
1628952527355431,157307111289538,0,0.47
1628952527355431,874334249323234,0,0
1628952527355431,906401222748379,0,0
1628952527355431,802887543069782,0,0
1628952527355431,1647507122170549,0,0.784627953644927
1628952527355431,496036427268213,0,0
1628952527355431,638266769648820,0,0
1628952527355431,192596887742760,0,0.310268700752536
1628952527355431,1676855795934448,0,0.426666666666667
1628952527355431,727351294066130,0,0
1628952527355431,1526832960967465,0,0
1628952527355431,1532926813694297,0,0
1628952527355431,1640768362814765,0,0.304105244939972
1628952527355431,1674987226048875,0,0
1628952527355431,617788491694733,0,0.169705627484772
1628952527355431,1014810091916125,0,0
1628952527355431,446234268895916,0,0
1628952527355431,1300065630019579,0,0
1628952527355431,520514754791299,0,0.304105244939971
1628952527355431,441791196018550,0,0.113137084989848
1628952527355431,863818937066030,0,0
1628952527355431,1712903448943953,0,0.300222139978606
1628952527355431,904360302946503,0,0.413333333333333
1628952527355431,497540377073623,0,0
1628952527355431,471985069655963,0,0
1628952527355431,1683796151836864,0,0
1628952527355431,1648453092109468,0,0.113137084989848
1628952527355431,1693365670899291,0,0
1628952527355431,911255902304156,0,0
1628952527355431,1625854811001049,0,0.169705627484771
1628952527355431,171069349914286,0,0
1628952527355431,883565628424262,0,0.12
1628952527355431,102406670131023,0,0.169705627484771
1628952527355431,911716662252390,0,0
1628952527355431,1495322954096351,0,0.169705627484771
1628952527355431,917274805030545,0,0
1628952527355431,959800754113122,0,0.410055428625758
1628952527355431,1515722348739773,0,0.113137084989848
1628952527355431,1568731703380247,0,0.13856406460551
1628952527355431,451632908367634,0,0
1628952527355431,977637265608801,0,0
1632516320346884,1672166549701268,0,0
1636003713338961,142489732775742,0,0
1638369666436552,2147949678679083,0,0.127205462828696
1638369666436552,424468137738057,0,0
1638369666436552,1516517512002547,0,0.291590478848512
1638369666436552,465988266906746,0,0
1638369666436552,553707154776476,0,0
1638369666436552,874334249323234,0,0
1638369666436552,977637265608801,0,0
1638404066448058,482838738558603,0,0.600333611368563
1638404066448058,802887543069782,0,0
1638404066448058,1651077358490304,0,0.303239217431561
1639584749662644,465988266906746,0,0
1639584749662644,874334249323234,0,0
1639987146252693,1512043439095614,0,0.0751646028002829
1640490862888349,406829072835666,0,0.812890593671542
1640490862888349,1676855795934448,-1,0.526863369773832
1640490862888349,407571132769856,0,0
1640490862888349,1508923892768261,0,0.228138531273807
1644463915809406,1495322954096351,0,0.301892763255977
1646841375578580,1646169172322185,0,0
1646841375578580,1245920382101712,0,0.528919358458924
1646841375578580,511804775649731,0,0
1646841375578580,904360302946503,0,0.117494699089209
1646841375578580,816885561766653,0,0.0881210243169071
1646841375578580,171069349914286,0,0
1646841375578580,480518935460461,0,0
1646841375578580,982290421810279,0,0
1646841375578580,1515953172065039,0,0
1651039455150853,959800754113122,0,0.371201374809437
1651039455150853,1515953172065039,0,0
1654603448137988,914116092001142,0,0.177952529773129
1656655851269317,983628185032105,0,0.590861524928394
1666942073552391,406829072835666,0,0.902147974415469
1666942073552391,983628185032105,0,0.628618557093712
1667249380197549,2147949678679083,0,0
1667249380197549,406829072835666,0,0.631000605947319
1668948343347366,920532884705447,-1,0.103934927410387
1668948343347366,1006657816062381,-1,0
1668948343347366,1658552184361587,0,0.510354543882741
1668948343347366,1722593361302843,0,0.218217890235993
1668948343347366,1648052285418189,0,0.267261241912425
1668948343347366,1660504720886715,0,0.24147730220034
1668948343347366,1631223837143296,0,0.267261241912425
1668948343347366,480125172148867,0,0.154303349962092
1669211723325292,482838738558603,-1,0.418912934592587
1674156579463035,905008766246226,0,0.380952380952381
1674223596191112,1515953172065039,0,0
1685403541673769,494764264037412,0,0.187317162316339
1687617991524721,2147949678679083,0,0
1702212190009530,493719907454733,0,0
1702212190009530,732668420104638,0,0
1702382643325689,665950596841543,0,0
1702382643325689,1024404200913038,0,0.229910164905002
1702382643325689,528961267266179,0,0
1702382643325689,985219994862772,0,0.692137484186099
1702382643325689,505814529591768,0,0
1702382643325689,931755086907392,0,0.113776024797715
1702382643325689,1668720313411815,0,0.0568880123988574
1702382643325689,1225088244174418,0,0
1702382643325689,1530342330623823,0,0
1720652581497239,1495643027398937,-1,0.382546027838003
1802021953358265,983628185032105,0,0.727632202114423
1910318259193873,424468137738057,0,0
1930036233887304,934638543238914,0,0
1930036233887304,982290421810279,0,0
1930036233887304,977637265608801,0,0
1932747286950640,546487338833694,0,0.0816496580927726
1932747286950640,1507447266249110,0,0.23094010767585
1932747286950640,959800754113122,0,0.467747665721464
1934781353412802,1097525770265879,0,0.366946740322616
2186266901513403,942502089120677,0,0
2186266901513403,802887543069782,0,0
2186266901513403,638266769648820,0,0
2186266901513403,1656788981261051,0,0
2186266901513403,843714479079121,0,0.517293526532657
2186266901513403,441791196018550,0,0
2186266901513403,101507700221789,0,0
2186266901513403,982290421810279,0,0
10100186504575452,625905840883347,0,0
10100186504575452,311755245655422,-1,0
10102750816468698,180347198968408,0,0
10103284601249614,1743389909222551,0,0
10103397799779096,1017664094920484,0,0
10103397799779096,528961267266179,0,0
10103397799779096,878190755634253,0,0
10103397799779096,758846707577663,0,0
10103397799779096,1638603683071537,0,0.0485213981060032
10103397799779096,1660504720886715,0,0.178279000449232
10103397799779096,863818937066030,0,0
10103397799779096,1000106890047849,0,0.068619619266814
10153041441842692,1514772282153569,0,0
10153041441842692,2111249605680682,0,0
10153041441842692,805947839515103,0,0
10153041441842692,1548678642090619,0,0
10153066498476856,1668720313411815,0,0.0963366101718176
10153088552791432,1526832960967465,0,0
10153088552791432,516654305161658,0,0
10153088552791432,617788491694733,0,0.3405026123035
10153088552791432,520514754791299,0,0.134595475514541
10153088552791432,1709634665938326,0,0
10153245622198310,1800241690202920,0,0
10153310309248652,1647583882159262,0,0
10153344650455368,995025613883488,0,0.145350474933453
10153344650455368,587786681361995,0,0.761233775634661
10153388021858882,587786681361995,0,0.356966446730937
10153414105677772,436888249849609,0,0
10153414105677772,714537595342870,0,0
10153414105677772,1521719851485619,0,0.208514414057075
10153414105677772,1862289050664286,0,0
10153414105677772,1683796151836864,0,0
10153414105677772,1629669343966047,0,0
10153414105677772,1492215341081260,0,0
10153425952533532,939849736108849,0,0
10153534752532024,519090021584170,0,0.165294901226822
10153606275521140,1513489878975889,0,0
10153606275521140,426995257494915,0,0.121267812518166
10153606275521140,874334249323234,0,0
10153606275521140,1504836836482814,0,0
10153606275521140,1735242010041189,0,0
10153606275521140,1548678642090619,0,0
10153606275521140,1238900219460089,0,0
10153623207422850,522359454596124,0,0.127688479613812
10153623207422850,934528249967335,0,0.255376959227624
10153710102894362,942354169169687,0,0
10153710102894362,920532884705447,0,0.159617376893524
10153710102894362,424468137738057,0,0
10153710102894362,180347198968408,0,0
10153710102894362,189292908073143,0,0
10153710102894362,905008766246226,0,0.300977412257654
10153710102894362,482838738558603,0,0.413788773695413
10153710102894362,411662922360897,0,0
10153710102894362,496036427268213,0,0
10153710102894362,727351294066130,0,0
10153710102894362,939638432739841,0,0.645085948617728
10153710102894362,906526716092147,0,0.115193919396023
10153710102894362,936818653073726,0,0.0921551355168182
10153716637132428,1483723631934208,0,0.313906572745181
10153731740018430,922971211103579,0,0.946222649056395
10153731740018430,905008766246226,0,0.158113883008419
10153731740018430,1151740234853898,0,0
10153731740018430,516654305161658,-1,0
10153731740018430,1229112313782698,0,0
10153731740018430,1646887362265524,0,0.288675134594813
10153751415924284,1642998415970980,0,0.852860299026265
10153751415924284,505817212923414,0,0.124072916746366
10153751415924284,883542348401279,0,0.140372481268719
10153751415924284,487623601362936,0,0
10153751415924284,1521719851485619,0,0.26339329200376
10153751415924284,1517636418547610,0,0
10153751415924284,538279132989832,0,0.381808007811621
10153751415924284,1507447266249110,0,0.421847916937646
10153751415924284,493719907454733,0,0
10153751415924284,133798883645899,0,0.841518430662483
10153751415924284,1647507122170549,0,0.827456144586432
10153751415924284,692497527518304,0,0.0941647230861517
10153751415924284,864041886997217,0,0.0784706025717931
10153751415924284,1495643027398937,0,0.179083829706642
10153751415924284,503234193169664,0,0
10153751415924284,497474997090416,0,0.222871247080104
10153751415924284,931755086907392,0,0.140372481268719
10153751415924284,904360302946503,0,0.421117443806158
10153751415924284,148966468795177,0,0
10153751415924284,519090021584170,0,0.244143218890162
10153751415924284,1625854811001049,0,0.0744437500478198
10153751415924284,947082921995712,0,0
10153751415924284,909793182438987,0,0
10153751415924284,177113679305241,0,0.0620364583731832
10153751415924284,959800754113122,0,0.518467720720844
10153751415924284,938468589557429,0,0.0620364583731832
10153784229920844,1419793634991801,-1,0.0923186182344996
10153797046377316,505817212923414,0,0.127128345232746
10153797046377316,1913467532211684,0,0
10153841103967164,553707154776476,0,0
10154517926014896,1514772282153569,0,0
10154517926014896,451889378329612,0,0.127688479613812
10154517926014896,1484609308508052,0,0.49656630960927
10154517926014896,920532884705447,0,0.127688479613812
10154517926014896,1650607558527327,0,0.104257207028537
10154517926014896,1006657816062381,0,0
10154517926014896,1634811676806312,0,0
10154517926014896,1517636418547610,0,0
10154517926014896,877417562306505,0,0
10154517926014896,414057348785375,0,0.383065438841437
10154517926014896,1624545187788362,0,0.617784435459208
10154517926014896,494764264037412,0,0.331061095985866
10154517926014896,538279132989832,0,0.577492877631764
10154517926014896,1728490300705380,0,0
10154517926014896,157307111289538,0,0.534477091061503
10154517926014896,892649937474491,0,0
10154517926014896,147933212231456,0,0.104257207028537
10154517926014896,1521939228125097,0,0.590326052690247
10154517926014896,727351294066130,0,0
10154517926014896,1626927544222999,0,0.255376959227625
10154517926014896,1696580997242512,0,0
10154517926014896,1674987226048875,0,0
10154517926014896,2111249605680682,0,0
10154517926014896,1643882742553367,0,0.915100770565655
10154517926014896,148966468795177,0,0
10154517926014896,1671093049797551,0,0.361157559257307
10154517926014896,980247192019033,0,0
10154517926014896,938658272898644,0,0.329690236697894
10154517926014896,521250551370809,0,0.104257207028537
10154517926014896,890545864386215,0,0.294883912309795
10154517926014896,1120129624678935,0,0.312771621085613
10154517926014896,1506262806335839,0,0.3405026123035
10154517926014896,977637265608801,0,0
10154524365635200,942354169169687,0,0
10154524365635200,398686067005910,0,0.420939991198836
10154524365635200,985219994862772,0,0.775170232199927
10156254955480254,199405303727652,0,0
10156254955480254,2111249605680682,0,0
10156321553805612,1660504720886715,0,0.230428611792771
10200902674007276,963826993656703,0,0.125
10201015086295200,587786681361995,0,0.361873432227873
10201015086295200,1640768362814765,0,0
10201015086295200,511804775649731,-1,0
10201186044170432,1647507122170549,0,0.859767840292213
10201268432310336,1500362113591255,-1,0.924023160016764
10203577386353640,522359454596124,0,0.281904591440964
10203577386353640,1528758890748931,0,0
10203577386353640,1722593361302843,0,0.230174135059374
10203577386353640,171967523146277,0,0.768118493768765
10203577386353640,736325763177454,0,0.230174135059374
10203670881130844,347861952089823,0,0.448321933248046
10203670881130844,587786681361995,0,0.646685986377438
10203678931132960,595595830581398,0,0
10203678931132960,406829072835666,0,0.330862051268647
10203678931132960,1043554092355578,0,0
10203766654366184,785327294945736,0,0
10204729072301058,975449605847497,0,0
10204997278839772,451889378329612,0,0.184637236468999
10204997278839772,920532884705447,0,0
10204997278839772,2147949678679083,0,0.238365647311398
10204997278839772,192475747754735,0,0
10204997278839772,995025613883488,0,0
10204997278839772,857622540975972,-1,0.965380871611162
10204997278839772,147933212231456,0,0.150755672288882
10204997278839772,901441069942273,0,0.5935256753273
10204997278839772,134204513609045,0,0.286038776773678
10204997278839772,1708970406004977,0,0.238365647311398
10204997278839772,1105684389456261,0,0.875962875964484
10204997278839772,1712903448943953,0,0.246182981958665
10204997278839772,1008718879187726,0,0.184637236468999
10205548979939908,932318536854763,0,0.126238880619561
10205718333372740,183697085309052,0,0
10205719556888440,424468137738057,0,0
10205719556888440,1651077358490304,0,0.596167218371472
10206676763871176,141783372845728,0,0
10206676763871176,494764264037412,0,0.155230105141266
10206676763871176,1163434467004393,0,0
10206676763871176,758846707577663,0,0
10206676763871176,785327294945736,0,0
10206676763871176,955987737813861,0,0
10206769779817844,522359454596124,0,0.212664361502501
10206769779817844,934528249967335,0,0.366255289254307
10206769779817844,1539218623005421,0,0.17363972405197
10206769779817844,1660504720886715,0,0.200501882846834
10206906030262832,1675390636081561,0,0.0657951694959771
10206931739944972,920532884705447,0,0.134030115482631
10206931739944972,424468137738057,0,0
10206931739944972,1521719851485619,0,0.134030115482631
10206931739944972,1420029494955927,-1,0
10206931739944972,117378128624899,0,0
10206931739944972,489692841197214,0,0.620805455789559
10206931739944972,931755086907392,0,0.0773823232534138
10206931739944972,1625854811001049,0,0.164152696549375
10206931739944972,177113679305241,0,0.109435131032917
10206931739944972,917019075034839,0,0
10206933236042764,522359454596124,-1,0.307389311747136
10207020555863952,148966468795177,0,0
10207132453048284,1506351686359278,0,0.306391994464761
10207132453048284,1650760668536515,0,0
10207132453048284,465988266906746,0,0
10207132453048284,1722593361302843,0,0.121866669555358
10207132453048284,482838738558603,0,0.134134715092046
10207132453048284,587786681361995,0,0.82112701076869
10207132453048284,983628185032105,0,0.615575253961146
10207132453048284,1640768362814765,0,0.102766999107742
10207132453048284,805947839515103,0,0
10207132453048284,177113679305241,0,0.203111115925597
10207132453048284,1743389909222551,0,0
10207251346258638,1674089026164377,0,0
10207251346258638,436888249849609,0,0
10207251346258638,714537595342870,0,0
10207808222461364,609445715860145,0,0.33056243461532
10207808222461364,505817212923414,0,0.0813788458771159
10207808222461364,1667371076875337,0,0.33056243461532
10207808222461364,1513489878975889,0,0
10207808222461364,527385800759438,0,0.653517730267638
10207808222461364,426995257494915,0,0.0813788458771159
10207808222461364,347861952089823,0,0.287274685237667
10207808222461364,190853124587106,0,0.420821812983894
10207808222461364,522359454596124,0,0.199336648255529
10207808222461364,1641671362774614,0,0
10207808222461364,1017664094920484,0,0
10207808222461364,429444030594966,0,0.0813788458771159
10207808222461364,1638960129727035,0,0.162757691754232
10207808222461364,1676329352608101,0,0.31648943570664
10207808222461364,857622540975972,0,0.598321327211412
10207808222461364,975449605847497,0,0
10207808222461364,1722593361302843,0,0.0813788458771159
10207808222461364,528961267266179,0,0
10207808222461364,157307111289538,0,0.31648943570664
10207808222461364,608762552594198,0,0.199336648255529
10207808222461364,553707154776476,0,0
10207808222461364,874334249323234,0,0
10207808222461364,1714914705410262,0,0
10207808222461364,914116092001142,0,0.345261202589062
10207808222461364,1686890481593187,0,0
10207808222461364,617788491694733,0,0.467928363793417
10207808222461364,1708970406004977,0,0.205874005061992
10207808222461364,1524682541185172,0,0.897271877899136
10207808222461364,147836405575804,0,0.0813788458771159
10207808222461364,1233837203309392,0,0
10207808222461364,923349974411842,0,0.0813788458771159
10207808222461364,177113679305241,0,0.0813788458771159
10207808222461364,1502067896755875,0,0.265782197674038
10207808222461364,1495322954096351,0,0.0813788458771159
10207808222461364,1524356571207831,0,0.0575435337648435
10207808222461364,982290421810279,0,0
10207898863450544,1513489878975889,0,0
10207898863450544,587786681361995,0,0.862696002060786
10207898863450544,157307111289538,0,0.409800520914931
10207898863450544,1647507122170549,0,0.90839498421146
10207898863450544,982290421810279,0,0
10207963509542492,424468137738057,0,0
10207963509542492,934528249967335,0,0.212814132689687
10208234558489760,942354169169687,0,0
10208234558489760,714537595342870,0,0
10208234558489760,420322011496986,0,0.476731294622796
10208234558489760,1521719851485619,0,0.233549683248457
10208234558489760,587786681361995,0,0.559065392019675
10208234558489760,1523121838001924,0,0
10208234558489760,199405303727652,0,0
10208234558489760,1532926813694297,0,0
10208234558489760,112055882496156,0,0
10208234558489760,1225088244174418,0,0
10208234558489760,183697085309052,0,0
10208238589109344,508147322683858,0,0
10208238589109344,1647507122170549,0,0.799670984974776
10208734314814326,1650607558527327,0,0.109108945117996
