"","V1"
"107867549584992","10.775833333333-10.803321980356-10.803321980356-10.7878103-10.7822027-10.773573760021-10.789192-10.779973522098"
"112036512495862","10.779934425415-10.779492333935-10.729411608643-10.730852785315-10.730744814924-10.803987196572-10.7907801-10.8171473-10.7818051727"
"118907701812571","10.730744814924-10.779934425415-10.813112038302-10.775833333333-10.8585741-10.803321980356-10.803321980356-10.7694"
"127899517575510","10.766129429041-10.78392654-10.78722-10.7829504-10.790258594234-10.777698260699-10.729411608643-10.730744814924-10.8171473-10.775833333333-10.8585741-10.726910700135-10.803321980356-10.779492333935-10.741962426559-10.7694-10.7850428-10.766129429041-10.79258767-10.7771196-10.778616976189-10.8050785-10.75-10.7730503"
"128541460842924","10.730744814924-10.803987196572-10.8585741-10.779492333935-10.797913712459-10.7768402-10.794629850425-10.808119400078"
"132782073751593","10.8171473-10.7771196-10.8171473-10.8171473-10.8171473-10.766129429041-10.8171473-10.8171473-10.8171473-10.816938324444-10.8171473"
"133858413643559","10.7829504-10.7694-10.766129429041-10.779492333935-10.729411608643-10.729509080508-10.779934425415-10.813112038302-10.8171473-10.775833333333-10.803321980356-10.766129429041"
"135085436853805","10.7843752-10.7829504-10.784932328478-10.730852785315-10.780833333333"
"136742366687500","10.779492333935-10.729509080508-10.730852785315-10.730744814924-10.780833333333-10.8171473-10.803321980356"
"139493729744950","10.726910700135-10.779492333935-10.741962426559-10.79258767-10.765942902456-10.8068469617-10.816938324444-10.7546482-10.729451347451-10.801274156643-10.726910700135-10.808119400078"
"140561939637308","10.7771196-10.7843752-10.780775419592-10.730744814924-10.803321980356-10.803321980356-10.7850428-10.766129429041"
"140645352966158","10.730744814924-10.779934425415-10.813112038302-10.775833333333-10.7769519588-10.8585741-10.803321980356-10.779492333935-10.803321980356-10.7694-10.766129429041-10.79258767-10.8171473-10.772393308507-10.8171473-10.755595133788-10.8068469617-10.7677002-10.7841666667-10.77207330075"
"141680539527313","10.730744814924-10.8171473-10.726910700135-10.7694-10.75-10.816874263333"
"142515806113859","10.779934425415-10.803321980356-10.816874263333-10.77207330075"
"142881026070824","10.7694-10.730852785315-10.780833333333-10.813112038302-10.8171473-10.803321980356-10.7694"
"143762049315634","10.766129429041-10.777698260699-21.01124483185-10.766129429041-10.78392654-10.762200730909-10.728783919759-10.780833333333-10.813112038302-10.8171473-10.766129429041-10.766129429041-10.767313098301-10.767313098301-10.773447283294-10.76612200006-10.738611111111-10.767313098301-10.816938324444-10.794493595506-10.729451347451-10.77207330075-10.767313098301-10.7704268-10.727359179346-10.726910700135-10.791412983219"
"144691249221157","10.780833333333-10.813112038302-10.8585741-10.779492333935-10.803321980356-10.7878103-10.8068469617-10.726910700135"
"148379555518355","10.777698260699-10.777698260699-10.777698260699-10.777698260699-10.777698260699-10.777698260699"
"152514838439215","10.730852785315-10.779934425415-10.813112038302-10.8171473-10.803321980356-10.7694-10.766129429041-10.7730503-10.773447283294-10.816874263333-10.779148221547-10.7677002-10.816938324444"
"154711438221800","10.7694-10.7899704-10.779492333935-10.729411608643-10.730852785315-10.730744814924-10.779934425415-10.780833333333-10.8171473-10.726910700135-10.803321980356-10.803321980356-10.7694"
"166359100384831","10.804019-10.787764669388-10.8585741-10.803321980356-10.779492333935-10.741962426559-10.7694-10.8068469617"
"167105196975226","10.766129429041-21.01124483185-10.777537591563-10.7694-10.730744814924-10.780833333333-10.8171473-10.803321980356-10.803321980356-10.803321980356"
"170919729923576","10.78267-10.833641635469-10.729411608643-10.730744814924-10.7154715-10.8585741-10.741962426559-10.79258767-10.787859-10.8066225-10.7843752-10.726910700135-10.808119400078"
"171160366569555","10.771507966836-10.714840625129-10.7771196-10.7844439-10.78392654-10.78722-10.75-10.7829504-10.777537591563-10.790258594234-10.777698260699-10.779492333935-10.762200730909-10.780867161366-10.780775419592-10.729411608643-10.729509080508-10.806337345686-10.730744814924-10.803987196572-10.85157868-10.7907801-10.813112038302-10.8171473-10.7818051727-10.8585741-10.803321980356-10.803321980356-10.803321980356-10.7694-10.790258594234-10.8050785-10.7730503"
"171534213198113","10.76096798517-10.7694-10.844890332328-10.779492333935-10.787764669388-10.7940111-10.730852785315-10.730744814924-10.780833333333-10.8171473-10.775833333333-10.8585741-10.726910700135-10.803321980356-10.779492333935-10.741962426559-10.803321980356-10.7694-10.79258767-10.787859-10.7841666667-10.792438-10.816938324444-10.74682256752-10.729649866797-10.760524296444-10.727359179346-10.726910700135-10.808119400078"
"171950143153804","10.779492333935-10.730852785315-10.730744814924-10.8171473-10.8585741-10.726910700135-10.803321980356-10.779492333935-10.803321980356-10.797913712459-10.773447283294-10.773573760021-10.808119400078"
"172315433118941","10.804019-10.730744814924-10.773447283294-10.755595133788-10.801555428539"
"173533356327149","10.779934425415-10.7899704-10.790258594234-10.779492333935-10.729509080508-10.730852785315-10.730744814924-10.780833333333-10.8171473-10.803321980356"
"175831896097425","10.767313098301-10.813112038302-10.767313098301-10.767313098301-10.767313098301-10.767313098301"
"178510749163505","10.7694-10.7899704-10.780833333333-10.775833333333-10.8585741-10.816874263333-10.8068469617-10.729451347451"
"181197955557698","10.729411608643-10.730744814924-10.741962426559-10.803321980356-10.79258767-10.79258767-10.797913712459-10.787859-10.8488503-10.75-10.808119400078"
"183303732011968","10.803321980356-10.741962426559-10.79258767-10.797913712459-10.7694-10.787859"
"183740808638809","10.7694-10.784932328478-10.777698260699-10.779492333935-10.762200730909-10.803321980356-10.766129429041"
"184243938587150","10.779934425415-10.7807903-10.790258594234-10.8488503-10.7694-10.7777824-10.7899704-10.790258594234-10.779492333935-10.7940111-10.780524473274-10.780833333333-10.813112038302-10.8171473-10.803321980356-10.779492333935-10.803321980356-10.803321980356-10.766129429041-10.7929997-10.79258767-10.790258594234-10.765942902456-10.81589517-10.773573760021-10.801274156643"
"188622934811728","10.726910700135-10.741962426559-10.729762249729-10.738611111111-10.801555428539"
"188774291465079","10.7694-10.7777824-10.779492333935-10.787764669388-10.729411608643-10.730744814924-10.780833333333-10.779492333935-10.803321980356-10.7694-10.79258767"
"188932614781344","10.785859280932-10.8585741-10.779492333935-10.797913712459-10.660204542205-10.727359179346"
"189917894683001","10.779934425415-10.78267-21.01124483185-10.7694-10.766129429041-10.781373055482-10.762200730909-10.730852785315-10.780833333333-10.8585741-10.803321980356-10.779492333935-10.759583317746-10.7730503-10.773447283294-10.8068469617-10.729451347451-10.779973522098"
"190802747923257","10.766129429041-10.7899704-10.729411608643-10.730744814924-10.780833333333-10.813112038302-10.803321980356-10.803321980356-10.759583317746"
"191477854524248","10.7694-10.7899704-10.730744814924-10.780833333333-10.8585741-10.779492333935-10.741962426559-10.79258767"
"191768501165993","10.8585741-10.741962426559-10.803321980356-10.79258767-10.755595133788-10.7841666667-10.753842394284"
"191860567816048","10.7807903-10.797690545493-10.777537591563-10.766129429041-10.7899704-10.779492333935-10.7694-10.794553763104-10.7903776-10.775833333333-10.730744814924-10.8585741-10.779492333935-10.803321980356-10.7694-10.79258767-10.801144417231-10.778616976189-10.7837296-10.912801269844-10.78322577-10.755595133788-10.796220788824"
"192136344460462","10.764627840446-10.795590790197-10.8585741-10.726910700135-10.772056035797-10.803321980356-10.803321980356-10.8013144-10.7916555-10.912801269844-10.784618187806-10.860573905-10.753842394284"
"192474881087926","10.726910700135-10.79258767-10.79258767-10.781373055482-10.7807903-10.801555428539"
"192639284405898","10.7777824-10.779492333935-10.729411608643-10.780833333333-10.726910700135-10.779492333935-10.7750301-10.726910700135"
"193016494372691","10.779934425415-10.766129429041-10.7777824-10.7899704-10.777698260699-10.728783919759-10.780833333333-10.8171473-10.773278596056-10.8171473"
"193719064300608","10.777698260699-10.766129429041-10.777698260699-10.777698260699-10.777698260699-10.777698260699-10.777698260699-10.777698260699-10.777698260699-10.777698260699"
"195686584102673","10.764627840446-10.766129429041-10.75-10.8585741-10.79258767-10.754866934655-10.755595133788-10.801555428539-10.726910700135"
"208501676148665","10.780833333333-10.799289589969-10.741962426559-10.79258767-10.7980404"
"218413778490224","10.780775419592-10.730744814924-10.8171473-10.803321980356-10.803321980356-10.7694-10.726910700135"
"392648814275684","10.780833333333-10.8585741-10.779492333935-10.797913712459-10.787859-10.7694-10.8068469617-10.801555428539-10.726910700135"
"407083886168985","10.7694-10.730852785315-10.730744814924-10.8585741-10.787859-10.773447283294-10.77207330075"
"407511526113695","10.7694-10.7694-10.7694-10.772056035797-10.772056035797-10.772056035797-10.772056035797-10.772056035797-10.772056035797"
"411111455752491","10.7899704-10.741962426559-10.803321980356-10.79258767-10.79258767-10.75"
"412039719004284","10.7777824-10.779492333935-10.7694-10.787764669388-10.767003764258-10.730744814924-10.780833333333-10.8585741"
"414349972092722","10.777698260699-10.8171473-10.729411608643-10.766129429041-10.766129429041"
"414599392078162","10.780833333333-10.8585741-10.741962426559-10.797913712459-10.787859-10.8066225-10.773447283294-10.8068469617"
"417376031789328","10.7899704-10.730744814924-10.726910700135-10.803321980356-10.803321980356-10.779492333935-10.79258767-10.787859-10.773447283294-10.738611111111-10.8068469617-10.7841666667-10.801555428539-10.808119400078"
"421832248016283","10.795590790197-10.7694-10.741962426559-10.795663625-10.753842394284-10.727599639211-10.72790167305-10.726910700135"
"426160660911320","10.766129429041-10.773370292485-10.790258594234-10.730852785315-10.730744814924-10.779934425415-10.813112038302-10.8171473-10.803321980356-10.803321980356-10.803321980356-10.803321980356-10.766129429041-10.79258767-10.79258767-10.816874263333-10.8171473"
"427463854124684","10.767003764258-10.730744814924-10.8171473-10.726910700135-10.779492333935-10.741962426559-10.7768402-10.773447283294-10.8068469617-10.795663625-10.727599639211-10.779973522098-10.727359179346-10.726910700135"
"431568943719678","10.780833333333-10.7694-10.79258767-10.79258767-10.797913712459-10.8068469617-10.804150856204-10.780855698549-10.779288450166-10.801555428539-10.808119400078"
"432862853587844","10.7769519588-10.8068469617-10.7807903-10.7807903-10.7807903-10.726910700135"
"433606973494655","10.775833333333-10.726910700135-10.779492333935-10.766129429041-10.723758905799-21.024166666667-10.755595133788"
"434633080062354","10.7807903-10.8129225-10.730744814924-10.779492333935-10.741962426559-10.7694-10.79258767-10.7768402-10.801555428539"
"434654790068060","10.730744814924-10.741962426559-10.79258767-10.795663625"
"434733423404517","10.7899704-10.75-10.7694-10.775833333333-10.7769519588-10.779492333935-10.803321980356-10.7694-10.79258767-10.8171473-10.773447283294"
"437117823155914","10.7899704-10.780833333333-10.8171473-10.803321980356-10.7929997-10.79258767"
"438497626347417","10.779492333935-10.787764669388-10.8585741-10.79258767-10.787859"
"442822525920982","10.78392654-10.767313098301-10.767313098301-10.767313098301-10.772821261302-10.767313098301"
"447314352120923","10.766129429041-10.777698260699-10.728783919759-10.780833333333-10.813112038302-10.8171473-10.7841091-10.766129429041-10.7929997-10.79258767-10.79258767"
"449296218608148","10.730744814924-10.8585741-10.80288639-10.7776642-10.781608166192-10.7750301-10.77207330075"
"449445798585494","10.766129429041-10.780833333333-10.8585741-10.779492333935-10.741962426559-10.7929997-10.8068469617-10.74682256752-10.794493595506-10.7835903-10.727359179346-10.726910700135"
"450037791864047","10.779492333935-10.8585741-10.7694-10.79258767-10.797913712459-10.8068469617"
"450738748448749","10.779934425415-10.728783919759-10.775833333333-10.7769519588-10.726910700135-10.7694-10.803321980356-10.803321980356-10.803321980356-10.766129429041-10.8554313-10.7694-10.766129429041-10.79258767-10.79258767-10.8171473-10.772393308507-10.766129429041-10.790258594234-10.8171473-10.816874263333-10.755595133788-10.7694-10.8171473-10.731776556254-10.78322577-10.784618187806-10.8068469617-10.794629850425-10.7677002-10.777698260699-10.792438-10.816938324444-10.766129429041-10.74682256752-10.777347060613-10.7843752-10.77207330075-10.777603336811-10.760524296444-10.804790805609-10.727359179346"
"452102751642373","10.819966714184-10.8309774-10.762250582494-10.786747676749-10.729411608643-10.813112038302-10.808919285811-10.778616976189-10.775483896073-10.784932328478-21.024166666667-10.660204542205-10.7701492-10.790572142-10.787859-10.757445188796-10.753842394284"
"454659104742450","10.7899704-10.780833333333-10.8171473-10.8585741-10.726910700135-10.779492333935-10.803321980356-10.7694-10.7768402-10.8068469617-10.72790167305-10.727359179346-10.726910700135-10.808119400078"
"457613797776937","10.780833333333-10.8171473-10.779492333935-10.79258767-10.74682256752-10.789192"
"466007660245159","10.75-10.8585741-10.741962426559-10.79258767-10.797913712459-10.793835984512-10.77207330075-10.72910564-10.726910700135"
"466188870251315","10.77014849532-10.78722-10.787594544051-10.780775419592-10.7940111-10.803321980356-10.8554313-10.7694-10.79258767-10.7841666667-10.794553763104"
"467894660064257","21.01124483185-10.7899704-10.767003764258-10.730744814924-10.728783919759-10.780833333333-10.8171473-10.7769519588-10.773447283294-10.72790167305-10.726910700135-10.791412983219"
"469001606618204","10.76096798517-10.766129429041-10.806138-10.7940111-10.730744814924-10.780833333333-10.8171473-10.8585741-10.803321980356-10.779492333935-10.79258767-10.797913712459-10.8068469617-10.726910700135"
"470525663152772","10.7899704-10.780833333333-10.779492333935-10.7694-10.773447283294-21.06324963-10.7829504-10.760524296444"
"473057772881230","10.766129429041-10.763370132014-10.780775419592-10.780833333333-10.767313098301-10.813112038302-10.8171473-10.7844439-10.799289589969-10.8585741-10.7902498-10.803321980356-10.7694-10.759583317746-10.79258767-10.8171473-10.8171473"
"478602778968260","10.776888888889-10.780833333333-10.8585741-10.726910700135-10.779492333935-10.741962426559-10.7694-10.79258767-10.79258767"
"484056645108661","10.7829504-10.777537591563-10.806138-10.729411608643-10.730744814924-10.8585741-10.726910700135-10.803321980356-10.797913712459-10.755595133788-10.7829504-21.06324963"
"484346231726681","10.764627840446-10.779492333935-10.8585741-10.741962426559-10.794629850425-10.7841666667-10.801555428539"
"489106891271298","10.779492333935-10.797913712459-10.8068469617-10.794629850425-10.7701101-10.808119400078"
"490917987736402","10.764627840446-10.8488503-10.7777824-10.7899704-10.7694-10.787764669388-10.780833333333-10.779492333935-10.79258767-10.7694-10.776127118745-10.860573905"
"491323391040278","10.765942902456-10.7899704-10.7694-10.8585741-10.779492333935-10.797913712459-10.7768402"
"492840054230193","10.726910700135-10.779492333935-10.741962426559-10.7694-10.79258767-10.889174720429-10.755595133788-10.7750301-10.8068469617-10.7841666667-10.801555428539-10.726910700135"
"493132844181060","10.8585741-10.726910700135-10.803321980356-10.803321980356-10.79258767-10.777747462188"
"493639604146555","10.779492333935-10.787764669388-10.726910700135-10.79258767-10.797913712459-10.8068469617"
"495668803924783","10.787594544051-10.7694-10.7694-10.787764669388-10.730852785315-10.726910700135-10.7694"
"495946033916246","10.767313098301-10.767313098301-10.767313098301-10.767313098301-10.767313098301-10.767313098301-10.767313098301-10.767313098301-10.767313098301"
"496733093842097","10.726910700135-10.741962426559-10.79258767-10.79258767-10.797913712459-10.8068469617-10.77207330075-10.727599639211"
"496744447165828","10.779492333935-10.730852785315-10.730744814924-10.8585741-10.726910700135-10.741962426559-10.79258767-10.79258767-10.797913712459-10.787859-10.773447283294-10.8068469617"
"497255913789754","10.730744814924-10.780833333333-10.726910700135-10.779492333935-10.79258767-10.797913712459"
"497776730383774","10.780833333333-10.8585741-10.79258767-10.797913712459-10.787859"
"499389476898835","10.730744814924-10.726910700135-10.803321980356-10.779492333935-10.741962426559-10.803321980356-10.79258767-10.79258767-10.7750301-10.7841666667-10.7694-10.789192-10.801555428539-10.808119400078"
"500427516800893","10.766129429041-10.779934425415-10.780833333333-10.726910700135-10.7694-10.79258767-10.79258767"
"500861113420487","10.8585741-10.779492333935-10.79258767-10.79258767-10.7694-10.874420983149-10.8068469617-10.72790167305-10.808119400078"
"501292240049036","10.7807903-10.7899704-10.780833333333-10.8585741-10.726910700135-10.741962426559-10.79258767"
"502050883292358","10.766129429041-10.730744814924-10.8585741-10.741962426559-10.79258767-10.787859-10.773447283294-10.8068469617"
"503202219861778","10.813112038302-10.8171473-10.8585741-10.779492333935-10.8171473-10.784618187806-10.737977-10.804150856204-10.808119400078"
"504382579740186","10.764627840446-10.791722808333-10.7899704-10.787764669388-10.730744814924-10.8585741-10.741962426559-10.7856302-10.80288639-10.773447283294-10.7694"
"507563852747117","10.780833333333-10.803321980356-10.7694-10.79258767"
"508149802696009","10.771507966836-10.7829504-10.730744814924-10.780775419592-10.741962426559-10.7769528807-10.7769528807-10.7818051727-10.7829504-10.7841666667"
"508592469316630","10.76096798517-10.779492333935-10.730852785315-10.730744814924-10.79258767-10.797913712459-10.8068469617"
"509287069249674","10.75-10.8585741-10.779492333935-10.741962426559-10.773447283294-10.801555428539"
"510174425812339","10.8488503-10.7829504-10.729411608643-10.779492333935-10.741962426559-10.797913712459-10.755595133788-10.8050546-10.801555428539"
"510392759134995","10.8171473-10.79258767-10.773447283294-10.76612200006-10.8068469617-10.77207330075-10.7835903-10.801555428539"
"513180892180206","10.7694-10.763370132014-10.7899704-10.729411608643-10.730744814924-10.799289589969-10.7694-10.7694-10.79258767"
"513601645466348","10.776888888889-10.730744814924-10.8585741-10.803321980356-10.779492333935-10.79258767-10.79258767"
"513677825474517","10.8488503-10.797690545493-10.7940111-10.730852785315-10.77877128763-10.775833333333-10.730744814924-10.768005814299-10.8585741"
"513903832121776","10.780833333333-10.8171473-10.8585741-10.79258767-10.79258767-10.797913712459-10.7768402-10.784932328478-10.793835984512-10.787859-10.726910700135"
"515246135302389","10.803321980356-10.787859-10.8068469617-10.801555428539-10.808119400078"
"516495948528594","10.7807903-10.75-10.780833333333-10.8585741-10.779492333935-10.874420983149-10.7856503-10.802967616955-10.777603336811"
"518267068336260","10.764627840446-10.785859280932-10.779492333935-10.730852785315-10.730744814924-10.726910700135-10.803321980356-10.779492333935-10.803321980356"
"519899301512791","10.779788-10.7777824-10.828863253333-10.7694-10.730852785315-10.780833333333-10.79258767-10.787859-10.7856503-10.8066225-10.78322577-10.787540368818-10.799057735756"
"520184324811726","10.779492333935-10.741962426559-10.8068469617-10.816938324444-10.7546482-10.726910700135-10.808119400078"
"523149284516658","10.766129429041-10.7694-10.779934425415-10.801144417231-10.773447283294-10.794629850425-10.77207330075"
"523483477808212","10.7807903-10.785859280932-10.7694-10.795590790197-10.779492333935-12.91991765-10.79258767-10.787859-10.80288639-10.8066225-10.773447283294-10.781608166192-10.7841666667-10.791655570391-10.7807903"
"527354960763420","10.76096798517-10.766129429041-10.7694-10.7694-10.730852785315-10.730744814924-10.8171473-10.8585741-10.779492333935"
"527814970726131","10.7899704-10.78392654-10.75-10.779492333935-10.7694-10.806138-10.787764669388-10.7829504-10.729411608643-10.729509080508-10.767003764258-10.730744814924-10.8171473-10.775833333333-10.8585741-10.726910700135-10.803321980356-10.779492333935-10.79258767-10.801144417231-10.79423034573-10.723758905799-10.765942902456-10.766129429041-10.755595133788"
"529452507222509","10.730744814924-10.741962426559-10.755595133788-10.738611111111-10.801555428539-10.726910700135-10.808119400078"
"533004343519772","10.780833333333-10.8171473-10.7769519588-10.8585741-10.79258767-10.7726402-10.8068469617-10.7713156-10.339491843346-10.808119400078"
"534795423351077","10.7771196-10.785859280932-10.729411608643-10.8171473-10.726910700135-10.660204542205"
"535137073315462","10.726910700135-10.779492333935-10.741962426559-10.79258767-10.7750301-10.816938324444-10.77207330075-10.726910700135"
"535834386574516","10.7694-10.8585741-10.803321980356-10.797913712459-10.7837296-10.787859-10.773447283294-10.801555428539"
"536429096515668","10.726910700135-10.797913712459-10.773447283294-10.8068469617-10.75-10.801555428539"
"539229266235695","10.780833333333-10.7154715-10.726910700135-10.79258767-10.797913712459-10.787859-10.808119400078"
"539326799554165","10.77014849532-10.771507966836-10.7829504-10.7829504-10.777537591563-10.763370132014-10.78722-10.7829504-10.7699318-10.779934425415-10.780833333333-10.8171473-10.779492333935-10.803321980356-10.787859-10.755595133788-10.7829504-10.7677002-10.7829504-10.726910700135"
"540261832809791","10.7694-10.7899704-10.779492333935-10.7694-10.7694-10.779492333935-10.741962426559-10.79258767-10.773447283294"
"540866352746073","10.779492333935-10.730744814924-10.8585741-10.741962426559-10.726910700135"
"541041122729517","10.75-10.726910700135-10.741962426559-10.803321980356-10.79258767-10.797913712459-10.787859-10.889174720429-10.787540368818-10.8068469617"
"542351085930522","10.77014849532-21.01124483185-10.7899704-10.779492333935-10.784353675246-10.730744814924-10.7154715-10.759583317746-10.79258767-10.801144417231-10.791412983219"
"542864939199605","10.77014849532-10.7694-10.7694-10.762200730909-10.787764669388-10.730852785315-10.730744814924-10.779934425415-10.780833333333-10.799289589969-10.8585741-10.726910700135-10.779492333935-10.741962426559-10.7694-10.7837296-10.787859-10.773447283294-10.781608166192-10.795663625-10.786334-10.726910700135"
"546639112159022","10.77014849532-10.776888888889-10.730744814924-10.8585741-10.726910700135-10.779492333935-10.741962426559-10.7709636"
"547643035385173","10.775833333333-10.803321980356-10.803321980356-10.7694-10.7841666667-21.06324963"
"548892231931724","10.785859280932-10.727773538831-10.759035015164-10.766129429041-10.779492333935-10.762200730909-10.729411608643-10.767003764258-10.730744814924-10.780833333333-10.8171473-10.7769519588-10.741962426559-10.766129429041-10.79258767-10.797913712459-10.8777-10.8068469617-10.726910700135"
"549431708543476","10.787764669388-10.8171473-10.8585741-10.7837296-10.773447283294-10.8068469617"
"551059868404585","10.775833333333-10.726910700135-10.741962426559-10.79258767-10.79258767-10.787859-10.8068469617-10.779288450166"
"551934978296072","10.726910700135-10.79258767-10.797913712459-10.7768402-10.787859-10.794629850425-10.7841666667-10.792438-10.726910700135"
"552519028236898","10.764627840446-10.76096798517-10.730744814924-10.8585741-10.779492333935-10.741962426559-10.7694-10.79258767-10.808119400078"
"553710531444429","10.777698260699-10.729411608643-10.780833333333-10.75950582733-10.8171473-10.8171473"
"556386637852586","10.777698260699-10.779934425415-10.780833333333-10.8171473-10.726910700135-10.797913712459-10.812470749412-10.779973522098"
"556693517816892","10.844890332328-10.776888888889-10.7899704-10.775833333333-10.780833333333-10.803321980356-10.741962426559-10.803321980356-10.7694-10.79258767-10.79258767-10.797913712459-10.787859"
"559615954200736","10.77014849532-10.764627840446-21.01124483185-10.730852785315-10.730744814924-10.780833333333-10.741962426559"
"562231203927883","21.01124483185-10.7548972622-10.8585741-10.741962426559-10.797913712459-10.8066225-10.773447283294-10.779973522098-10.8068469617-10.816938324444-10.801555428539"
"563887893777068","10.729509080508-10.730744814924-10.728783919759-10.780833333333-10.803321980356-10.797913712459-10.8171473-10.738611111111-10.714489331958"
"564378157044832","10.730744814924-10.780833333333-10.8585741-10.779492333935-10.741962426559-10.803321980356-10.79258767-10.808119400078"
"565708260247237","10.766129429041-10.7694-10.730852785315-10.730744814924-10.8171473-10.8585741-10.7929997-10.723758905799-21.024166666667"
"567767733372047","10.780833333333-10.7769519588-10.803321980356-10.79258767-10.794493595506"
"572161542937082","10.779934425415-10.766129429041-10.7843752-10.768915165541-10.7711897-10.729411608643-10.730744814924-10.8171473-10.779492333935-10.772277371056-10.8171473-10.8171473-10.816874263333-10.8171473-10.777698260699-10.8171473"
"580247795461456","10.7807903-10.764627840446-10.75-10.726910700135-10.79258767-10.797913712459"
"585266574953652","10.726910700135-10.797913712459-10.773447283294-10.7623720542-10.801555428539-10.726910700135-10.808119400078"
"587710671382257","10.766129429041-10.7899704-10.790258594234-10.780775419592-10.730852785315-10.767313098301-10.813112038302-10.803321980356-10.741962426559-10.803321980356-10.759583317746-10.8474672-10.8171473"
"588438194637783","10.7835903-10.766129429041-10.758093141193-10.8585741-10.741962426559-10.79258767-10.7768402-10.801144417231-10.773447283294-10.755595133788-10.7903776"
"594268804047130","10.836245967548-10.7829571025-10.8585741-10.77429999-10.7694"
"594932890644869","10.780833333333-10.741962426559-10.797913712459-10.779973522098-10.7677002-10.792438-10.773573760021-10.727359179346"
"595204997295165","10.766129429041-10.779788-10.767313098301-10.8171473-10.8171473-10.8171473-10.782853210143-10.767313098301-10.8171473"
"604517696354265","10.7694-10.730744814924-10.8171473-10.801144417231-10.773447283294-10.755595133788"
"617314225074105","10.779934425415-10.779934425415-10.780833333333-10.8585741-10.726910700135-10.741962426559-10.79258767-10.797913712459-10.773278596056-10.773741394188"
"625758314229025","10.7899704-10.730744814924-10.8554313-10.7694-10.79258767-10.8488503"
"626469317493279","10.77014849532-10.7807903-10.785720748033-10.7907801-10.780775419592-10.779492333935-10.803321980356-10.7694-10.7878103-10.760978525335-10.773278596056-10.755595133788-10.7750301-10.860573905-21.06324963-10.796220788824-10.804634796667"
"630907087049569","10.771507966836-10.806337345686-10.7829504-10.762200730909-10.729411608643-10.7699318-10.7677002"
"634638469972286","10.8585741-10.797913712459-10.793835984512-10.779973522098-10.8068469617-10.7709636-10.7701101-10.72790167305-10.726910700135"
"641011606001289","10.763370132014-10.794553763104-10.7694-10.729411608643-10.775833333333-10.779934425415-10.779492333935-10.772056035797-10.803321980356-10.79258767-10.7694-10.7856503-10.7856302-10.912801269844-10.81589517-10.776317583781-10.8068469617-10.774620909332-10.777537591563-10.774620909332-10.7829504-10.7694-10.726910700135"
"643772309097071","10.766129429041-10.7899704-10.730744814924-10.813112038302-10.803321980356-10.7768402"
"648356888637256","21.01124483185-10.7777824-10.730744814924-10.8585741-10.79258767-10.804150856204-10.7694-10.779973522098-10.72790167305"
"654391061369473","21.01124483185-10.763370132014-10.7899704-10.730744814924-10.780833333333-10.8171473-10.797913712459-21.06324963-10.804634796667"
"656073034532759","10.775833333333-10.8585741-10.726910700135-10.741962426559-10.79258767-10.79258767-10.797913712459-10.754866934655"
"657825667692595","10.7829571025-10.765942902456-10.7694-10.794553763104-10.729411608643-10.730852785315-10.775833333333-10.730744814924-10.780833333333-10.8171473-10.8585741-10.741962426559-10.7694-10.79258767-10.7768402"
"660661580702842","10.7777824-10.730852785315-10.8171473-10.795590790197-10.8585741-10.726910700135-10.7768402-10.773278596056"
"666390466796788","10.7940111-10.730852785315-10.780833333333-10.8171473-10.766129429041"
"695153200619282","10.77014849532-10.766129429041-10.779492333935-10.741962426559-10.79258767-10.797913712459-10.773447283294-10.789192-10.762162464812"
"698375650299059","10.7829571025-10.7844439-10.730744814924-10.81589517-10.808119400078"
"701059946694911","10.766129429041-10.7829504-10.780833333333-10.8171473-10.723758905799-10.7837296-10.8068469617-10.714489331958-10.801555428539-10.726910700135"
"711196992346902","10.779492333935-10.730744814924-10.779492333935-10.803321980356-10.797913712459-10.8066225-10.7841666667"
"713353622129100","10.7835903-10.779934425415-10.7929997-10.797913712459-21.024166666667-10.7837296"
"714714581993034","10.8066225-10.8585741-10.79258767-10.797913712459-10.726910700135"
"716852681749650","10.790258594234-10.767313098301-10.779788-10.8171473-10.78392654-10.779934425415-10.767313098301-10.813112038302-10.766129429041-10.790258594234-10.772821261302-10.790258594234-10.7713156-10.794493595506-10.772821261302-10.767313098301-10.7694"
"717903011675029","10.759035015164-10.75-10.767003764258-10.780833333333-10.766129429041-10.912801269844-10.773447283294-10.808119400078"
"719855601482008","10.78267-10.7890902-10.7899704-10.779492333935-10.787764669388-10.775833333333-10.8171473-10.799289589969-10.779492333935-10.741962426559-10.801144417231-10.779973522098-10.72910564-10.79423034573-10.808119400078"
"722984001166423","10.7940111-10.7907801-10.7841091-10.73012121984-10.7918901-10.803321980356-10.7929997-10.8474672-10.79258767-10.8171473-10.7677002-10.8171473"
"726783144121341","21.01124483185-10.766129429041-10.7899704-10.779492333935-10.7694-10.794553763104-10.787764669388-10.775833333333-10.730744814924-10.779934425415-10.780833333333-10.768005814299-10.726910700135-10.803321980356-10.779492333935-10.741962426559-10.8009071-10.8554313-10.7694-10.79258767-10.753842394284-10.78322577-10.7856302-10.773447283294-10.755595133788-10.8068469617-21.0333-10.77207330075-10.79423034573-10.7807903-10.727359179346-10.808119400078"
"728066947338277","10.7694-10.730744814924-10.726910700135-10.803321980356-10.797913712459-10.726910700135-10.808119400078"
"728229983978860","10.766129429041-10.7694-10.730744814924-10.780833333333-10.813112038302-10.8171473-10.7694-10.7929997-10.79258767"
"730613557069860","10.766129429041-10.7899704-10.8171473-10.8585741-10.741962426559-10.723758905799-10.7837296-10.787859-10.773447283294-10.777603336811"
"731425573668695","10.8585741-10.741962426559-10.79258767-10.79258767-10.797913712459-10.808119400078"
"737701309662788","10.77014849532-21.01124483185-10.768915165541-10.7777824-10.7829504-10.779492333935-10.729411608643-10.779934425415-10.780833333333-10.8171473-10.8585741-10.779492333935-10.741962426559-10.723758905799-10.793835984512-10.7806563719-10.7837296-10.8066225-10.820096-10.773447283294-10.794629850425-10.816938324444-10.7734679031-10.714489331958-10.7835903"
"742674219199963","10.7777824-10.779492333935-10.779934425415-10.780833333333-10.8171473-10.8585741-10.7929997-10.8066225-10.8171473-10.773447283294-10.755595133788-10.794629850425-10.7632256"
"742711882501236","10.7829504-10.7899704-10.7829504-10.777698260699-10.730852785315-10.780524473274-10.730744814924-10.779934425415-10.8171473-10.7694-10.74954699802-10.79258767-10.797913712459-10.7768402-10.801144417231-10.79423034573-10.7837296-10.80640357-10.779148221547-10.7750301-10.860573905-10.7841666667-10.792438-10.74682256752-21.06324963-10.7807903-10.777537591563-10.7807903-10.804634796667"
"743179219148011","10.77014849532-10.766129429041-10.730744814924-10.780833333333-10.8171473-10.803321980356-21.024166666667-10.8171473"
"744647905668436","10.7815676-10.8585741-10.726910700135-10.741962426559-10.793835984512-10.787859-10.760562188506-10.7694-10.773447283294-10.738611111111-10.729451347451-10.779973522098-10.801555428539-10.726910700135-10.808119400078"
"753474001425882","10.775833333333-10.730744814924-10.803321980356-10.7694-10.75"
"755583684588001","10.780775419592-10.7940111-10.730744814924-10.8171473-10.803321980356-10.803321980356-10.803321980356-10.803321980356-10.7694"
"756387537820954","10.8585741-10.801144417231-10.7771196-10.75-10.765942902456-10.773278596056"
"758037080968079","10.7899704-10.7694-10.8585741-10.803321980356-10.8554313-10.797913712459-10.806337345686"
"758271054278851","10.78392654-10.813112038302-10.8171473-10.777698260699-10.766129429041"
"760338004097228","10.7829504-10.7694-10.730852785315-10.730744814924-10.8585741-10.779492333935-10.787859-10.760978525335-10.773447283294-10.794629850425"
"767036236776544","10.804917269151-10.779492333935-10.730744814924-10.8585741-10.726910700135-10.803321980356-10.79258767"
"769990746444431","10.77014849532-10.7844439-10.7899704-10.730744814924-10.779934425415-10.8585741-10.726910700135-10.795590790197-10.797913712459-10.7878103-10.8068469617-10.7829504-10.789192"
"771151099681189","10.766129429041-10.77877128763-10.8009071-10.8554313-10.79258767-10.79258767-10.7818051727-10.78322577-21.0333-10.8488503-10.7841666667"
"771505632953533","10.764627840446-10.7899704-10.730744814924-10.780833333333-10.79258767-10.773741394188"
"773330646112734","10.766129429041-10.7694-10.8171473-10.766129429041-10.7899704-10.75-10.780775419592-10.7940111-10.730852785315-10.730744814924-10.728783919759-10.780833333333-10.7907801-10.767313098301-10.8171473-10.8585741-10.803321980356-10.766129429041-10.7929997-10.79258767-10.8171473-10.787859-10.816874263333-10.8171473-10.726910700135"
"777188089076714","10.777698260699-10.729509080508-10.730744814924-10.8585741-10.726910700135-10.766129429041-10.79258767-10.874420983149-10.79423034573-10.7837296-10.787859-10.75-10.755595133788"
"777401619073114","10.764627840446-10.766129429041-10.730852785315-10.730744814924-10.7769519588-10.726910700135-10.808119400078"
"779761258836576","10.730852785315-10.730744814924-10.780833333333-10.8585741-10.741962426559-10.803321980356-10.7694-10.79258767-10.8068469617-10.7835903"
"780538515424612","10.730744814924-10.779934425415-10.775833333333-10.8585741-10.741962426559-10.803321980356-10.797913712459-10.726910700135-10.808119400078"
"785329451596424","21.01124483185-10.7899704-10.729411608643-10.8585741-10.779492333935-10.7837296-10.77563-10.7770624-10.7807903-10.79423034573"
"788317357957045","10.726910700135-10.803321980356-10.803321980356-10.741962426559-10.766129429041-10.816938324444-10.801555428539"
"797901256985747","10.806337345686-10.7777824-10.766129429041-10.7899704-10.790258594234-10.7694-10.729411608643-10.730852785315-10.806337345686-10.730744814924-10.8585741-10.806337345686-10.7856503-10.755595133788-10.7677002-21.06324963-10.727599639211"
"801196210006579","10.7829504-10.730852785315-10.730744814924-10.779492333935-10.77429999-10.79258767-10.79258767"
"825568154218668","10.764627840446-10.779788-10.7777824-10.7829504-10.777698260699-10.7694-10.758093141193-10.779934425415-10.7907801-10.7929997-10.79423034573-10.755595133788-10.7694-10.8171473-10.816938324444-21.06324963"
"836540786464709","10.777698260699-10.7940111-10.8171473-10.7837296-10.76612200006-10.8171473-10.8171473"
"837784366335198","10.7899704-10.85157868-10.775833333333-10.8585741-10.741962426559-10.8554313-10.755595133788-10.77563-10.795663625-10.774620909332-10.7843752-10.75-10.777603336811-10.781836791009"
"840799026032607","10.803321980356-10.803321980356-10.801144417231"
"841149452697791","10.784932328478-10.772029089565-10.75-10.730744814924-10.8171473-10.8585741-10.803321980356-10.741962426559-10.803321980356-10.79258767-10.797913712459-10.760524296444-10.726910700135-10.808119400078"
"843387462427077","21.024166666667-10.7730503-10.729649866797-10.804150856204-10.7704268-10.801555428539"
"844371862346731","10.766129429041-10.773370292485-10.7829504-10.7694-10.729411608643-10.780524473274-10.779934425415-10.813112038302-10.8171473-10.8585741-10.803321980356-10.741962426559-10.7694-10.7899704-10.787859-10.773278596056-10.767009837608-10.755595133788-10.7829504-10.779148221547-10.8068469617-10.816938324444-21.06324963"
"844890865629623","10.80640357-10.8488503-10.794553763104-10.8009071-10.7694-10.78322577-10.78322577-10.78322577-10.78322577"
"847450522035365","10.764627840446-10.785859280932-10.780833333333-10.779492333935-10.803321980356-10.7929997-10.79258767-10.79258767-10.8066225-10.773447283294-10.789192-10.7802687"
"849872261794922","10.779934425415-10.780833333333-10.8585741-10.773447283294-10.727359179346-10.801555428539-10.726910700135-10.808119400078"
"849896485129765","10.7819004-10.764627840446-10.7694-10.768005814299-10.726910700135-10.79258767-10.7878103-10.8066225-10.777603336811"
"853789684741589","10.729411608643-10.730852785315-10.726910700135-10.79258767-10.755595133788-10.779934425415-21.06324963"
"867080830071921","10.7899704-10.729411608643-10.7940111-10.730852785315-10.730744814924-10.773447283294-10.777345956551-10.726910700135"
"867462980017143","10.764627840446-10.7694-10.75-10.730744814924-10.780833333333-10.8171473-10.8585741-10.726910700135-10.779492333935-10.778616976189-10.773447283294-10.755595133788-10.7799597-10.804790805609-10.726910700135"
"870590129714745","10.795590790197-10.795590790197-10.773447283294-10.773224708039-10.795663625"
"870894306359712","10.779934425415-10.8171473-10.779492333935-10.79258767-10.755595133788-10.8068469617-10.7628403-10.72790167305-10.726910700135"
"872186099559377","21.01124483185-10.726910700135-10.741962426559-10.797913712459-10.7878103-10.792438-10.729649866797-10.726910700135"
"873366629437441","10.806337345686-10.8171473-10.726910700135-10.741962426559-10.766129429041-10.806337345686"
"874434149330288","10.773370292485-10.7829504-10.7899704-10.7829504-10.8585741-10.803321980356-10.803321980356-10.803321980356-10.8068469617-21.06324963-10.727359179346"
"875164032590454","10.730744814924-10.779492333935-10.803321980356-10.7694-10.79258767"
"876994722408125","10.766129429041-10.828863253333-10.730852785315-10.767003764258-10.726910700135-10.7694-10.801144417231"
"878544422259357","10.730852785315-10.730744814924-10.795590790197-10.8585741-10.741962426559-10.797913712459-10.8068469617-10.726910700135"
"879377685511426","10.729509080508-10.779934425415-10.7907801-10.813112038302-10.8171473-10.775833333333-10.803321980356-10.7694-10.766129429041-10.7730503-10.772393308507-10.816874263333-10.77207330075-10.726910700135"
"886757811432114","10.730852785315-10.730744814924-10.726910700135-10.7929997-10.797913712459-10.8050785-10.8068469617"
"892618300854855","10.77014849532-10.7899704-10.730852785315-10.780833333333-10.8585741-10.803321980356-10.759583317746"
"895933887181307","10.7843752-10.7829504-10.7694-10.7899704-10.7829504-10.762200730909-10.7903776-10.795590790197-10.729411608643-10.730852785315-10.730744814924-10.780833333333-10.8171473-10.8585741-10.779492333935-10.8554313"
"898788390170824","10.7899704-10.7940111-10.730852785315-10.730744814924-10.8171473-10.8585741-10.779492333935-10.741962426559"
"901162646645061","10.7694-10.7777824-10.7899704-10.730744814924-10.780833333333-10.8171473-10.8585741-10.779492333935-10.741962426559-10.7694-10.79258767-10.797913712459-10.8068469617-10.7694-10.760524296444"
"902569216444779","10.7694-10.779788-10.8171473-10.766129429041-10.767313098301-10.8171473-10.7929997-10.8171473-10.8171473"
"904674892934101","10.7694-10.7899704-10.779492333935-10.730744814924-10.780833333333-10.813112038302-10.775833333333-10.8585741-10.779492333935-10.741962426559-10.803321980356-10.755595133788-10.792438"
"914452511943725","10.7829504-10.7829504-10.7899704-10.7829504-10.729411608643-10.780833333333-10.8171473-21.06324963-10.774620909332-10.806337345686-10.7829504"
"921156801314399","10.7903776-10.730852785315-10.730744814924-10.8585741-10.741962426559-10.797913712459-10.8068469617"
"921575151231746","10.7829504-10.730852785315-10.779934425415-10.775833333333-10.8585741-10.7694-10.792443534352-10.7818051727-10.755595133788-10.738611111111-10.8068469617"
"922282511184349","10.766129429041-10.790258594234-10.728783919759-10.767313098301-10.813112038302-10.7769519588-10.766129429041-10.8171473-10.777698260699"
"926381767410064","10.7940111-10.730852785315-10.730744814924-10.8171473-10.803321980356-10.803321980356-10.8554313-10.7929997-10.79258767-10.79258767"
"926901050726647","10.7940111-10.730852785315-10.8585741-10.8009071-10.7694-10.75-10.75-10.79258767-10.795495589442-10.795495589442-10.79258767-10.75-10.795495589442-10.7694-10.755595133788"
"928023503944144","10.79258767-10.726910700135-10.7841666667-10.74682256752-10.727599639211-10.727359179346"
"931320930249546","10.7829504-10.7899704-10.7829504-10.7829504-10.729411608643-10.780524473274-10.7907801-10.755595133788-10.7829504"
"931874233549485","10.7899704-10.730852785315-10.8585741-10.726910700135-10.779492333935-10.79258767-10.755595133788-10.727599639211-10.727359179346-10.808119400078"
"932468050179679","10.7819004-10.7777824-10.7829504-10.7940111-10.775833333333-10.7699318-10.803321980356"
"938511266229256","10.8585741-10.803321980356-10.779492333935-10.75950582733-10.79258767-10.874420983149-10.787859-10.7726402-10.801555428539"
"944607878967433","10.76096798517-10.768915165541-10.7899704-10.730744814924-10.780833333333-10.8585741-10.803321980356"
"945132885542349","10.780833333333-10.8585741-10.779492333935-10.741962426559-10.803321980356-10.755595133788-10.8068469617"
"959167677485091","10.8171473-10.766129429041-10.777329760768-10.8171473-10.7777824-10.78392654-10.8171473-10.766129429041-10.766129429041-10.8171473-10.8171473-10.779934425415-10.767313098301-10.7694"
"975970165801193","10.730744814924-10.780833333333-10.813112038302-10.779492333935-10.766129429041-10.738611111111-10.727359179346"
"979669112071875","10.764627840446-10.7694-10.730744814924-10.8585741-10.726910700135-10.79258767-10.874420983149-10.723758905799-10.727599639211-10.801555428539"
"982960365132394","10.730744814924-10.779934425415-10.726910700135-10.779492333935-10.7694-10.79258767-10.755595133788-10.7829504-10.7750301-10.8068469617-10.72790167305-10.726910700135"
"983526351686099","10.80640357-10.764627840446-10.765942902456-10.777698260699-10.8585741-10.741962426559-10.79258767-10.797913712459-10.8068469617"
"984657964940720","10.7899704-10.729411608643-10.730744814924-10.8585741-10.726910700135-10.779492333935-10.79258767-10.797913712459-10.755595133788-10.8068469617-10.726910700135-10.808119400078"
"987728801294374","10.811886978201-10.779934425415-10.816874263333-10.816938324444-10.77207330075-10.726910700135-10.808119400078"
"1007278812646797","10.779934425415-10.779492333935-10.79258767-10.812470749412-10.773573760021-10.779288450166-10.7902403-10.726910700135-10.808119400078"
"1008365305886176","10.7819004-10.7829504-10.7899704-10.729411608643-10.7818051727-10.8585741-10.803321980356-10.8068469617-10.7843752"
"1014016165306228","10.7899704-10.762200730909-10.780833333333-10.870842640759-10.726910700135-10.808119400078"
"1015358611820126","10.77014849532-10.766129429041-10.729411608643-10.768005814299-10.726910700135-10.803321980356-21.0333-10.75-10.7829504"
"1015583565168117","10.7807903-10.764627840446-10.766129429041-10.779492333935-10.7694-10.730744814924-10.8171473-10.741962426559-10.7929997-10.76612200006-10.7822027-10.8171473-10.777603336811-10.727359179346"
"1023610744370161","10.766129429041-10.8171473-10.78392654-10.7711897-10.780833333333-10.813112038302-10.766129429041-10.767313098301-10.816938324444"
"1031703450185040","10.777698260699-10.758093141193-10.8171473-10.803321980356-10.779492333935-10.76612200006-10.8171473-10.7829504"
"1037707279582859","10.7694-10.730744814924-10.8585741-10.779492333935-10.79258767-10.79258767-10.797913712459"
"1050335081664729","10.7694-10.766129429041-10.777698260699-10.730744814924-10.779934425415-10.8171473-10.8585741-10.741962426559-10.7929997-10.797913712459-10.8171473-10.8050785-10.7750301"
"1057105014307763","10.8488503-10.7990656-10.784353675246-10.775833333333-10.803321980356-10.8009071-10.7694-10.773278596056-10.7818051727-10.78322577-10.8001338-10.8488503"
"1059452377407822","10.779934425415-10.777698260699-10.768915165541-10.790258594234-10.767003764258-10.779934425415-10.8585741-10.741962426559-10.8171473"
"1061161753902230","10.7736902-10.781205500709-10.78722-10.8585741-10.803321980356-10.803321980356-10.755595133788"
"1068552076511289","10.766129429041-10.7711897-10.767003764258-10.780833333333-10.813112038302-10.7769519588-10.8585741-10.766129429041-10.7694-10.767313098301-10.767313098301"
"1076260289050641","10.7819004-10.762200730909-10.730852785315-10.780833333333-10.79258767-10.723758905799-10.74682256752-10.727359179346-10.808119400078"
"1078847258822654","10.7819004-10.775846082642-10.771507966836-10.806337345686-10.7829504"
"1079563472063025","10.768915165541-10.7777824-10.779934425415-10.8585741-10.797913712459-10.801144417231-10.8068469617-10.816938324444"
"1086763018000674","10.771507966836-10.7829504-10.7829504-10.729411608643-10.8171473-10.7929997-10.779973522098-10.7750301"
"1094488220561389","10.7771196-10.766129429041-10.771507966836-10.777698260699-10.766129429041-10.816874263333-10.786776699514"
"1107368242648326","10.768915165541-10.730852785315-10.730744814924-10.8585741-10.726910700135-10.8009071-10.797913712459"
"1108489935863063","10.767003764258-10.7699318-10.803321980356-10.797913712459-10.766129429041-10.806337345686-10.7750425-10.7843752-10.777603336811-10.7827902-10.727359179346"
"1110211555664753","10.870628935757-10.768915165541-10.806337345686-10.780833333333-10.8585741-10.7929997-10.79258767-10.797913712459-10.76612200006-10.79423034573"
"1111298315547827","21.01124483185-10.730852785315-10.730744814924-10.8585741-10.73012121984-10.759583317746-10.8068469617-10.78722-10.781373055482-10.779973522098-10.72790167305-10.726910700135"
"1113728978638145","10.7819004-10.7990656-10.766129429041-10.7899704-10.7940111-10.730852785315-10.755866501679-10.75-10.791412983219"
"1131213120222074","10.771507966836-10.7829504-10.7829504-10.7899704-10.7829504-10.729411608643-21.06324963-10.806337345686"
"1138971446113805","10.7807903-10.7844439-10.78722-10.779492333935-10.729411608643-10.779934425415-10.780833333333-10.775833333333-10.726910700135-10.779492333935-10.766129429041-10.7929997-10.79258767-10.79258767-10.792438-10.774620909332-10.801555428539"
"1143885928974082","10.7829571025-10.768915165541-10.730744814924-10.780833333333-10.8171473-10.8585741-10.766129429041-10.7768402-10.781373055482-10.727599639211-10.72790167305"
"1145851332106821","10.7899704-10.7940111-10.730744814924-10.775833333333-10.803321980356-10.7929997-10.8171473-10.755595133788-10.7829504-10.7878103"
"1148198225209949","10.7771196-10.7771196-10.777698260699-10.78392654-10.780833333333-10.813112038302-10.772393308507-10.8171473"
"1173989399282043","10.7899704-10.780524473274-10.730744814924-10.780833333333-10.8171473-10.726910700135-10.79258767-10.7768402"
"1188607327823189","10.7899704-10.7694-10.7929997-10.79258767"
"1189436094405843","10.767313098301-10.767313098301-10.767313098301-10.767313098301-10.767313098301-10.767313098301-10.767313098301"
"1193116397370530","10.8171473-10.8171473-10.7711897-10.8171473-10.790258594234-10.8171473-10.8171473-10.8171473"
"1193991390627968","10.77014849532-10.768005814299-10.8171473-10.8585741-10.741962426559-10.7694-10.797913712459-10.755595133788-10.833248422669-10.72790167305-10.801555428539-10.808119400078"
"1197133633636680","10.7819004-10.771507966836-10.768915165541-10.7829504-10.7829504-10.8171473-10.7929997"
"1198079436883830","10.766129429041-10.730744814924-10.7929997-10.797913712459-10.808119400078"
"1200835986609754","10.7807903-10.779492333935-10.79258767-10.797913712459-10.8066225-10.789192"
"1207357345948032","10.7777824-10.7899704-10.777698260699-10.730852785315-10.730744814924-10.779492333935-10.803321980356-10.79258767-10.797913712459-10.7768402-10.912801269844"
"1207500492600083","10.766129429041-10.777698260699-10.729411608643-10.780833333333-10.766129429041-10.7771196-10.8171473-10.8171473-10.7677002-10.816938324444-10.7713156-10.8171473"
"1209944535689463","10.7694-10.7777824-10.777698260699-10.7829504-10.730744814924-10.8171473-10.8585741-10.741962426559"
"1214706241878014","10.7694-10.729411608643-10.779934425415-10.7837296-10.81589517-10.816938324444"
"1216804721669942","10.796220788824-10.768915165541-10.7777824-10.7844439-10.766129429041-10.779492333935-10.7829504-10.729411608643-10.7940111-10.730852785315-10.730744814924-10.779934425415-10.8171473-10.726910700135-10.779492333935-10.741962426559-10.803321980356-10.8554313-10.7929997-10.797913712459-10.7837296-10.8066225-10.773278596056-10.755595133788-10.8068469617-10.7841666667-10.7835903-10.79423034573-10.7807903-10.726910700135"
"1222781891072378","10.779788-10.8585741-10.766129429041-10.773278596056-10.8068469617-10.774620909332-10.789192-10.801555428539"
"1240794062603397","9.774976144098-10.726910700135-10.79258767-10.797913712459-10.8068469617-10.79423034573"
"1241481725868432","10.777698260699-10.730744814924-10.8171473-10.775833333333-10.7844439-10.795590790197-10.816874263333-10.8171473-10.786692605721-10.777347060613-10.727359179346"
"1262477510445433","10.7777824-10.730744814924-10.780833333333-10.8171473-10.7769519588-10.726910700135-10.755595133788"
"1264816113545179","21.01124483185-10.7829571025-10.7899704-10.780833333333-10.775833333333-10.8585741-10.797913712459-10.778616976189-10.784932328478"
"1369618623052388","10.7771196-10.766129429041-10.7843752-10.777329760768-10.7711897-10.780833333333-10.813112038302-10.8171473-10.7771196-10.772821261302-10.8171473"
"1481712312137521","10.768915165541-10.776888888889-10.7777824-10.7829504-10.730744814924-10.7694-10.797913712459-10.773447283294-10.755595133788-10.8068469617"
"1483784895264337","10.7807903-10.780524473274-10.7769519588-10.797913712459-10.7837296"
"1486654704975542","10.7777824-10.779492333935-10.730744814924-10.813112038302-10.8171473-10.741962426559-10.7694-10.72790167305"
"1490465341258092","10.775833333333-10.7694-10.7694-10.772056035797-10.772056035797-10.773278596056-10.7818051727"
"1491255821203825","10.7694-10.7694-10.7694-10.772056035797-10.772056035797-10.7694-10.772056035797-10.772056035797-10.772056035797"
"1492058511100215","10.767003764258-10.728783919759-10.780833333333-10.813112038302-10.766129429041-10.738611111111-10.7677002-10.794493595506-10.7704268"
"1492874941014083","10.779934425415-10.8171473-10.8171473"
"1497516140543169","10.842019791377-10.776888888889-10.799289589969-10.741962426559-10.7918901-10.79258767-10.726910700135-10.727359179346-10.726910700135-10.808119400078"
"1501856920142105","10.764627840446-10.7829504-10.765942902456-10.766129429041-10.7829504-10.787764669388-10.730852785315-10.767003764258-10.7907801-10.8585741-10.779492333935-10.7694-10.787859-10.773278596056-10.773447283294-10.755595133788-10.8068469617-10.860573905-10.7841666667-10.801555428539"
"1503297083304581","10.7771196-10.771507966836-10.785859280932-10.7694-10.771507966836-10.779788-10.768915165541-10.7771196-10.7844439-10.7899704-10.7711897-10.777537591563-10.790258594234-10.7951965-10.730744814924-10.779934425415-10.728783919759-10.780833333333-10.813112038302-10.7694-10.8585741-10.726910700135-10.803321980356-10.741962426559-10.803321980356-10.7694-10.766129429041-10.7929997-10.723758905799-10.767313098301-10.790258594234-10.8171473-10.7878103-10.7903566-10.7980404-10.779934425415-10.7730503-10.766129429041-10.790258594234-10.8171473-10.787540368818-10.8068469617-10.7827902-10.795590790197-10.75-10.7677002-10.816938324444-10.786776699514-10.801555428539"
"1504594363204228","10.85157868-10.8171473-10.8554313-10.7850428-10.772393308507-10.781373055482-10.773573760021-10.804790805609"
"1505969059702279","10.760667435185-10.773370292485-10.768915165541-10.7777824-10.766129429041-10.730852785315-10.728783919759-10.8585741-10.726910700135-10.741962426559-10.766129429041-10.7730503-10.766129429041-10.773447283294-10.795663625-10.779973522098-10.7825871-10.72790167305-10.727359179346"
"1510819109244921","10.730744814924-10.813112038302-10.8585741-10.726910700135-10.779492333935-10.773447283294-10.7750301-10.74682256752"
"1512416739084866","10.764627840446-10.7903566-10.766129429041-10.806337345686-10.7899704-10.7694-10.8585741-10.7897234-10.803321980356-10.741962426559-10.803321980356-10.79258767-10.79258767-10.80288639-10.777603336811-10.801555428539-10.808119400078"
"1512808485683180","10.714840625129-10.7829504-10.781205500709-10.7694-10.766129429041-10.7899704-10.780833333333-10.813112038302-10.803321980356-10.7694"
"1517580485219420","10.776888888889-10.741962426559-10.7918901-10.79258767-10.779973522098-10.77207330075-10.75"
"1520152658305066","10.7990656-10.7899704-10.794553763104-10.7572603-10.780775419592-10.7940111-10.730852785315-10.7907801-10.803321980356-10.7841091-10.741962426559-10.7694"
"1520683351575003","10.7835903-10.78267-10.7807903-10.764627840446-10.76096798517-10.791722808333-10.7694-10.7777824-10.766129429041-10.7899704-10.828863253333-10.7694-10.7694-10.729509080508-10.730852785315-10.767003764258-10.730744814924-10.8171473-10.795590790197-10.8585741-10.779492333935-10.741962426559-10.7694-10.79258767-10.7837296-10.912801269844-10.773447283294-10.781608166192-10.7750301-10.8068469617-10.794629850425-10.795663625-10.727599639211-10.72790167305-10.801555428539-10.726910700135-10.808119400078"
"1520722144905458","10.766129429041-10.813112038302-10.7929997-10.8171473-10.8171473-10.790258594234-10.777347060613-10.8171473-10.778833036855"
"1521110631534260","10.7835903-10.803321980356-10.8066225-10.8068469617-10.75-10.7260599"
"1521130751535783","21.01124483185-10.766129429041-10.787764669388-10.730852785315-10.730744814924-10.8171473-10.779492333935"
"1521273348199107","10.726910700135-10.741962426559-10.797913712459-10.773447283294-10.726910700135"
"1521769931482549","10.766129429041-10.777698260699-10.7829504-10.779934425415-10.8171473-10.8585741-10.779492333935-10.741962426559-10.803321980356-10.79258767-10.797913712459-10.8066225-10.755595133788-10.7750301-10.8068469617-10.7841666667-21.06324963-10.808119400078"
"1522484031407199","10.779492333935-10.75950582733-10.797913712459-10.7726402-10.8068469617-10.801555428539"
"1522953398019219","10.7829504-10.730744814924-10.779934425415-10.803321980356-10.803321980356-10.741962426559-10.8068469617-10.816938324444"
"1523529171293144","10.779492333935-10.7694-10.79258767-10.797913712459-10.8068469617-10.808119400078"
"1523731894619534","10.773447283294-10.7827902-10.804150856204-10.779973522098-10.72790167305"
"1524582311198491","10.806138-10.767313098301-10.8585741-10.779492333935-10.741962426559-10.803321980356-12.91991765-10.79258767-10.79258767-10.797913712459-10.75-10.8068469617-10.7677002-10.801555428539"
"1530719623918188","10.730744814924-10.779492333935-10.741962426559-10.79258767-10.784618187806-10.8068469617-10.779973522098-10.801555428539-10.808119400078"
"1567953666779823","10.726910700135-10.741962426559-10.79258767-10.79258767-10.784618187806-10.738611111111-10.801555428539-10.726910700135-10.808119400078"
"1572121796367964","10.764627840446-10.8129225-10.7694-10.819966714184-10.779492333935-10.780833333333-10.799289589969-10.8585741-10.726910700135-10.741962426559-10.79258767-10.797913712459-10.787859-10.773447283294-10.779973522098-10.726910700135"
"1622645184641178","10.779934425415-10.7154715-10.8585741-10.741962426559-10.7768402-10.8068469617"
"1628952527355431","10.7899704-10.790258594234-10.7940111-10.730852785315-10.780524473274-10.730744814924-10.728783919759-10.780833333333-10.7907801-10.799289589969-10.803321980356-10.779492333935-10.803321980356-10.73012121984-10.803321980356-10.7694-10.766129429041-10.8171473"
"1632516320346884","10.730852785315-10.775833333333-10.799289589969-10.726910700135-10.779492333935-10.741962426559-10.808119400078"
"1633105003608340","10.730852785315-10.730744814924-10.8585741-10.779492333935-10.803321980356-10.7837296-10.787859-10.801555428539-10.726910700135-10.808119400078"
"1633352696938851","10.8585741-10.741962426559-10.79258767-10.797913712459-10.773447283294-10.808119400078"
"1635523966717207","21.01124483185-10.780833333333-10.8585741-10.726910700135-10.741962426559-10.79258767-10.79258767-10.797913712459-10.781373055482-10.729649866797-10.781373055482"
"1636003713338961","10.787594544051-10.7694-10.730744814924-10.8585741-10.803321980356-10.803321980356-10.7694-10.79258767-10.79258767-10.797913712459"
"1638369666436552","10.7777824-10.767003764258-10.730744814924-10.8585741-10.77207330075"
"1638404066448058","10.7807903-10.75-10.779492333935-10.780833333333-10.8585741-10.779492333935-10.741962426559-10.79258767-10.8068469617"
"1639234236343256","10.8049818-10.7940111-10.730744814924-10.803321980356-10.797913712459-10.753842394284-10.787859-10.80288639-10.773447283294-10.794629850425-10.795663625-10.786334-10.75"
"1639584749662644","10.730744814924-10.780833333333-10.803321980356-10.766129429041-10.79258767-10.79258767-10.660204542205"
"1639987146252693","10.764627840446-10.7769519588-10.8585741-10.726910700135-10.779492333935-10.797913712459-10.7807903-10.726910700135"
"1640490862888349","10.779934425415-10.7807903-10.9724544993-10.76096798517-10.768915165541-10.7777824-10.766129429041-10.762200730909-10.787764669388-10.729509080508-10.730852785315-10.767003764258-10.779934425415-10.795590790197-10.8585741-10.803321980356-10.741962426559-10.773447283294"
"1640739022870216","10.7899704-10.790258594234-10.779492333935-10.730852785315-10.730744814924-10.780833333333-10.813112038302-10.8171473-10.803321980356-10.803321980356"
"1641268906161436","10.785859280932-10.803321980356-10.803321980356-10.79258767-10.79258767-10.760562188506"
"1644463915809406","10.7829571025-10.766129429041-10.833641635469-10.730744814924-10.726910700135-10.779492333935-10.741962426559-10.79258767-10.79258767-10.797913712459-10.777747462188-10.789192-10.780855698549-10.726910700135-10.791412983219"
"1646438118961908","10.7835903-10.764627840446-10.8049818-10.779492333935-10.7694-10.787764669388-10.730852785315-10.730744814924-10.8585741-12.91991765-10.797913712459-10.79423034573-10.723758905799-10.753842394284-10.7856302-10.80288639-10.7856302-10.8068469617-10.794629850425-10.7841666667"
"1646841375578580","10.7694-10.7694-10.7777824-10.787594544051-10.7899704-10.779492333935-10.7694-10.806138-10.762200730909-10.787764669388-10.729509080508-10.780833333333-10.8171473-10.7694-10.779492333935-10.79258767-10.797913712459-10.723758905799-21.024166666667-10.7980404-10.7856302-10.80288639-10.812470749412"
"1647618032193437","10.75-10.7903776-10.7940111-10.730744814924-10.780833333333-10.813112038302-10.803321980356-10.766129429041-10.79258767-10.797913712459-10.787859"
"1648463938763389","10.7835903-10.779934425415-10.8585741-10.779492333935-10.79258767-10.79258767-10.726910700135-10.7843752"
"1649583141928958","10.8488503-10.7694-10.844890332328-10.7777824-10.787764669388-10.8585741-10.79258767-10.860573905"
"1651039455150853","10.780833333333-10.8585741-10.741962426559-10.79258767-10.797913712459-10.8777-10.8068469617-10.726910700135"
"1653587124920347","10.7829504-10.758847635223-10.7899704-10.7829504-10.777698260699-10.729411608643-10.730852785315-10.730744814924-10.779934425415-10.813112038302-10.8171473-10.775833333333-10.803321980356-10.766129429041-10.7730503"
"1654603448137988","10.764627840446-10.7829571025-10.7829504-10.729411608643-10.730852785315-10.779934425415-10.8171473-10.8585741-10.726910700135-10.779492333935-10.741962426559-10.803321980356-10.7694-10.79258767-10.79258767-10.797913712459-10.79423034573-10.773447283294-10.7818051727-10.755595133788-10.8068469617-10.7677002-10.816938324444-10.7903776-10.789192-10.79423034573-10.7827902-10.801555428539"
"1655146798087250","10.766129429041-10.780775419592-10.730744814924-10.8171473-10.79258767-10.8171473"
"1656655851269317","10.764627840446-10.806138-10.730852785315-10.730744814924-10.779492333935-10.741962426559-10.79258767-10.760562188506-10.81589517-10.8068469617-10.846117924-10.8488503-10.729451347451-10.72790167305-10.773741394188-10.726910700135-10.808119400078"
"1658349747755273","10.8585741-10.797913712459-10.775483896073-10.8068469617-10.72790167305-10.726910700135"
"1658807861043817","10.787764669388-10.741962426559-10.795663625-10.72790167305-10.801555428539"
"1660688707503183","10.777698260699-10.729411608643-10.730852785315-10.730744814924-10.813112038302-10.8171473-10.8585741-10.779492333935-10.803321980356-10.79258767-10.7837296-10.760978525335-10.773447283294-10.777698260699"
"1660743537535575","10.779492333935-10.8585741-10.726910700135-10.779492333935-10.741962426559-10.787859-10.738611111111-10.789192-10.7704268-10.779288450166-10.726910700135"
"1663033437300136","21.01124483185-10.8585741"
"1666883243555497","10.7154715-10.730744814924-10.779934425415-10.8585741-10.779492333935-10.79258767-10.79258767-10.797913712459-10.787859-10.726910700135"
"1666942073552391","10.764627840446-10.7694-10.766129429041-10.7899704-10.730852785315-10.780833333333-10.8171473-10.803321980356-10.779492333935-10.741962426559-10.803321980356-10.79258767-10.801555428539-10.726910700135"
"1667249380197549","10.76096798517-21.01124483185-10.767003764258-10.780833333333-10.8585741-10.726910700135"
"1667642960158946","10.7819004-10.7829504-10.7829504-10.777537591563-10.7899704-10.729411608643-10.8585741-10.8554313"
"1668861940027419","10.7807903-10.779934425415-10.775833333333-10.8585741-10.779492333935-10.8068469617"
"1668948343347366","10.7844439-10.730744814924-10.766129429041-10.79258767-10.797913712459-10.7768402-10.874420983149-10.816874263333-10.755595133788-10.779973522098-10.8068469617-10.7677002-10.792438-10.816938324444-21.06324963-10.789192-10.727599639211-10.7835903-10.72790167305-10.801555428539-10.808119400078"
"1669211723325292","10.766129429041-10.777698260699-10.730744814924-10.728783919759-10.780833333333-10.8585741-10.79258767-10.79258767-10.738611111111-10.8068469617-10.870842640759-10.808119400078"
"1674156579463035","10.766129429041-10.813112038302-10.8171473-10.803321980356-10.803321980356-10.7841091-10.766129429041-10.759583317746-10.7929997-10.912801269844-10.8171473-10.791412983219"
"1674223596191112","10.844890332328-10.780833333333-10.79258767-10.793835984512-10.787859-10.738611111111"
"1683424385228146","10.729411608643-10.8171473-10.726910700135-10.741962426559"
"1685403541673769","10.7829504-10.75-10.8171473-10.7769519588-10.7694-10.7841666667-10.729451347451-10.765541919847-10.7807903-10.760524296444-10.779288450166-10.727359179346-10.808119400078"
"1687268201496255","10.779934425415-10.8585741-10.7730503-10.773447283294-10.816874263333-10.72790167305-10.726910700135"
"1687617991524721","10.8585741-10.726910700135-10.779492333935-10.79258767-10.79258767-10.738611111111-10.8068469617-10.727359179346-10.726910700135-10.808119400078"
"1688923641330525","10.730852785315-10.780833333333-10.8171473-10.803321980356-10.79258767-10.79258767-10.755595133788-10.767313098301"
"1699349833629920","10.77014849532-10.764627840446-10.7829571025-10.766129429041-10.787764669388-10.726910700135-10.779492333935-10.7694-10.79258767"
"1702212190009530","10.7694-10.730744814924-10.7694-10.7694-10.7694-10.7694-10.7694"
"1702382643325689","10.779934425415-10.7711897-10.790258594234-10.780833333333-10.8171473-10.772277371056-10.8171473-10.8171473"
"1705907336358636","10.806337345686-10.726910700135-10.779492333935-10.79258767-10.797913712459-10.787859-10.8068469617"
"1716829768546132","10.8585741-10.726910700135-10.741962426559-10.806337345686-10.729451347451-10.808119400078"
"1719199448311480","10.7835903-10.7768402-10.75-10.75-10.787540368818-10.781608166192-10.789192-10.7835903"
"1720652581497239","10.779934425415-10.8585741-10.726910700135-10.779492333935-10.75950582733-10.76612200006-10.7677002-10.766129429041-10.77207330075"
"1723085601253037","10.7829504-10.7829504-10.7829504-10.729411608643-10.772393308507-10.7829504-10.7677002"
"1725778104317661","10.7694-10.808119400078-10.766129429041-10.7899704-10.790258594234-10.7940111-10.730852785315-10.7907801-10.813112038302-10.803321980356-10.766129429041-10.79258767-10.786334-10.75202-10.801555428539"
"1730701060492919","10.7899704-10.7829504-10.7694-10.730744814924-10.8585741-10.741962426559-10.8009071-10.79258767-10.797913712459-10.781608166192"
"1732962863593662","10.730744814924-10.726910700135-10.741962426559-10.787859-10.660173396268-10.801555428539-10.726910700135-10.808119400078"
"1772571746303512","10.726910700135-10.741962426559-10.79258767-10.755595133788-10.738611111111-10.7843752-10.808119400078"
"1802021953358265","10.730744814924-10.8171473-10.7694-10.803321980356-10.779492333935-10.741962426559-10.803321980356-10.79258767-10.79258767-10.7694-10.726910700135"
"1910318259193873","10.766129429041-10.779492333935-10.7694-10.730744814924-10.8585741-10.726910700135-10.779492333935-10.741962426559-10.803321980356-10.79258767-10.797913712459-10.773447283294-10.806337345686-10.8068469617-10.7841666667-10.781373055482"
"1918074828416926","10.7771196-10.7711897-10.7771196-10.772277371056-10.8171473-10.8061275"
"1930036233887304","10.775833333333-10.730744814924-10.779492333935-10.7730503-10.767313098301-10.729451347451-10.727599639211"
"1932747286950640","10.766129429041-10.7694-10.7899704-10.7940111-10.730852785315-10.780833333333-10.8171473-10.803321980356"
"1934781353412802","10.764627840446-10.76096798517-10.730744814924-10.741962426559-10.797913712459-10.801144417231-10.773447283294-10.889174720429-10.738611111111-10.801555428539-10.808119400078"
"2186266901513403","10.766129429041-10.75-10.7694-10.8171473-10.755595133788-10.7750301-10.792438"
"10100186504575452","10.766129429041-10.777698260699-10.790258594234-10.767313098301-10.7929997-10.767313098301-10.777698260699-10.766129429041"
"10101850038859288","10.777698260699-10.779788-10.8171473-10.777698260699-10.813112038302-10.8171473-10.7929997-10.8171473-10.767313098301-10.777698260699-10.767313098301"
"10102750816468698","10.766129429041-10.779788-10.777698260699-10.779934425415-10.766129429041-10.8171473-10.767313098301"
"10103284601249614","10.779934425415-10.8171473-10.8171473-10.816874263333-10.8171473-10.7677002-10.78071470058"
"10103397799779096","10.779934425415-10.766129429041-10.777698260699-10.7903566-10.777698260699-10.790258594234-10.780833333333-10.813112038302-10.8171473-10.766129429041-10.7929997-10.772393308507-10.8171473-10.8171473-10.727359179346"
"10153004755491600","10.766129429041-10.8171473-10.777698260699-10.78392654-10.777698260699-10.767313098301-10.813112038302-10.8171473-10.766129429041-10.8171473-10.76612200006-10.816874263333-10.767313098301-10.766129429041-10.777698260699-10.7694"
"10153041441842692","10.7777824-10.763370132014-10.730852785315-10.730744814924-10.7929997"
"10153059125551986","10.766129429041-10.767313098301-10.7711897-10.767313098301-10.8171473-10.766129429041-10.7929997-10.767313098301-10.772821261302-10.767313098301-10.8171473-10.767313098301"
"10153066498476856","10.7771196-10.771507966836-21.01124483185-10.806337345686-10.7829504-10.780833333333-10.8171473-10.7829504"
"10153088552791432","10.766129429041-10.8171473-10.777698260699"
"10153201469391724","10.766129429041-10.7711897-10.7829504-10.780833333333-10.813112038302-10.7769519588-10.766129429041-10.76612200006-10.727359179346"
"10153245622198310","10.767313098301-10.779788-10.777698260699-10.767003764258-10.813112038302-10.7769519588-10.766129429041-10.7694-10.782853210143-10.767313098301-10.7713156"
"10153276223956818","10.766129429041-10.7899704-10.729411608643-10.730852785315-10.77877128763-10.775833333333-10.730744814924-10.780833333333-10.8585741-10.803321980356-10.7694-10.795495589442-10.795495589442-10.795495589442"
"10153310309248652","10.7835903-10.7819004-10.768915165541-10.7829504-10.7829504-10.7829504-10.7694-10.7829504-10.7837296-10.779148221547-10.7807903"
"10153344650455368","10.7777824-10.730852785315-10.730744814924-10.780833333333-10.7769519588-10.779492333935-10.755595133788-10.779148221547-21.06324963"
"10153350961903406","10.7771196-10.766129429041-10.777329760768-10.8171473-10.766129429041-10.8171473-10.8171473-10.767313098301"
"10153388021858882","10.7777824-10.7899704-10.780833333333-10.79258767-21.06324963"
"10153414105677772","10.766129429041-10.8171473-10.766129429041-10.7929997-10.772821261302-10.8171473-10.816874263333-10.816938324444"
"10153425952533532","10.766129429041-10.7694-10.776406017273-10.7774496-10.777698260699-10.779934425415-10.790258594234-10.767313098301-10.8171473-10.8171473-10.794960714911-10.76612200006-10.8171473-10.779148221547-10.777347060613"
"10153534752532024","10.766129429041-21.01124483185-10.767313098301-10.777698260699-10.777698260699-10.767313098301-10.8171473-10.779492333935-10.7929997-10.772821261302-10.794960714911-10.8171473-10.779148221547-10.772821261302-10.766129429041-10.8171473"
"10153606275521140","10.7822027-21.01124483185-10.7777824-10.780833333333-10.813112038302-10.7769519588-10.8171473-10.7829504"
"10153623207422850","10.7819004-10.771507966836-10.7843752-10.806337345686-10.771507966836-10.772393308507-10.8171473-10.7829504-10.779148221547"
"10153633400425090","10.766129429041-10.7843752-10.7694-10.8171473-10.816938324444"
"10153669267841768","10.779492333935-10.797913712459-10.76612200006-10.8171473"
"10153710102894362","10.7777824-10.777537591563-10.763370132014-10.7829504-10.779492333935-10.7694-10.7940111-10.779934425415-10.779492333935-10.79258767-10.8050785-10.773447283294-10.757289056046-10.8068469617-21.0333-10.7903776-10.769518934128-10.777537591563"
"10153716637132428","10.779934425415-10.777698260699-10.790258594234-10.777698260699-10.8171473-10.766129429041-10.7837296-10.7677002-10.816938324444"
"10153728221469138","10.729509080508-10.779492333935-10.777698260699-10.777698260699-10.726910700135"
"10153731740018430","10.766129429041-10.7843752-10.8171473-10.7694-10.8171473-10.779934425415-10.767313098301-10.7929997-10.767313098301-10.76612200006-10.816874263333-10.8171473-10.816938324444-10.766129429041-10.772821261302-10.804790805609"
"10153737899247416","10.771507966836-10.7843752-10.7829504-10.777698260699-10.767313098301-10.773278596056-10.8171473-10.77688321548-10.779148221547-10.7677002-10.766129429041-10.777698260699-10.7829504-10.7844439"
"10153747645909914","10.7829504-10.779788-10.730852785315-10.780524473274-10.730744814924-10.780833333333-10.813112038302-10.7769519588-10.7713804-10.755595133788-10.7829504-10.7677002-21.06324963"
"10153751415924284","10.77014849532-10.771507966836-10.779934425415-10.7771196-10.7736902-10.768915165541-10.777698260699-10.8171473-10.811886978201-10.7829504-10.7903566-21.01124483185-10.7829504-10.7694-10.768915165541-10.777537591563-10.763370132014-10.766129429041-10.7899704-10.781373055482-10.777537591563-10.7903776-10.758093141193-10.729411608643-10.775833333333-10.779934425415-10.780833333333-10.805812795616-10.767313098301-10.8171473-10.7694-10.7769519588-10.7929997-10.794960714911-10.773278596056-10.8171473-10.8171473-10.8171473"
"10153784229920844","10.766129429041-10.80237679518-10.779934425415-10.767313098301-10.813112038302-10.8171473-10.766129429041-10.8050785-10.8050785-10.8171473"
"10153797046377316","10.7694-10.790258594234-10.790258594234-10.7837296-10.797913712459-10.790258594234-10.773447283294-10.790258594234"
"10153813028960160","10.7771196-10.777329760768-10.7771196-10.7711897-10.797913712459-10.8171473"
"10153841092772164","10.729411608643-10.779934425415-10.8171473-10.8171473-10.8171473-10.76612200006-10.816874263333-10.8171473-10.777347060613-10.8171473"
"10153841103967164","10.7844439-10.7829504-10.730744814924-10.775833333333-10.8585741-10.726910700135-10.778616976189-10.773447283294-10.755595133788"
"10153868264978394","10.766129429041-10.777329760768-10.767313098301-10.780833333333-10.8171473-10.8171473"
"10154473043293356","10.773370292485-10.7777824-10.730852785315-10.779492333935-21.024166666667-10.8171473"
"10154517926014896","10.7940111-10.730744814924-10.813112038302-10.8171473-10.7769519588-10.803321980356-10.803321980356-10.7899704-10.7878103-10.8068469617-10.774620909332"
"10154524365635200","10.766129429041-10.777329760768-10.779788-10.8171473-10.78392654-10.790258594234-10.767313098301-10.8171473-10.766129429041-10.772821261302-10.8171473"
"10156191108435322","10.766129429041-10.8171473-10.7711897-10.780833333333-10.813112038302-10.8171473-10.766129429041-10.8171473-10.8050785-10.8050785-10.8171473-10.816938324444"
"10156254955480254","10.766129429041-10.7829504-10.790258594234-10.779934425415-10.813112038302-10.8171473-10.766129429041-10.7929997-10.790258594234-10.816874263333-10.772821261302-10.8171473-10.777537591563"
"10156321553805612","10.766129429041-10.730852785315-10.730744814924-10.779934425415-10.780833333333-10.726910700135-10.816874263333-10.777603336811"
"10200902674007276","10.77014849532-10.7774496-10.729411608643-10.8585741-10.726910700135-10.779492333935-10.7837296"
"10201015086295200","10.7899704-10.741962426559-10.79258767-10.8171473-10.755595133788"
"10201144172402116","10.7829504-10.777537591563-10.7899704-10.78722-10.7829504-10.7829504-10.729411608643-10.730744814924-10.813112038302-10.8171473-10.8585741-10.779492333935-10.741962426559-10.766129429041-10.801144417231-10.8068469617-10.726910700135"
"10201186044170432","10.77014849532-10.7899704-10.730744814924-10.813112038302-10.8171473-10.726910700135-10.741962426559-10.766129429041-10.76612200006-10.7677002"
"10201268432310336","10.779788-10.8171473-10.766129429041-10.7929997-10.772821261302-10.8171473"
"10203425458676264","10.7777824-10.766129429041-10.777698260699-10.730852785315-10.730744814924-10.7907801-10.813112038302-10.8171473-10.8585741-10.779492333935"
"10203577386353640","10.7899704-10.775833333333-10.730744814924-10.780833333333-10.779492333935-10.7929997-10.7768402"
"10203630983613656","10.775833333333-10.726910700135-10.803321980356-10.779492333935-10.741962426559-10.7694-10.79258767-10.7694-10.738611111111-10.8068469617-10.804634796667"
"10203670881130844","10.780833333333-10.779492333935-10.741962426559-10.79258767-10.773447283294-10.8068469617"
"10203678931132960","10.7829504-10.779934425415-10.813112038302-10.816938324444-10.794493595506-10.7829504-10.789192-10.726910700135"
"10203702016269164","10.766129429041-10.779788-10.767313098301-10.813112038302-10.8171473-10.7769519588-10.767313098301"
"10203766654366184","10.8171473-10.790258594234-10.8171473-10.777698260699-10.790258594234-10.777698260699-10.790258594234-10.8171473-10.766129429041-10.790258594234-10.790258594234-10.790258594234-10.816874263333-10.790258594234-10.790258594234"
"10204592990854242","10.729411608643-10.780833333333-10.8171473-10.726910700135-10.779492333935-10.797913712459-10.8171473-10.779148221547-10.8171473-10.726910700135"
"10204729072301058","10.7807903-10.766129429041-10.7694-10.777329760768-10.768915165541-10.777698260699-10.790258594234-10.779934425415-10.780833333333-10.8171473-21.024166666667"
"10204997278839772","10.7694-10.7899704-10.762200730909-10.795590790197-10.730744814924-10.780833333333-10.794493595506-10.773573760021"
"10205073172818132","10.766129429041-10.777698260699-10.777329760768-10.8171473-10.777698260699-10.777698260699-10.766129429041-10.772821261302-10.777698260699-10.777698260699-10.777698260699-10.777698260699-10.777698260699-10.777698260699-10.777698260699"
"10205166958160524","10.767313098301-10.813112038302-21.024166666667-10.8171473-10.767313098301"
"10205548979939908","10.78392654-10.7711897-10.729509080508-10.767003764258-10.730744814924-10.728783919759-10.813112038302-10.7769519588-10.766129429041-10.766129429041-10.7771196-10.772821261302-10.726910700135"
"10205683042099392","10.730852785315-10.730744814924-10.8585741-10.723758905799-10.72790167305"
"10205718333372740","10.766129429041-10.767313098301-10.767313098301-10.8171473-10.771507966836-10.767313098301-10.790258594234-10.779148221547"
"10205719556888440","10.7694-10.766129429041-10.777698260699-10.762200730909-10.775833333333-10.726910700135-10.7694-10.8066225-10.755595133788-10.77563-21.06324963-10.789192-10.791655570391-10.7829504-10.79423034573-10.808119400078"
"10206591154950032","10.766129429041-10.7899704-10.7940111-10.730852785315-10.730744814924-10.780833333333-10.7907801-10.813112038302-10.8171473"
"10206676763871176","10.766129429041-10.8171473-10.780833333333-10.766129429041-10.8171473-10.816874263333-10.8171473"
"10206769779817844","10.7843752-10.7694-10.729411608643-10.730744814924-10.780833333333-10.8171473-10.7929997-10.8171473-10.77688321548-10.727359179346"
"10206906030262832","10.779934425415-10.766129429041-10.767313098301-10.7711897-10.777537591563-10.729411608643-10.780833333333-10.813112038302-10.766129429041-10.766129429041-10.779148221547-10.7704268"
"10206931739944972","10.806337345686-10.730744814924-10.779934425415-10.8171473-10.75-10.779148221547"
"10206933236042764","10.7829504-10.7899704-10.8171473-10.726910700135-10.779492333935-10.723758905799-10.7837296-10.76612200006-10.7829504"
"10206940758694626","10.767313098301-10.7711897-10.767313098301-10.8171473-10.767313098301-10.767313098301-10.767313098301-10.767313098301"
"10206973584310896","10.766129429041-10.78392654-10.790258594234-10.767313098301-10.8171473-10.8171473-10.790258594234-10.76612200006-10.766129429041-10.790258594234"
"10207020555863952","10.7777824-10.779492333935-10.729411608643-10.730744814924-10.779492333935-10.803321980356-10.7694-10.79258767"
"10207127847588396","10.779934425415-10.7807903-10.771507966836-10.729263275524-10.78392654-10.78722-10.729509080508-10.8171473-10.8585741-10.8009071-10.772277371056-10.719959234777-10.772393308507-10.766129429041-10.8171473-10.816874263333-10.772821261302-10.8171473"
"10207132453048284","10.768915165541-10.768915165541-10.730852785315-10.7929997-10.723758905799-10.779148221547-10.77563-10.79423034573"
"10207251346258638","10.8171473-10.777329760768-10.780833333333-10.8171473-10.8171473-10.8171473-10.794493595506"
"10207808222461364","10.77474481135-10.768915165541-10.7694-10.729411608643-10.780833333333-10.7907801-10.8009071-10.8474672-10.819966714184-10.7843752-10.778132866053"
"10207898863450544","10.766129429041-10.7822027-10.7829504-10.7711897-10.7829504-10.730744814924-10.8171473-10.7769519588-10.7929997-10.723758905799-10.8171473-10.755595133788-21.06324963-10.8171473"
"10207918056730800","10.8171473-10.767313098301-10.767313098301-10.767313098301"
"10207933931007486","10.767313098301-10.767313098301-10.8171473-10.767313098301-10.8171473-10.766129429041-10.772821261302-10.790258594234-10.76612200006-10.8171473-10.767313098301-10.777698260699-10.767313098301-10.816938324444"
"10207963509542492","10.777537591563-10.763370132014-10.7829504-10.7940111-10.780833333333-10.8171473-10.755595133788-21.06324963-10.7829504"
"10208020264844684","10.7771196-10.766129429041-10.768915165541-10.777698260699-10.78392654-10.7711897-10.729411608643-10.771507966836-10.80534-10.779934425415-10.8171473-10.7769519588-10.741962426559-10.7929997-10.7694-10.8171473-10.81589517-10.816874263333-10.8171473-10.779148221547-10.8171473-10.772821261302-10.780855698549"
"10208059095264416","10.767313098301-10.8171473-10.7711897-10.767313098301-10.766129429041-10.772821261302-10.767313098301-10.767313098301-10.767313098301-10.772821261302-10.767313098301-10.7694-10.767313098301"
"10208078682148132","10.777537591563-10.7899704-10.7829504-10.780524473274-10.779934425415-10.79423034573-10.7899704-21.024166666667-10.773447283294-10.7829504-10.8171473-10.7843752-10.78071470058"
"10208234558489760","10.790258594234-10.8171473-10.816874263333-10.777698260699"
"10208238589109344","10.77014849532-10.7807903-10.775833333333-10.796220788824-10.76096798517-10.791722808333-10.78722-10.794553763104-10.730852785315-10.730744814924-10.780833333333-10.7907801-10.768005814299-10.726910700135-10.779492333935-10.803321980356-10.8009071-10.8554313-10.7694"
"10208420553861558","10.7829504-10.7829504-10.723758905799-10.7837296-10.816874263333-10.7677002-21.06324963-10.774620909332"
"10208430697551840","10.730744814924-10.780833333333-10.8585741-10.8050785-10.816874263333-10.755595133788"
"10208623231044876","10.766129429041-10.779788-10.7829504-10.729411608643-10.779934425415-10.780833333333-10.8171473-10.779148221547"
"10208700531257840","10.7694-10.775833333333-10.730744814924-10.8585741-10.803321980356-10.779492333935-10.7694-10.7677002"
"10208734314814326","10.7694-10.78392654-10.790258594234-10.767313098301-10.7929997-10.8171473"
"10209519409279776","10.785859280932"
