eventId,start_time,during_time,latitude,longitude
407965239373341,48,3.0,10.870628935757,106.78988917542
1215320585149804,48,3.0,10.6894693524,106.594483955
534708873350828,47,3.0,10.812988747084,106.6719353199
1530136120643016,110,4.0,10.760667435185,106.6631312394
1617910321803458,56,3.0,10.812470749412,106.69434841735
1642998415970980,45,2956.0,10.7771196,106.6994095
1059918304040852,57,3.0,10.793926639648,106.70818894991
609445715860145,56,33.0,10.80640357,106.67654755
122286908135599,57,8.0,,
523608244484258,61,3.0,,
423555677848446,8,5.5,,
505817212923414,57,2.0,10.7835903,106.684227
484435615060571,63,3.0,10.75,106.66667
410356192507154,66,3.0,10.795621055586,106.67643070221
587580811382483,67,3.0,9.42861,105.749
1647213525551952,66,1.5,10.7819004,106.6968613
1232287183454381,67,3.0,10.793926639648,106.70818894991
1192029400810636,67,3.0,10.7677898,106.6586761
1658388237753858,67,3.0,10.779934425415,106.70304728673
942354169169687,69,3.0,10.777698260699,106.70481190705
1574244779504289,72,3.0,10.7694,106.682
1667371076875337,56,33.5,10.77014849532,106.69241100724
1654600748150652,78,3.0,10.7887602,106.7035599
533714410128929,79,2.0,10.775846082642,106.70316181982
710550929046509,80,33.0,10.7694,106.682
453667674816044,79,9.5,10.791655570391,106.70059578034
1026266517404863,80,109.0,10.7632256,106.6759262
947821865304797,81,276.0,,
937517256296015,78,293.0,10.741848,106.7157059
1646169172322185,81,3.0,10.78267,106.6953964
444907082386350,86,3.0,10.786163198234,106.69770701599
614073462063699,88,2.0,10.7915602,106.7002487
1514772282153569,56,8.5,10.7807903,106.6988678
991910604185166,90,3.0,10.771507966836,106.70405848694
1513489878975889,90,3.0,10.771507966836,106.70405848694
721688537965587,67,219.0,10.8171473,106.7296753
1648912038721600,91,3.0,10.714840625129,106.72946533074
760571560721186,96,3.0,10.870628935757,106.78988917542
1676521435919011,92,147.0,10.779934425415,106.70304728673
184749731865323,103,3.0,10.9724544993,106.4875549078
1674089026164377,93,3.0,10.7771196,106.6994095
758027511009337,55,22.0,10.7694,106.6819
1124651970893393,104,3.5,10.7736902,106.6986313
1491009331203182,104,9.0,10.75,106.66667
874835075904840,68,3.0,10.766129429041,106.70763201883
1637400096532178,105,3.0,10.775833333333,106.7015
1509727612672601,106,3.0,10.870628935757,106.78988917542
448725071997866,104,2.0,10.799526065,106.7104479275
1681847088719406,107,3.0,10.796220788824,106.6722132054
955677217858409,107,3.0,10.742874189728,106.73519596294
1219579281404698,110,3.0,10.77474481135,106.70077253668
143833032638833,110,3.0,10.7997398,106.6744995
1929229167303058,117,3.0,10.359095226154,105.53852675846
516133081895453,112,3.0,10.850861157711,106.76642417908
643591252450462,114,3.0,10.776127118745,106.68803669254
778725858916053,114,3.0,10.7803984,106.7035141
1233002830058921,114,3.0,10.7647495,106.6818237
527385800759438,63,99.0,10.764627840446,106.79328430398
436888249849609,114,3.0,10.7843752,106.6961517
1113119658705635,109,1.5,10.936852850417,106.24865475125
834368140009548,113,3.0,10.7716551723,106.701789995
1516210642033578,114,2.5,10.7822027,106.6972809
1703776966504174,114,2.75,10.768915165541,106.7014299221
156832861335620,117,266.5,10.771507966836,106.70405848694
890499470985621,120,3.0,11.788506294109,108.23596164908
1001675233186478,120,3.0,10.7455769,106.6587982
102512316777907,120,3.0,,
665950596841543,116,3.0,10.777698260699,106.70481190705
1513123622338097,120,3.0,10.834505810199,106.72888333101
432421033631860,135,3.0,10.762564081912,106.69417289453
764835670294999,104,3.0,10.76096798517,106.68227894974
614363315369846,120,3.0,10.7881501017,106.666382281
1671816919707903,118,3.0,10.7713666,106.6509649
121618681526413,121,12.0,10.033333333333,105.78333333333
1515279382098467,120,2.0,10.799526065,106.7104479275
1717644918454984,121,1.0,10.816875630593,106.68154547889
569504093201752,126,3.0,10.780191491457,106.65526404766
896603930394641,128,3.0,10.799035336071,106.71871479071
1640096556245126,120,27.0,9.9473877599049,105.8726335599
893606694056340,128,3.0,10.78834742004,106.62485821093
1713321348901216,123,3.0,10.8505058,106.7655182
1659631944249503,128,230.0,10.760667435185,106.6631312394
657218281047472,128,3.0,,
1513308675646827,129,3.0,10.780775419592,106.68613586022
747512258710442,121,3.0,10.811886978201,106.67582354828
959117420830082,129,3.0,10.832853281113,106.76699664825
725186570948209,128,3.0,10.845383969758,106.76723128255
1662150460691759,135,3.0,10.774424038189,106.69659959959
177454309268293,135,1.0,10.785848310596,106.69379654164
1048873735132107,136,3.0,10.804917269151,106.7171691246
131672773858515,137,3.0,10.88657466668,105.78823896226
137344333288686,137,3.0,10.793436966834,106.64775673986
451889378329612,136,3.0,10.729263275524,106.69489410451
189465291389771,131,3.0,10.75,106.66667
1097659073578691,136,221.5,10.761462708631,106.66337497014
1522441931403370,138,4.0,10.775483896073,106.70404717534
428599100683903,138,3.0,10.79247660797,106.63050331698
1523248904661093,138,3.0,10.7603424853,106.669321959
1500362113591255,139,173.0,10.8171473,106.7296753
878757162239970,132,3.0,10.8672510677,106.590079912
871565706285002,140,3.0,10.790258594234,106.69894492325
541361516018697,140,194.0,10.8171473,106.7296753
625905840883347,142,3.0,10.767313098301,106.70713766289
662646320504428,143,219.0,10.1731105,106.1017526
1506351686359278,149,36.5,10.811886978201,106.67582354828
426995257494915,137,2.0,10.7829504,106.7047577
1633955313522594,150,3.0,10.7154715,106.6313525
906639566051815,152,21.0,10.8488503,106.7737198
856704631068589,152,3.0,10.773370292485,106.66001498062
425460684316190,152,4.0,10.7891064,106.7109985
441839982667436,152,192.0,10.78322577,106.69111664667
115510352145960,152,3.0,10.8066225,106.713295
489393957905197,152,4.0,10.781205500709,106.68571436457
347861952089823,152,13.0,10.785859280932,106.70283202505
957690017644113,152,33.0,10.836245967548,106.70881032944
1490950977872749,153,3.0,10.802968007277,106.72930662667
190853124587106,152,27.0,10.836245967548,106.70881032944
564979970316422,153,3.0,10.7694,106.682
428507854007363,153,2.0,10.8129225,106.7161179
425697107630544,153,2.0,10.7903566,106.67379
470419469805037,154,3.0,10.75,106.66667
519596338203092,155,3.0,10.765541919847,106.67850094469
902590899823566,155,3.0,10.77719,106.62716
497590827067110,155,3.0,10.7694,106.682
1642763619333249,156,6.0,,
1465104253792971,157,28.0,10.7899704,106.7022018
942502089120677,112,3.0,21.01124483185,105.84945089507
921413567927314,157,3.0,10.832976752274,106.66460844656
522359454596124,162,3.0,10.7829504,106.7047577
116156808747985,158,3.0,10.7890902,106.6987991
492973564196201,153,14.0,10.7829571025,106.68816763083
928724040521264,159,3.0,10.767009837608,106.68780966473
1489661418004369,159,3.0,10.7844439,106.7025299
1650760668536515,157,3.0,10.7694,106.682
1688942238016353,160,3.0,10.799057735756,106.75155504417
464495213732121,159,5.0,10.797690545493,106.71578443662
142489732775742,161,3.0,10.804019,106.6852646
712009595602015,153,226.5,10.7694,106.682
1497648553868189,162,3.0,10.800089932476,106.72483179996
1660552524216133,157,3.0,10.833248422669,106.6640573066
751407828337966,162,3.0,10.797690545493,106.71578443662
461298460744205,162,3.0,10.758847635223,106.6260587616
161856760820431,162,3.0,10.787594544051,106.6961178457
519657721535128,162,3.0,10.8003845,106.6522903
1649574428587670,162,3.0,10.780855698549,106.70060044635
1653992801547099,164,3.0,10.784932328478,106.69902420618
922971211103579,164,2188.0,10.771507966836,106.70405848694
1484609308508052,163,27.0,10.844890332328,106.7573735832
427989960731914,140,18.0,10.791722808333,106.65384453997
925268004218508,165,5.0,10.777329760768,106.70410661004
560898460680498,0,3.0,,
1024404200913038,165,3.0,10.779788,106.7075272
714537595342870,166,3.0,10.767313098301,106.70713766289
138442933178492,5,3.0,10.6564173,107.04198612
752454968193582,6,3.0,10.889957244272,106.7603364671
979805182080949,1,2.5,10.75,106.66667
977812568945998,2,10.0,10.801555428539,106.61765917017
1691900327712119,6,3.0,10.842019791377,106.78894842566
959430884093900,7,3.0,10.7348385,106.7309647
1652058751713806,8,10.0,,
830956830352088,8,3.0,10.776888888889,106.70080555556
1641671362774614,8,3.0,10.7694,106.682
419239658279508,8,3.0,10.768408836744,106.69155938067
919436231437882,8,3.0,10.7893047,106.6367874
958954417448605,8,56.5,10.7781801,106.6964569
1528758890748931,8,3.0,10.806337345686,106.68779625368
165288087155118,8,3.0,10.7701492,106.6924667
420982094765037,8,3.0,,
920532884705447,8,3.0,,
703531249746900,9,5.0,10.796295486392,106.67310598334
1523381281314094,9,3.0,10.772029089565,106.68923608697
168187676864960,9,3.0,10.776888888889,106.70080555556
1521483178178527,9,2.0,10.7903566,106.67379
1476923892615259,10,3.0,10.86103083,106.79755784
595595830581398,9,11.0,10.768915165541,106.7014299221
403409569850856,13,4.0,,
790249844433787,8,3.0,10.7932501,106.6797943
883542348401279,14,1.5,10.7711945,106.6580658
1629369573996369,15,3.0,10.8095717,106.7046696
420322011496986,15,8.5,10.8171473,106.7296753
1517804545199422,18,3.0,10.727773538831,106.71933129717
921743211214812,14,609.8333333333334,10.7903566,106.67379
1618375311754579,146,3.0,10.808119400078,106.70286708101
703513213082071,14,2883.0,10.7771196,106.6994095
1094343180578474,13,3.0,10.759035015164,106.66527454547
738929422917199,24,3.0,10.7694,106.682
295802357281978,24,3.0,10.350907684286,106.42737283
920834441318402,24,3.0,9.7617887123077,105.60617078462
1715978725289059,31,5.5,,
638776259596185,34,1.0,10.784932328478,106.69902420618
758722094239535,37,3.0,10.75,106.66667
892525794172238,38,5.5,10.7844439,106.7025299
1648464892085939,38,5.5,,
1667176276899761,40,2.0,10.777747462188,106.69307215881
1713200985567912,41,3.0,,
551919804971896,41,125.0,10.808919285811,106.73345281553
187063218296622,66,267.0,10.7712402,106.6896973
1735264416705550,42,3.0,10.78322577,106.69111664667
1512561949058442,54,3.0,10.7825041,106.667038
489124871259892,57,55.5,10.80675370607,106.7127814232
1679792062266373,65,3.0,10.327973671429,105.77333041714
326413324149212,42,3.0,10.765942902456,106.67423232269
1635747950032736,8,11.0,10.7777824,106.6811295
738555442944145,56,4.0,10.777537591563,106.7034455236
818042981641643,66,125.0,11.306662775611,106.12858561386
1634227493510358,66,2.5,10.7990656,106.6881027
171310586551342,69,3.0,10.799666584879,106.68500501433
192791977720069,65,120.0,10.803333333333,106.68972222222
199849900347668,66,3.0,,
1640423019530882,80,32.5,10.803220545549,106.69272883653
557425051079579,65,4.0,10.7844439,106.7025299
1652546251661088,90,2.0,10.785720748033,106.66729028639
1502150523415752,80,4.0,10.763370132014,106.67917191982
1054725234546881,90,2.5,10.7829504,106.7047577
566175580204077,91,3.0,10.772892704165,106.70339631109
785083881617402,92,3.0,10.772971993709,106.70325279236
1708577069371002,103,75.0,10.7638102,106.6490097
963139843743501,104,3.0,10.78722,106.6867828
521083401394520,104,3.0,10.78722,106.6867828
918871914872024,105,3.0,10.721,106.6846
1691219434441644,103,3.0,10.819966714184,106.7232360037
430795103770759,109,4.5,10.776406017273,106.70323161522
725340260922835,113,3.0,10.787594544051,106.6961178457
714237438711761,113,3.0,10.732723982941,106.70860254412
2147949678679083,88,5.0,10.766129429041,106.70763201883
1650607558527327,115,2.0,10.806337345686,106.68779625368
600827433383056,120,3.0,10.831816731798,106.67423738206
415560751901803,127,3.0,10.75,106.66667
524628811027230,123,37.5,10.803220545549,106.69272883653
424468137738057,80,3.0,10.7899704,106.7022018
134546073570468,128,32.5,10.803220545549,106.69272883653
1649728361965138,123,3.0,21.024714788521,105.78857619609
917775454980540,132,3.0,10.7694,106.682
945572608838012,135,68.0,10.7797878,106.7075298
405973212925585,135,68.0,10.779769167698,106.7072831744
1609901435893322,139,3.0,9.8333333333333,106.25
1675390636081561,139,1.5,10.80237679518,106.73732246175
1136662996361958,136,28.0,,
141783372845728,141,3.0,10.777698260699,106.70481190705
487623601362936,141,3.0,10.78392654,106.68439116
1730971613793176,144,3.0,10.74954699802,106.70106632844
437640613108386,144,3.0,10.795869849384,106.65389070668
730257527106351,151,34.0,10.8309774,106.6909943
1656182334649628,152,3.0,10.779767505632,106.66382958608
1052432584796601,152,3.0,10.755595133788,106.69050920894
1017664094920484,141,3.0,10.781373055482,106.70011027527
631984013611089,152,3.0,10.78722,106.6867828
942145629156651,152,6.5,10.828863253333,106.70519849333
429444030594966,154,2.0,10.75,106.66667
1709706062594865,144,3.0,,
432613713591087,159,3.0,10.79982875,106.70218844333
398686067005910,154,180.0,10.7711897,106.6943283
441028849432114,160,75.0,10.7694,106.682
934528249967335,153,12.5,10.7829504,106.7047577
505404526303554,90,3.0,10.75,106.66667
1520074744979126,160,3.0,10.805823589645,106.62157519531
1633865473528494,161,3.0,10.75,106.66667
1638960129727035,162,2.5,,
770446929732029,163,3.0,10.777537591563,106.7034455236
205069976491491,0,3.0,10.747036861202,106.63578701154
1612031022392197,0,3.0,10.76421879069,106.65761179494
1489867771318674,0,3.0,10.839361214161,106.64625989416
180347198968408,165,3.0,10.790258594234,106.69894492325
959475154113973,5,3.0,10.7774496,106.6644058
1050129005007402,13,3.0,10.762250582494,106.66825038646
1521719851485619,164,3.0,10.777698260699,106.70481190705
1077965492215167,7,3.0,10.8049818,106.6611395
1006657816062381,6,3.0,10.779492333935,106.6992957846
1494651544163641,7,4.5,10.833641635469,106.65038104754
1495218810806969,7,3.0,10.762200730909,106.64913793909
1643381175903642,7,3.0,10.7694,106.682
1516517512002547,7,99.5,10.806138,106.6286697
1676329352608101,8,4.0,10.794553763104,106.67784619184
1634811676806312,8,3.0,10.7694,106.682
549192808571431,8,5.0,10.7451714837,106.6478339
958768017523015,8,3.0,10.7694,106.682
141981386160261,8,3.0,10.7220697,106.6111374
686788534789771,8,3.0,10.7572603,106.6861496
1517636418547610,7,3.0,10.762200730909,106.64913793909
764871663617846,8,3.0,10.781350975218,106.66980028152
136599536699616,9,3.0,10.7730331,106.7043381
913726102016230,17,2.0,10.780867161366,106.70594676208
465988266906746,7,3.0,10.787764669388,106.69358937319
1027014540663777,21,3.0,10.7694,106.682
491548331013231,20,51.5,10.786747676749,106.70509726977
297183720488226,24,3.0,10.7694,106.682
573130449507448,39,3.0,10.7694,106.682
192475747754735,14,3.0,10.7829504,106.7047577
1749003568652441,31,3.0,10.852438693872,106.63799089615
927482667335264,36,3.0,10.791863499259,106.67411808185
784365538375859,37,2907.0,10.8413191,106.7852783
1624751154441454,36,3.0,10.8045349,106.7093582
520105564831146,37,2.0,10.80675370607,106.7127814232
476987945841463,42,3.0,10.75,106.66667
1164280260255705,153,14.0,10.7903776,106.7098236
749308238456704,48,3.0,10.293201855393,105.97672124403
551504168321268,51,3.0,10.780775419592,106.68613586022
1643527149195696,57,3.0,10.74969865,106.5854794
1407347539559829,48,3.0,9.9898740649224,105.75203418732
1509742802677307,57,55.5,10.80675370607,106.7127814232
1013876188632714,61,2547.0,10.7916098,106.7024231
1490608407901635,63,3.0,10.758093141193,106.68474658203
543887232441917,72,3.0,10.795590790197,106.65482121754
1676527785950631,72,3.0,,
906260389439210,81,80.0,10.7951965,106.6553726
877417562306505,72,3.0,10.795590790197,106.65482121754
995025613883488,8,9.0,10.729411608643,106.6950871708
375660865925286,24,3.0,10.7694,106.682
1671070769775735,91,2.0,10.780867161366,106.70594676208
1537877016467620,96,3.0,10.7694,106.682
423433421147044,105,3.0,10.7694,106.682
531100767048013,105,314.0,,
414057348785375,81,27.0,10.729509080508,106.69324462937
1676106492658615,105,32.0,10.7730331,106.7043381
1645651059017140,113,2.0,10.771507966836,106.70405848694
471379523018564,114,3.0,10.7940111,106.6806717
615871358550565,120,3.0,10.74307296,106.68630415
857622540975972,81,80.0,10.730852785315,106.72197311559
932318536854763,132,3.0,10.7694,106.682
394713817404679,114,2.0,,
177405102602025,134,3.0,10.7694,106.682
1624545187788362,145,40.0,10.784353675246,106.68145883296
1659305187682471,145,531.0,10.776136903282,106.69253483938
780757758717315,153,3.0,10.797690545493,106.71578443662
975449605847497,136,3.0,10.767003764258,106.70736002973
927075350720723,151,27.0,10.80049326,106.66244984
1043281959036382,151,26.0,10.7548972622,106.662824061
816406775135427,152,35.0,10.720371452938,106.70146316414
463277210521995,151,3.0,9.774976144098,105.45838594437
737090809728395,152,34.0,10.77877128763,106.70636264325
103101450054306,152,35.0,10.720371452938,106.70146316414
1649497315327916,152,35.0,10.720371452938,106.70146316414
1398181920473000,152,3.0,10.779288450166,106.68307222528
1479367552373148,152,20.05,10.80534,106.73616
103780789985311,153,3.0,,
1118925088119512,153,3.0,10.780524473274,106.68817578305
1658552184361587,152,33.5,10.775833333333,106.7015
1722593361302843,158,2.0,10.806337345686,106.68779625368
916219201805250,158,4.5,10.7699318,106.7057571
406829072835666,81,80.0,10.730744814924,106.72180771764
1052922628086084,163,3.0,10.803987196572,106.73539745265
494764264037412,154,6.0,10.779934425415,106.70304728673
466879526822781,0,3.0,10.7694,106.682
1573780222895939,0,3.0,10.7815676,106.6972961
454615604712551,24,3.0,10.7694,106.682
204623723202537,32,254.0,,
189292908073143,17,3.0,10.766841865,106.70070527
1163434467004393,43,3.0,10.790258594234,106.69894492325
916336945113988,9,2931.0,11.0968904064,106.263168779
546487338833694,79,4.0,10.85157868,106.7721379375
704974412941071,81,3.0,11.0968904064,106.263168779
475090992616222,105,3.0,10.7694,106.682
1623749834542763,96,3.0,10.728783919759,106.72381019257
509073795927959,108,3.0,10.7694,106.682
528961267266179,116,3.0,,
1021954607820116,120,3.0,10.90423318665,106.77014997332
917672741659862,132,3.0,10.7694,106.682
905008766246226,160,6.0,10.780833333333,106.75694444444
980751665296335,127,4.5,,
931978370186855,134,3.0,10.7907801,106.705658
863622240425067,135,3.0,10.767009837608,106.68780966473
182639612078173,138,3.0,10.805812795616,106.75143820838
538279132989832,128,33.0,10.768005814299,106.69215903458
878190755634253,138,3.0,10.809975767152,106.73130973053
926958700717655,134,3.0,10.7694,106.682
583936238376872,144,3.0,10.772056035797,106.65770991516
758846707577663,141,3.0,10.767313098301,106.70713766289
440080242853908,144,3.0,10.7229881,106.6101303
122319864779198,155,4.0,10.7694,106.682
545198285638570,112,3.0,10.813112038302,106.84798991
716738678430703,152,3.0,10.7712402,106.6896973
934165203347159,153,32.0,,
850447408407557,154,3.0,10.791248306578,106.69713842921
184165651924959,159,24.0,10.793698981475,106.66922151925
492947734199590,0,3.0,10.769231658959,106.68802004046
482838738558603,159,31.0,10.8171473,106.7296753
1041025602630712,12,3.0,10.7694,106.682
499466390227177,152,3.0,10.7154715,106.6313525
986720544699750,61,3.0,10.8552694,106.6387939
1022795431076237,63,3.0,10.7694,106.682
1575644286052765,72,3.0,10.7694,106.682
407782336098134,83,3.0,10.754866934655,106.66573171477
800959500015561,120,3.0,10.767009837608,106.68780966473
1514442105515513,137,3.0,10.757177526955,106.71207187414
491058557709091,135,68.0,10.7844439,106.7025299
143078432716580,153,108.0,10.795590790197,106.65482121754
1507447266249110,8,8.0,10.775833333333,106.7015
473150462862448,144,3.0,10.7972546,106.6236649
493719907454733,138,3.0,,
133798883645899,152,110.0,10.795590790197,106.65482121754
1477651862560133,152,36.0,10.729411608643,106.6950871708
420033614863551,152,82.0,10.7694,106.682
529715233844807,153,3.0,10.7818051727,106.69685943794
910435195709879,153,3.0,,
1483723631934208,17,6.5,10.7769519588,106.68970151
909977732412511,153,3.0,10.7818051727,106.69685943794
144182839271602,153,3.0,10.7818051727,106.69685943794
1728490300705380,153,3.0,10.7818051727,106.69685943794
785704494885887,167,12.0,10.861421666667,106.70527
1813491758875082,0,3.0,10.7694,106.682
1017645984963730,8,3.0,10.799289589969,106.68004735184
886332521400247,48,3.0,10.75,106.66667
1444459055845708,48,3.0,10.776888888889,106.70080555556
441629796036509,66,3.5,10.7837296,106.6946564
1518755158444609,80,33.0,10.7694,106.682
109223046104807,84,3.0,10.882639623959,106.78192044153
587786681361995,105,84.0,10.8585741,106.7607056
1086846144821179,96,3.0,10.303677401831,105.64927177455
1609606759307344,96,3.0,10.8468866408,106.664245127
1637955923126632,96,3.0,10.7739725,106.6529465
476644089188378,91,24.0,10.590213243487,107.05547776856
702565309845208,107,3.0,10.770369413884,106.69426716586
533757046777974,106,3.0,10.75,106.66667
1651687241722923,111,5.5,10.7844439,106.7025299
517405015102215,114,186.0,10.798709934646,106.67075057559
1651302205118023,114,28.5,10.7318602,106.7094879
511667155662904,111,3.0,10.7694,106.682
1695189700704438,120,3.0,10.7694,106.682
778775782233602,120,3.0,10.7902498,106.6888809
1109735015724943,135,3.0,10.7955226856,106.681639145
1067367756630256,140,3.0,10.10523392,106.083098195
157307111289538,150,16.0,10.726910700135,106.71979033289
105244439839828,141,3.0,10.7694,106.682
549779155166061,144,3.0,10.7694,106.682
1393066937666974,144,3.0,10.7694,106.682
893238854063197,143,3.0,10.7897234,106.6596985
1517252088592543,162,3.0,10.7694,106.682
890966060986998,153,107.0,10.795590790197,106.65482121754
1648052285418189,158,3.0,10.803321980356,106.68441398812
608762552594198,162,3.0,10.803321980356,106.68441398812
682401445211994,0,3.0,10.772056035797,106.65770991516
799758883446991,0,3.0,10.7694,106.682
1723582064530645,14,2.0,10.759035015164,106.66527454547
317636008438940,24,3.0,10.772056035797,106.65770991516
777733555669023,42,3.0,10.780775419592,106.68613586022
549806141786714,48,3.0,10.772056035797,106.65770991516
553707154776476,7,3.0,10.779492333935,106.6992957846
666152926826113,72,3.0,10.772056035797,106.65770991516
455637751283813,66,3.0,10.803321980356,106.68441398812
611788072227233,96,3.0,,
766149570092158,144,3.0,10.866755814657,106.74074470996
858613124201123,96,3.0,10.772056035797,106.65770991516
1621475224798262,96,3.0,10.7694,106.682
627086837420379,96,3.0,10.7841091,106.6842346
1416812195287218,96,3.0,10.7694,106.682
1006655669363320,96,3.0,10.7694,106.682
734615973287616,96,3.0,10.772056035797,106.65770991516
1557137024539335,96,3.0,10.780323,106.6637878
715990218523326,96,3.0,10.780904105563,106.70021161168
1529443567324530,162,3.0,10.784902890161,106.69366214502
930911803642892,96,3.0,10.7555257091,106.614527334
874334249323234,153,3.0,10.741962426559,106.69495011742
542668749205988,144,3.0,10.73012121984,106.72070283579
441498779325043,120,3.0,10.772056035797,106.65770991516
892649937474491,96,3.0,10.7918901,106.6956863
1586233194942926,120,3.0,10.769657113333,106.55324670667
1030531373658886,123,3.0,10.797690545493,106.71578443662
1171526676197953,120,3.0,,
317189101814039,144,3.0,10.7694,106.682
1482282252076913,152,206.0,10.752183472518,106.6683934368
598584746950848,9,3.0,10.80110986,106.69806307
906401222748379,13,3.0,10.75950582733,106.6902742472
1507055316276857,41,3.0,10.757177526955,106.71207187414
1059847834033875,68,555.0,10.77429999,106.70495656
1044168592280224,131,3.0,10.833641635469,106.65038104754
1628876144040385,135,69.0,10.7797878,106.7075298
795999260515174,114,3.0,10.803321980356,106.68441398812
1002359466476664,156,32.0,10.766129429041,106.70763201883
186513501688889,8,9.0,10.75,106.66667
1502326910082235,10,79.0,10.7935896,106.6893463
910059795737600,90,3.0,10.8009071,106.6754532
1714914705410262,96,3.0,10.7769528807,106.684396047
1053742441317347,116,52.0,10.7769528807,106.684396047
885456288229270,117,123.0,10.7782297,106.7032776
985219994862772,154,36.0,10.766129429041,106.70763201883
189186581416344,129,3.0,12.91991765,108.3780133
914116092001142,12,4.5,10.8554313,106.6241884
1654035388177889,19,3.0,10.768691126163,106.65757266552
349727385234129,72,3.0,10.811356611694,106.59324184601
856326114423518,102,3.0,10.3489802184,106.542494272
806269369499422,135,813.0,10.775483896073,106.70404717534
772348176227890,154,199.0,10.769444444444,106.7
983628185032105,128,60.0,10.7694,106.682
251869954937136,0,3.0,10.818888888889,106.65194444444
1665348500389983,13,3.0,,
686337388133063,80,172.0,10.7694,106.682
677952745575695,96,3.0,10.7850428,106.6506958
311946042319623,131,3.0,9.9845770531067,106.09495692752
425263714300648,0,3.0,10.0333,105.783
1930019240555872,9,3.0,10.7739725,106.6529465
1162044413810114,162,3.0,10.766129429041,106.70763201883
370674639782111,24,3.0,10.7397486956,106.708359632
1424740364485812,24,3.0,,
1631815650411669,24,3.0,10.7903204,106.688797
623228254478204,36,158.0,10.7694,106.682
1418156208490191,120,3.0,10.7694,106.682
1553142954964659,120,3.0,10.739981551046,106.69821629816
1689973021220788,120,96.0,10.799666584879,106.68500501433
860589890663853,7,3.0,10.96254,106.35658
1576931092550349,96,3.0,10.75,106.66667
858729077518633,72,3.0,10.7694,106.682
850998744998117,135,69.0,10.775483896073,106.70404717534
1416902065270485,113,23.0,10.325486813324,105.83902135445
1572972479649356,0,3.0,10.7694,106.682
373398742850800,48,3.0,10.7694,106.682
1421845771460533,24,3.0,10.7694,106.682
1642044482711178,57,56.0,10.730852785315,106.72197311559
126357494383048,58,55.0,10.730852785315,106.72197311559
329153510607777,96,3.0,10.35,107.067
795736280537475,144,3.0,10.7694,106.682
1591204524467956,0,3.0,10.7829157809,106.67448782
411775655692658,13,3.0,10.77970930295,106.69981054193
812682272086879,24,3.0,10.797111738152,106.65750360419
543655185782549,57,81.0,10.730852785315,106.72197311559
1712599092297446,72,3.0,10.790583123849,106.62060112334
630508290397731,80,246.0,10.7694,106.682
1640326062879659,57,122.0,10.729762249729,106.72477507064
171967523146277,127,55.5,10.74954699802,106.70106632844
1508347219459135,135,69.0,10.775483896073,106.70404717534
1447016085626611,24,3.0,10.796318947675,106.67309344835
839734952772833,0,3.0,10.7694,106.682
747217715377016,48,3.0,10.7694,106.682
378390335701887,107,2.0,10.7636929,106.6512604
792202657568490,138,3.0,10.7694,106.682
769324746530708,153,13.0,10.808919285811,106.73345281553
456397041180766,96,3.0,10.7694,106.682
1554149761526946,96,3.0,10.7694,106.682
450414055140293,0,0.21666666666666667,10.759583317746,106.69849984932
1576762399242827,120,3.0,10.7694,106.682
862381883844596,24,3.0,10.7838202,106.7017593
183019255366144,0,3.0,10.7694,106.682
1709368572623324,0,3.0,10.75,106.66667
753293361453061,144,3.0,10.7694,106.682
567729483375642,164,75.0,10.7707958648,106.67215703
1661429304135978,29,2143.0,,
450914271753952,0,3.0,10.7881308,106.6508179
357110697825406,0,3.0,10.765383262356,106.67676637019
1109265265750628,82,55.0,10.7694,106.682
468976873302611,106,80.0,10.7827902,106.6870804
833345673438906,129,1294.5,11.02540667,106.38671333
1628495450764448,19,65.5,10.7694,106.682
1526178380956987,94,3.0,10.341608606598,106.12185097153
380347925486339,32,3.0,10.788347825368,106.69570949108
411662922360897,115,3.0,10.7929997,106.7110663
995780907108446,25,1440.0,10.7694,106.682
518441461667242,32,610.0,10.80534,106.73616
1405085129821337,96,3.0,10.75,106.66667
112111622465252,120,3.0,10.7694,106.682
879336822135979,24,3.0,10.7694,106.682
821734807875372,72,3.0,10.799119444217,106.629963529
1024496687595216,0,3.0,10.7694,106.682
913224282097618,7,5.0,10.760572056977,106.66291686279
744861738966999,129,2168.0,10.843969873675,106.61664962769
665696516910156,144,3.0,10.8474672,106.7708851
1630899993845932,144,3.0,10.8474672,106.7708851
1650385801882211,113,1.0,10.75,106.66667
1683213978558267,0,3.0,,
699151403519233,24,3.0,10.7694,106.682
1540264042922446,66,3.0,9.7451892396009,106.52151495165
1037960696235584,72,3.0,10.0748888512,106.153828886
1420029494955927,48,3.0,10.775345650833,106.66416525926
631160783635286,72,3.0,10.7850428,106.6506958
363622793827197,144,3.0,10.7694,106.682
1478733555721515,0,3.0,,
970517972971787,0,3.0,10.772056035797,106.65770991516
377343082472299,0,3.0,10.772056035797,106.65770991516
1038807126146881,72,3.0,10.772056035797,106.65770991516
747267515322948,144,3.0,10.7694,106.682
762694833838359,0,3.0,10.772056035797,106.65770991516
361826890689198,128,177.0,,
802887543069782,120,3.0,10.79258767,106.690557775
287222901477269,72,3.0,10.976102075233,106.71787345734
860089147410653,96,3.0,10.772056035797,106.65770991516
889333704435896,96,3.0,10.772056035797,106.65770991516
1471093743154778,144,3.0,10.75,106.66667
812616372150574,24,3.0,10.795495589442,106.69599040222
1605198789712780,25,3.0,10.795495589442,106.69599040222
1423288451328061,10,2952.0,10.7694,106.682
508147322683858,128,3.0,10.79258767,106.690557775
729294240471925,120,3.0,10.769444444444,106.68194444444
1125994854093275,48,3.0,10.772056035797,106.65770991516
1684432251784679,72,3.0,10.772056035797,106.65770991516
309900579193118,96,3.0,10.7694,106.682
1603681763223750,96,3.0,10.75,106.66667
800361323357823,122,3.0,10.795495589442,106.69599040222
1607843346160408,24,3.0,10.770303203538,106.70418538076
1647507122170549,32,156.0,10.797913712459,106.64089067849
316245211867985,48,3.0,10.75,106.66667
1498653180428945,143,3.0,10.772476625237,106.65832042694
1647218358887857,143,3.0,10.772476625237,106.65832042694
439107936255724,0,3.0,10.7694,106.682
1623594147896348,35,3.0,10.772223670809,106.65883541107
1635825589968063,57,3.0,10.772223670809,106.65883541107
721833651225261,72,3.0,10.769444444444,106.68194444444
914371738641561,104,3.0,10.772056035797,106.65770991516
1668040043419742,128,3.0,10.772056035797,106.65770991516
129355694077723,152,3.0,10.772056035797,106.65770991516
1710191665869677,152,3.0,10.772476625237,106.65832042694
943504395690735,8,3.0,10.772056035797,106.65770991516
438095433040852,48,3.0,10.7694,106.682
627449497386383,96,3.0,10.769210337942,106.69975407323
887518494614947,96,3.0,10.808119400078,106.70286708101
1444541289196810,4,27.0,10.795495589442,106.69599040222
117378128624899,81,3.0,10.7768402,106.685997
792890704063677,72,3.0,10.4,106.117
796693227022765,72,3.0,10.75,106.66667
787658807995214,96,3.0,10.776888888889,106.70080555556
463742797039474,120,3.0,10.7694,106.682
1517096175214904,0,3.0,10.7694,106.682
290760277789958,8,987.0,10.755866501679,106.64238913727
621984551194427,140,2211.0,10.7694,106.682
867583593280476,72,3.0,10.803333333333,106.68972222222
2041985399273774,152,3.0,10.85273993605,106.62949347406
344774822319519,32,3.0,10.7694,106.682
460279074035746,48,3.0,10.7694,106.682
1641371822768449,167,3.0,10.7640430633,106.646629081
973469002664833,53,2.0,10.767565579008,106.69259710261
865239423567345,0,3.0,10.7694,106.682
692439370844720,72,3.0,10.808119400078,106.70286708101
184997641682726,24,3.0,21.009424846495,105.82889849117
372325806279445,48,3.0,10.733854679875,106.70987653264
420215758086722,120,3.0,,
372317512952581,120,3.0,10.831787042277,106.67427041417
387390881440218,120,3.0,10.0333,105.783
1405303876431734,115,2211.0,,
881823155217992,48,3.0,10.7694,106.682
549364008450423,120,3.0,10.7694,106.682
1560166957556972,55,3.0,10.8066225,106.713295
886142568130408,65,3.0,10.7694,106.682
814878391921378,96,3.0,10.7694,106.682
289702337887148,96,3.0,9.285,105.724
1612875455654015,26,355.0,10.75,106.66667
558254014314406,0,3.0,10.888654227786,106.77792720227
250309228458366,72,3.0,10.7782297,106.7032776
423717384415158,163,3.0,10.777132298941,106.69980096946
761192977359465,72,3.0,10.75,106.66667
1736551943239729,81,3.0,10.7316599,106.7000809
1570871956490704,86,21.0,10.7228561584,106.70432849797
1666441663584627,72,3.0,10.75,106.66667
939497092798943,89,21.0,10.75,106.66667
905689322853637,161,6.916666666666667,10.804019,106.6852646
170397459977822,89,3.0,10.786177063028,106.64353584808
928651557224644,90,3.0,10.840110387052,106.64900706568
496036427268213,90,3.0,10.801144417231,106.65750606728
1638603683071537,91,1.5,10.786776699514,106.70510203067
525586757605679,115,2.0,10.808919285811,106.73345281553
939849736108849,92,3.0,10.790258594234,106.69894492325
317331685104220,92,2.0,10.781456784107,106.69410979075
692497527518304,93,5.0,10.7771196,106.6994095
147933212231456,86,2.0,10.874420983149,106.79841756821
166964040323247,102,327.0,10.795969,106.6394043
902310349847187,108,251.75,10.771507966836,106.70405848694
1653688341538912,106,27.5,10.782293468536,106.70536723559
963826993656703,110,3.5,10.79423034573,106.71903735585
531123497045760,113,6.0,10.7815475,106.6998291
638266769648820,114,3.0,10.778616976189,106.69129653645
1651946085088278,114,4.0,10.775483896073,106.70404717534
489692841197214,105,47.0,10.723758905799,106.72028048706
558200800993681,114,3.0,10.766995898406,106.7011231184
502407396600024,115,3.0,10.790258594234,106.69894492325
728667207277026,115,3.0,10.7694,106.682
886099961445115,93,3.0,10.772277371056,106.70199855042
864041886997217,116,5.0,10.772821261302,106.70473966781
1523121838001924,118,3.0,10.767313098301,106.70713766289
1185663778130472,125,1.5,10.753842394284,106.68284527939
527372894095943,132,3.0,10.802785057777,106.66506678571
181005068915906,128,4.0,10.7827902,106.6870804
1690758604502588,128,2.5,10.8777,106.802
1115755325103483,129,3.0,10.75,106.66667
840096532780434,132,2.0,10.7844439,106.7025299
147114455645070,137,2.0,10.784932328478,106.69902420618
114129678945593,138,3.0,10.7899704,106.7022018
420452458155967,138,3.0,10.7929325,106.6767273
929996930426373,138,3.0,10.77563,106.6883392
1495643027398937,116,24.0,21.024166666667,105.85777777778
1151740234853898,140,3.0,10.790258594234,106.69894492325
1678424979065826,147,35.0,10.793835984512,106.66317146073
1510017685963283,150,27.0,10.660204542205,106.85665970168
311755245655422,116,3.0,10.8171473,106.7296753
509992435843792,151,29.0,10.660204542205,106.85665970168
1549983025247178,152,3.0,10.7508945,106.6242218
1521939228125097,151,33.5,10.7701492,106.6924667
1495816200713532,152,9.0,,
984026495003597,152,9.0,10.752024806941,106.61949616394
592475197557492,152,34.0,10.790572142,106.68172176667
1651999351736898,66,3.0,,
1049794151708209,153,3.0,10.7878103,106.6969528
1723028394595042,153,3.0,,
1481083745533238,153,36.0,10.7806563719,106.70663340759
192596887742760,153,6.0,10.8050785,106.7365646
1727916837436720,153,2.5,10.806337345686,106.68779625368
741573269308723,153,6.0,10.8050785,106.7365646
1672166549701268,153,3.0,10.7837296,106.6946564
183580841988156,154,3.0,10.7903566,106.67379
1676855795934448,153,36.0,10.787859,106.696373
410271959178819,154,3.0,10.7856503,106.6930771
705312679603964,156,10.0,10.794960714911,106.67857839176
129972500699489,150,2.0,10.8413191,106.7852783
1525089304475624,159,3.0,10.781836791009,106.68620570374
1519010425083454,160,6.0,10.792443534352,106.63191140342
448681385319878,161,3.0,10.714489331958,106.72973920659
746524912158195,161,3.0,10.098517998189,106.47764259666
1638389173109087,162,3.0,10.78322577,106.69111664667
1483806378592848,161,3.0,10.760562188506,106.64205386114
727351294066130,162,3.0,10.7679796,106.69664
1641444309454295,157,2.5,10.780325565833,106.70411726917
1539218623005421,163,2.0,10.7903566,106.67379
1626927544222999,163,3.0,10.7980404,106.6414795
963246437103211,163,5.0,10.7713804,106.6887207
1521068511540029,165,6.0,,
918815728153625,2,3.0,10.793835984512,106.66317146073
199405303727652,166,3.0,10.767313098301,106.70713766289
1492874717709061,5,3.0,10.765384027681,106.69402466359
554380491387541,6,6.0,10.757445188796,106.6653771157
1647784098809527,162,3.0,10.75,106.66667
867754930012766,7,6.0,10.7856302,106.7033615
540286862788351,7,3.5,10.80288639,106.71572151
1655847518026959,8,3.0,10.7694,106.682
197327703937350,8,3.0,10.8013144,106.6559067
928409903911002,8,7.0,10.7728902724,106.655665759
1629460350652117,8,4.0,10.7916555,106.7183914
555949701234891,8,3.0,10.78322577,106.69111664667
506299802880406,8,3.0,10.757258320774,106.68628231622
1018082681585838,8,12.5,10.83517,106.63948
533717493449855,9,3.0,10.8066225,106.713295
439904049551763,9,3.0,10.773421258283,106.69760676039
407571132769856,9,3.0,10.778148417252,106.69301749212
1705848732980878,9,3.0,10.765942902456,106.67423232269
1516099898705226,11,3.0,10.7942429,106.6632309
1656788981261051,9,3.0,10.802967616955,106.70167668533
1518472738468607,14,3.0,,
654461881357842,11,3.0,10.7856302,106.7033615
1222058461147926,15,3.0,10.841087386943,106.59981935942
1677137379195108,15,3.0,10.7685204,106.6792297
962375430501761,15,336.0,10.721595303042,106.71171079013
559294150884982,16,3.0,10.9685001,106.4858017
1521727101485445,17,1.0,10.719959234777,106.70079259775
921247657930940,19,336.0,10.726910700135,106.71979033289
1651991358358984,32,3.0,10.754269043266,106.66465279062
1696580997242512,18,3.0,10.760978525335,106.66851385307
438894969641721,42,3.0,10.7810602,106.6933136
496623987186051,42,19.0,10.783209763927,106.6966324762
1652886671626434,41,17.0,,
1719877178240884,61,3.5,10.7556,106.6629
400098013518097,56,3.0,10.8584,106.7631
182579205421953,65,1.5,10.785546649484,106.70309289169
533649503465344,66,3.0,10.7908001,106.6996613
435322593338815,67,1.5,10.7787399,106.7048264
1706173342932599,67,4.5,10.779934425415,106.70304728673
965011166870264,81,78.0,10.795590790197,106.65482121754
901441069942273,82,31.0,10.729411608643,106.6950871708
775340979147675,0,3.0,10.7694,106.682
104739873227552,90,2.5,10.781373055482,106.70011027527
732668420104638,96,3.0,10.912801269844,106.768760934
915555705185172,114,52.0,10.7844439,106.7025299
989215157823834,115,2.0,10.808919285811,106.73345281553
1181828128499301,90,2.5,10.80640357,106.67654755
844647615632924,130,7.0,10.729185287723,106.69357575592
1526832960967465,116,3.0,10.790258594234,106.69894492325
945773412167164,133,195.0,10.7762613,106.7034607
1487338478240415,142,3.0,10.767313098301,106.70713766289
981889315202456,152,3.0,10.806077824021,106.66213421323
919883004725577,84,3.0,10.7730503,106.693573
185119101830875,153,3.0,10.7747803,106.7033081
134204513609045,158,5.0,10.773278596056,106.70602634292
1508923892768261,157,3.5,10.7548972622,106.662824061
1507499536214730,162,4.0,10.781598652254,106.6878247261
182047475468283,19,3.0,10.7694,106.682
1532926813694297,166,3.0,10.767313098301,106.70713766289
468807196637000,8,3.0,10.78322577,106.69111664667
973042492757521,9,3.0,10.7837599774,106.687420147
738541012946372,11,10.0,10.820096,106.7260284
1519188885061886,19,3.0,10.811224,106.7116394
426286864233621,20,3.0,10.7694,106.682
1640768362814765,158,5.0,10.773278596056,106.70602634292
1640441632884917,44,3.0,10.772393308507,106.69890864563
1534172186874420,129,3.0,10.7730331,106.7043381
1679693232317526,57,3.0,10.7741203,106.7059784
1674987226048875,18,3.0,10.766129429041,106.70763201883
1043554092355578,129,3.0,10.7730331,106.7043381
513269075506031,89,3.0,10.75,106.66667
1632060023722646,105,31.0,10.7629805,106.6824799
1035314519836199,57,108.0,10.773447283294,106.69424160194
1621361011463261,58,3.0,10.812470749412,106.69434841735
1674692909412629,123,3.0,10.7694,106.682
1686890481593187,138,3.0,10.776127118745,106.68803669254
505814529591768,114,3.0,10.790258594234,106.69894492325
516654305161658,140,3.0,10.8171473,106.7296753
1530259643962493,152,3.0,10.755610301074,106.69060412708
843714479079121,152,24.0,10.889174720429,106.82437254073
1552412775048787,158,3.0,10.754866934655,106.66573171477
736325763177454,158,2.0,10.806337345686,106.68779625368
162141244138436,161,4.5,10.833641635469,106.65038104754
993550154026187,163,3.0,10.7906771,106.672905
922981211110550,48,3.0,,
1505314403101681,8,3.0,10.78322577,106.69111664667
1284046531620841,12,3.0,10.7694,106.682
503013489880764,66,3.0,10.776127118745,106.68803669254
2111249605680682,140,3.0,10.76612200006,106.70758258023
503683439801590,153,4.0,10.81589517,106.72802696
745393205572443,135,3.0,10.767009837608,106.68780966473
1703998466479897,149,2.5,10.780325565833,106.70411726917
778607978933665,145,2.5,,
617788491694733,10,8.5,10.816874263333,106.72984182833
928894690519883,153,3.0,10.7818051727,106.69685943794
1014810091916125,153,3.0,10.7818051727,106.69685943794
322719451185700,153,2.5,10.75,106.66667
1196963383666646,157,3.0,9.54443157398,105.57784289
1708970406004977,133,5.0,10.755595133788,106.69050920894
143844432640742,162,3.0,10.729458797101,106.72176687014
1516028465387070,158,3.0,10.7694,106.682
140964029594460,2,5.0,10.83338704402,106.74330730711
1650885058527739,15,3.0,10.7694,106.682
451702801686804,19,3.0,10.509491192222,107.19651946188
196339154035041,87,4.0,10.7318602,106.7094879
1511611085832695,98,12.5,10.802161199891,106.73995545934
543875712442279,110,3.0,10.7694,106.682
185859111756213,110,3.0,10.7694,106.682
1656401337951247,153,12.0,10.779973522098,106.70682529841
172015596484680,115,3.0,10.801776742088,106.71506627274
433643840174870,134,3.0,10.7694,106.682
1526600467663466,135,3.0,10.7694,106.682
500423840117190,134,3.0,10.7694,106.682
1642191769376008,156,3.0,10.7694,106.682
963606073713590,8,2.0,,
1006126902778254,14,3.0,10.7694,106.682
830806940365171,14,3.0,10.7694,106.682
736854409753137,159,315.0,10.8171473,106.7296753
1185739131454038,104,3.0,10.731776556254,106.70738639548
1058521250847143,38,3.5,10.7776642,106.6915436
1621002981483264,120,3.0,10.78322577,106.69111664667
546511775497792,124,315.0,10.776888888889,106.70080555556
1642038106013042,90,2.0,10.808119400078,106.70286708101
453886348128558,24,3.0,14.2691105,109.1575435
1075252359181865,129,319.0,10.7694,106.682
483455978483118,10,3.0,10.775967031518,106.6940911056
913202995427226,14,3.0,10.8036156,106.7210388
1661242774134560,106,3.0,10.784618187806,106.66802465916
1529728530676755,164,5.0,9.9242118522758,106.35380085558
944906258916704,81,108.5,10.773224708039,106.69328159847
940016226073543,32,1434.0,10.80534,106.73616
1659661840956158,80,110.0,,
555065451317943,87,3.0,10.7694,106.682
171696766513692,159,20.0,11.334771720832,105.89999529834
192597301083272,81,51.0,10.7694,106.682
136941413335064,9,3.0,10.7726402,106.7049713
1640299296249931,126,3.0,10.7695704,106.7017136
805936946171777,128,3.0,10.7695704,106.7017136
1638293353104889,56,3.0,10.8056831,106.6780243
1520378681616309,158,195.0,10.7694,106.682
1528311744146761,41,167.91666666666666,10.802785057777,106.66506678571
463930303805709,54,303.0,10.824478654535,106.77611334991
986456478078557,56,276.5,10.75,106.66667
637763486326266,57,3.0,10.76839,106.69512
1654326954816284,52,3.0,10.758190932857,106.66595141125
979761405403606,63,3.5,10.798152448728,106.66913880777
1659170661026981,63,3.0,10.75,106.66667
1510567955909044,57,3.0,10.77575491212,106.70338059091
423850587821938,66,3.0,10.7891259,106.6962035
503234193169664,111,3.0,10.738611111111,106.72638888889
941536949250740,67,3.0,10.7677898,106.6586761
923304757761862,60,3.0,10.802785057777,106.66506678571
1016878174999794,70,315.0,10.79457,106.7010498
446234268895916,66,3.0,10.765942902456,106.67423232269
1300065630019579,68,3.0,10.790258594234,106.69894492325
1484603061846426,72,3.0,10.8063702,106.7116655
1616257998636516,76,3.0,10.781583844447,106.6976211853
1632099843710739,81,3.0,10.796889451938,106.65606374841
1667516100192564,81,2.0,10.773488440823,106.70003414154
1159030577448377,81,78.5,10.743099861667,106.6830840125
1269087456450623,84,3.0,10.8096294,106.6782608
1087612831273155,90,458.0,10.778775069374,106.68957455826
1653260184922609,93,3.0,10.777698260699,106.70481190705
567115560108934,104,3.0,10.7694,106.682
436004849930354,82,2.5,10.801776742088,106.71506627274
1524682541185172,104,158.0,10.787540368818,106.70159954742
1528507317470530,114,3.0,10.77688321548,106.69817908478
197446043924959,114,2.5,10.77688321548,106.69817908478
182401922107555,114,2.5,10.8001338,106.6815263
1647685948816343,117,3.0,10.777698260699,106.70481190705
1489600091342084,113,23.983333333333334,,
1147721275255613,120,3.0,10.8278275,106.6757126
1635667590055386,114,3.0,10.7829504,106.7047577
1527444727569728,121,63.983333333333334,10.740139898199,106.65564997864
1004501272934293,125,1.0,10.757289056046,106.6649165365
1717752625120818,129,200.0,10.7799597,106.7036972
520514754791299,135,5.0,10.799057735756,106.75155504417
147122932314782,90,2.0,,
858874757559077,137,49.5,10.777747462188,106.69307215881
1709634665938326,141,3.0,10.777698260699,106.70481190705
1245920382101712,152,38.0,10.781608166192,106.69771298045
1108946245804839,152,3.0,10.776317583781,106.69223729358
1660504720886715,126,6.75,10.779148221547,106.69565677643
523399524503134,152,3.0,10.78322577,106.69111664667
951818681522660,152,3.0,10.780024002615,106.69474585724
478515825661630,152,2.5,10.77563,106.6883392
497474997090416,153,3.0,10.7878103,106.6969528
1654656524793572,153,3.0,10.7548504,106.6564331
1651077358490304,152,6.0,10.7750301,106.69841
758281127610735,155,0.5,10.7676897,106.6969528
964558963605182,154,36.0,10.72790167305,106.71813203764
521058938061840,157,5.0,10.7878704,106.7029114
511804775649731,134,3.0,10.8068469617,106.63438665959
1670500086530536,158,3.0,10.7723155,106.7040522
547834262048687,159,3.0,10.776125051474,106.68727704056
175717846112495,153,32.0,10.777747462188,106.69307215881
515513515294126,157,22.5,10.7623720542,106.682422003
1033124196708995,163,1.75,10.789491355269,106.66447253057
1254733711210840,165,3.0,10.777698260699,106.70481190705
880625092051974,0,3.0,10.8304377,106.7747803
1229112313782698,166,3.0,10.782853210143,106.70531167299
427718597425292,6,3.0,10.73918240875,106.70040222875
134970850201139,8,3.0,10.854592237133,106.76681144905
1522705568048224,7,4.0,10.804019,106.6852646
506193636215894,8,3.0,10.7709636,106.6969735
938212972880621,13,3.0,10.846117924,106.793949221
431581403704434,15,3.0,10.8095717,106.7046696
1021939417856219,30,576.0,10.7694,106.682
1048580948520263,163,3.5,10.7827902,106.6828308
570911803060678,160,3.0,10.714489331958,106.72973920659
1699526300334531,67,4.983333333333333,10.779934425415,106.70304728673
148665628826112,48,96.0,10.7694,106.682
1643882742553367,81,108.0,10.795590790197,106.65482121754
441791196018550,14,2.0,10.794629850425,106.65364089422
1913467532211684,42,3.0,10.7628403,106.6936188
875491222558206,81,108.0,10.795663625,106.654713825
1521978201451195,96,3.0,10.75,106.66667
147836405575804,115,2.0,10.806337345686,106.68779625368
1105684389456261,75,107.0,10.795590790197,106.65482121754
112055882496156,117,3.0,10.767313098301,106.70713766289
147543952268126,126,327.0,10.7915001,106.6986618
1663241800631364,128,13.0,21.0333,105.85
1485905395049069,152,37.5,10.75,106.66667
1661302524107965,153,3.0,10.754786114454,106.64347811413
1525581344429548,153,34.0,10.777747462188,106.69307215881
939638432739841,150,36.0,10.8488503,106.7737198
1631223837143296,158,3.0,10.7799597,106.7036972
564214203736354,164,3.0,10.772821261302,106.70473966781
796359963823801,90,2.0,10.7677002,106.6963425
863818937066030,164,3.0,10.777698260699,106.70481190705
931755086907392,13,1.0,10.786692605721,106.69990136463
1862289050664286,166,3.0,10.767313098301,106.70713766289
1636419359964472,18,3.0,10.881902533101,106.76727278998
1903560073203000,16,3.0,10.8171473,106.7296753
615529688584925,21,3.0,10.793776733239,106.68078124523
206982252968387,32,277.0,10.77283,106.6807175
1524146437896753,56,3.0,10.7685099,106.69292
909342335818912,56,3.0,10.7504063,106.7357178
1097491116941832,57,55.5,10.80675370607,106.7127814232
1049885751717830,67,4.983333333333333,10.779934425415,106.70304728673
684094101690679,92,3.0,10.775345471802,106.70401425112
1623894431205037,144,13.5,11.0029983,106.4248797
1087227407978907,153,3.0,10.7818051727,106.69685943794
1097525770265879,152,9.0,10.860573905,106.69490278
811739372281195,2,3.0,10.741318629633,106.6859802085
191603491180441,154,3.5,10.7750425,106.7040176
1195426057139585,8,3.0,10.78722,106.6867828
210616589269733,1,267.0,10.7694,106.682
1685457638407711,9,9.0,10.777649278,106.66513074367
1701251846786746,9,14.0,10.806337345686,106.68779625368
1712903448943953,158,3.0,10.7841666667,106.703611111
795615873894893,57,56.0,10.795671784286,106.73397454571
904360302946503,152,9.0,10.792438,106.711407
1710798212475019,155,3.0,10.765216231125,106.68217479537
497540377073623,139,3.0,10.781373055482,106.70011027527
1022059251192311,0,4.5,10.760766316667,106.63130525222
693708780763158,17,4.0,10.753842394284,106.68284527939
1531702013811551,20,3.0,10.8411922,106.7852173
471985069655963,115,3.0,10.781373055482,106.70011027527
1633215753600006,128,3.0,10.782822462184,106.68082251024
316165041841133,130,3.0,10.797680268077,106.71548129063
622805614525410,14,70.0,10.764306929827,106.69186200258
1084051461628235,86,70.0,10.764306929827,106.69186200258
194438797565243,95,3.0,10.8061275,106.7352066
1090461880986834,128,3.0,10.777762283239,106.68236516915
699502706817410,145,46.0,10.781583844447,106.6976211853
1015853445139298,14,70.0,10.764306929827,106.69186200258
148966468795177,14,3.0,10.816938324444,106.72993509444
108134606222077,147,3.0,10.782691978546,106.64221780319
165949957093452,88,216.0,10.790102806176,106.63360991998
632343673535086,68,3.0,10.766129429041,106.70763201883
1045203018844119,14,70.0,10.764306929827,106.69186200258
201315583540331,110,6.0,10.778979023457,106.66352434754
141278542901395,14,70.0,10.764306929827,106.69186200258
186283245051572,86,70.0,10.764306929827,106.69186200258
906526716092147,5,4.0,10.74682256752,106.60165863424
519090021584170,56,10.0,21.06324963,105.90870925333
1203504226329979,48,10.0,9.9820215,106.47678448111
1514846838808883,86,70.0,10.764306929827,106.69186200258
520820201413981,14,70.0,10.764306929827,106.69186200258
1510672092560813,62,3.0,10.290382417681,105.76128021265
1542894519335025,86,70.0,10.764306929827,106.69186200258
1697241207153927,86,70.0,10.764306929827,106.69186200258
1075900679094831,14,70.0,10.764306929827,106.69186200258
775060535938975,57,56.0,10.730852785315,106.72197311559
744896578949787,74,27.0,10.398662567139,105.50444030762
697751497029151,7,3.0,10.7812042913,106.65988465602
959389974114381,79,3.0,10.77014849532,106.69241100724
522699517907896,81,3.0,10.7109113,106.6198327
1671093049797551,81,24.0,10.7835579,106.6908875
638700909606250,81,8.0,10.7694,106.682
1005999786129071,86,2.0,10.765614472069,106.68919134264
539873796161601,90,3.0,10.8050546,106.7417328
531156197048525,90,3.0,10.7750196,106.7041473
1000106890047849,90,2.0,10.777347060613,106.70667421438
1683796151836864,90,3.0,10.7713156,106.7024765
1648453092109468,90,2.0,10.777347060613,106.70667421438
388895911319530,91,3.0,10.777329760768,106.70410661004
1693365670899291,91,3.0,10.7822027,106.6972809
767175890075974,90,3.0,10.7546482,106.6417389
104319653272514,91,3.0,10.714840625129,106.72946533074
1530029940650750,92,3.0,10.790258594234,106.69894492325
816885561766653,101,1.0,10.753842394284,106.68284527939
979657385461665,103,3.0,10.781583844447,106.6976211853
1691391881106184,104,9.0,10.782606161821,106.6432226205
421119548091976,97,749.5,10.819966714184,106.7232360037
509067575934128,106,55.0,10.7548504,106.6564331
1505508989750013,96,984.0,10.7694,106.682
911255902304156,107,3.0,10.796220788824,106.6722132054
1233837203309392,107,3.0,10.7797878,106.7075298
1105613332795638,110,3.0,10.7997398,106.6744995
1213165988698115,97,70.98333333333333,,
1419793634991801,92,3.0,10.8171473,106.7296753
185658591781769,110,3.0,10.7694,106.682
1640260392905854,112,0.75,10.74332141,106.63491515
980247192019033,112,3.0,10.737977,106.7249069
1639903826263071,114,2.0,10.753842394284,106.68284527939
805947839515103,112,3.0,10.794493595506,106.68070414717
1499277143707015,114,3.0,10.7876301,106.696312
1625854811001049,114,2.0,10.7903776,106.7098236
1688084038103324,115,3.0,10.777243752372,106.69106841246
820001494809516,111,3.0,10.778579086399,106.66639924049
1668720313411815,115,1.5,10.773911031032,106.70483096313
1631392703787382,115,3.0,10.69461088708,106.58468951138
443004689237663,117,3.0,10.777698260699,106.70481190705
936818653073726,115,1.0,10.729451347451,106.70329029588
480125172148867,128,4.0,10.774620909332,106.70280163624
1647583882159262,128,4.0,10.7843752,106.6961517
559982230825313,128,3.0,10.87501557,106.80000072
726818964116377,129,47.0,10.468516908168,107.37357781859
171069349914286,115,3.0,10.77207330075,106.67391541154
1078098455568197,114,3.0,10.729649866797,106.70337684453
171906006496292,131,6.0,10.7694,106.682
1504836836482814,128,9.0,10.804150856204,106.65611311028
413282898874437,136,3.0,10.794205,106.6412045
331003723690353,131,4.983333333333333,10.7694,106.682
1748602092029489,130,59.0,10.7734679031,106.69263729
909612199075787,139,46.25,10.769518934128,106.67707108758
1225088244174418,141,3.0,10.772821261302,106.70473966781
1716643355237581,138,3.0,10.7347774,106.7039089
883565628424262,137,1.5,10.72910564,106.68816115
1709841822580169,141,3.0,10.781373055482,106.70011027527
785327294945736,141,3.0,10.777698260699,106.70481190705
1703068869909390,141,1662.0,10.772277371056,106.70199855042
421138411417519,150,3.0,10.138919016667,106.46396718333
538009549698975,152,3.0,10.833334,106.6711044
1661877344092892,152,16.0,10.75,106.667
1666026406977717,152,32.0,10.385702090338,106.6799641433
1646083315673798,152,14.0,10.731776556254,106.70738639548
522546991255308,138,3.0,10.7829504,106.7047577
1658659127707704,152,2.5,10.794701214516,106.6770017035
1008688415837165,152,3.0,10.7694,106.682
994106403980289,153,3.0,10.7903566,106.67379
102406670131023,153,2.0,10.786334,106.6874542
175544752795944,153,9.0,10.7722359,106.6257025
1677094069171219,152,34.0,10.660173396268,106.85642390883
1664578270493341,153,3.0,10.834085767133,106.7627120018
949599858452693,153,3.0,10.865177905855,106.65665471327
189594248051014,152,33.0,10.7297592,106.7164459
1720336314866386,153,3.0,10.7878103,106.6969528
726242387520415,143,3.0,10.293552840587,106.47682948421
981112258646565,155,3.0,10.78071470058,106.69005801642
194844427522325,155,3.0,10.78639,106.68959
1646887362265524,155,5.0,10.778833036855,106.6981254406
1651393238467022,155,3.0,10.7676897,106.6969528
820033921441172,155,3.0,10.76741,106.69676
911716662252390,153,3.0,10.773573760021,106.69719203186
513376695507303,153,3.0,10.806337345686,106.68779625368
634117280063183,157,30.0,10.7701101,106.7006302
1921892214701741,157,3.0,10.8579785,106.6944613
1529283920727903,159,3.0,10.803672707386,106.61420345306
155521954804183,159,99.0,10.7703304,106.686142
1711092932457167,159,3.0,,
453224584880383,161,5.0,10.797690545493,106.71578443662
991819960860931,157,3.0,10.833248422669,106.6640573066
1643242252615177,160,3.0,10.714489331958,106.72973920659
430264510431436,162,3.0,10.769843679907,106.63584721082
528346493994815,162,3.0,10.8488503,106.7737198
1224017744281840,161,4.0,10.765541919847,106.67850094469
938658272898644,162,5.483333333333333,10.780855698549,106.70060044635
947082921995712,157,3.0,10.789192,106.684784
625355450940673,163,3.0,10.775833333333,106.7015
1622506761345470,164,3.0,10.766231434599,106.69932707024
460003130868144,163,2.5,10.7770624,106.704361
334780440025834,8,3.0,10.7893047,106.6367874
420480534812726,8,3.5,10.7701492,106.6924667
1503101423317796,8,3.0,10.870842640759,106.7778512031
920688524675535,9,3.0,10.797576829595,106.72109375332
1482447828730941,9,3.0,10.779380091114,106.70213699341
1502149626747362,9,12.5,10.7724304,106.6703262
521250551370809,9,2.0,10.777345956551,106.68350100517
1490340894604128,10,2.5,10.780855698549,106.70060044635
153064995049216,13,3.0,10.7753,106.6902084
427117074150111,13,315.0,10.8114796,106.6966858
106101656428253,16,2.0,10.771507966836,106.70405848694
901019553315894,17,5.0,10.7802687,106.6767273
101507700221789,7,4.0,10.75,106.66667
1735242010041189,162,3.0,10.777603336811,106.7021118103
1496454080660492,21,3.0,10.777698260699,106.70481190705
489955701191791,31,3.5,10.857995,106.7632446
1681056058808309,17,4.0,10.727599639211,106.71904371941
1675111399400539,56,3.0,10.8324728,106.6670609
1548678642090619,42,3.0,10.791655570391,106.70059578034
1541964472761003,59,171.0,10.7694,106.682
524114234413107,66,3.0,10.795621055586,106.67643070221
890545864386215,17,4.5,10.779973522098,106.70682529841
909793182438987,66,3.0,10.7990656,106.6881027
923349974411842,79,2.0,10.77362892599,106.70556820547
1512043439095614,41,3.0,10.7807903,106.6988678
975643799174638,80,105.0,10.766901038794,106.63216352463
200344163638609,80,105.0,10.767180347565,106.63203477859
577616049054514,80,105.0,10.767238317277,106.63203477859
993685390724248,80,3.0,10.790009146667,106.64306596222
1522554584724939,90,2.5,10.7844439,106.7025299
903804406381619,90,2.0,10.778132866053,106.7038158335
1662531980693471,92,3.0,10.79034944127,106.68650631266
1527279477598573,105,3.0,10.8188858,106.6826782
422863371243414,115,2.0,10.768718611889,106.69334901186
805016126294455,123,57.0,9.95806,105.73957
177113679305241,113,2.5,10.777537591563,106.7034455236
737690166362787,128,34.0,10.79703642,106.67294835
1089433731068972,81,2.0,10.7835903,106.684227
1698245300413118,62,2.0,10.7807903,106.6988678
206548529678471,128,3.5,10.774620909332,106.70280163624
1120129624678935,128,8.5,10.77469,106.70266
147339502294639,138,2.25,10.7829504,106.7047577
837388036370614,148,29.0,10.470199058535,106.97536682796
522676277896778,152,3.0,10.75,106.66667
1502067896755875,152,12.0,10.7829504,106.7047577
1238900219460089,152,7.0,10.79423034573,106.71903735585
1008718879187726,152,3.0,10.780855698549,106.70060044635
1080101832022591,154,11.0,10.801274156643,106.61784755225
1669093976705822,159,3.0,10.781836791009,106.68620570374
1495322954096351,153,2.0,10.760524296444,106.66739702225
459541974254545,159,5.0,10.762162464812,106.69599056664
1711469435735314,162,3.0,10.765216231125,106.68217479537
1506262806335839,162,3.0,10.7829504,106.7047577
917274805030545,163,3.0,10.7825871,106.6719055
1509061466060315,5,3.0,10.7774496,106.6644058
183697085309052,166,3.0,10.767313098301,106.70713766289
783030535156575,8,3.0,10.410741419646,107.19989930306
799350986841746,8,3.0,10.768391590674,106.69440022279
1006129929430697,8,4.0,10.77384,106.7054291
937732546274120,8,5.0,10.77384,106.7054291
1529699710677553,8,3.0,10.790009146667,106.64306596222
155514448138170,9,3.0,10.7632256,106.6759262
959800754113122,153,11.0,10.72790167305,106.71813203764
480518935460461,8,3.0,10.7260599,106.7202988
1515722348739773,13,2.0,10.775967031518,106.6940911056
554030424752809,20,3.0,10.8297091,106.7762833
436574279865489,15,3.0,10.7827902,106.6828308
142982662732034,9,2.0,10.790583123849,106.62060112334
1188663951161863,42,3.0,10.780325565833,106.70411726917
140169443014693,46,3.0,10.791876070922,106.71271602343
1524356571207831,41,1.5,10.7807903,106.6988678
184893308521677,57,55.5,10.80675370607,106.7127814232
921057071321923,65,4.0,11.286773878407,106.13087805728
1638727446395384,82,3.0,10.767740138185,106.74532219585
1706072709611695,84,3.0,10.804077793964,106.6467065024
822508207860576,89,123.0,10.756895229883,106.65061198515
440095206191965,11,3.0,10.339491843346,107.07182413879
705772972857275,89,123.0,10.756895229883,106.65061198515
1800241690202920,90,3.0,10.7704268,106.7045288
765648916897324,102,209.98333333333335,10.7928829,106.7073212
1236728423009723,86,3.0,10.75,106.66667
1711617585735945,111,3.0,,
1568731703380247,90,3.0,10.779288450166,106.68307222528
977973752263335,116,3.0,10.751866,106.6684537
1629669343966047,117,3.0,10.7694,106.682
1492215341081260,140,3.0,10.767313098301,106.70713766289
987125698018665,153,99.0,10.3833333333,107.116666667
453671248150177,152,3.0,10.755595133788,106.69050920894
620328384774134,163,5.0,10.804019,106.6852646
972813846113398,166,3.0,10.767313098301,106.70713766289
518876151627416,8,4.0,10.794553763104,106.67784619184
1503998173229612,9,14.0,10.806337345686,106.68779625368
1524179781233855,71,3.0,10.7694,106.682
569444369873548,72,3.0,10.8022594,106.6262512
1528600380798014,72,27.0,10.808119400078,106.70286708101
780400798755139,77,24.0,10.033333333333,105.78333333333
1719620021592967,73,35.0,10.808119400078,106.70286708101
732493090213979,65,795.0,10.7531204,106.6610184
923120371113959,91,4.5,10.786776699514,106.70510203067
1657790201173694,108,3.0,10.7694,106.682
934638543238914,96,3.0,10.773741394188,106.70398235321
554566951363535,159,30.0,10.804634796667,106.75099489833
927752833964816,100,75.25,10.7694,106.682
1083813831630341,105,3.0,10.8193918,106.7004843
775442875894905,125,51.0,10.743845541042,106.7120894041
1704501296446038,127,12.0,10.75,106.66667
1658985797692211,120,11.0,10.7289382325,106.681259086
451632908367634,166,3.0,10.782853210143,106.70531167299
841494475971645,81,3.0,10.7902403,106.6992111
1648873718718374,84,3.0,10.7694,106.682
913343055412570,155,3.0,10.79177,106.6900482
111162075920992,12,3.0,10.777243752372,106.69106841246
907570112655758,40,31.0,10.769518934128,106.67707108758
1647815992172847,162,3.0,10.78327,106.69111
761539543951904,2,3.0,10.80849648,106.64492778
916825201718592,8,3.0,10.75202,106.67246
955987737813861,139,3.0,10.804790805609,106.73236115646
971329636266123,164,3.0,10.804934081429,106.71460183571
1104884302857406,2,3.0,10.245541312,105.976726912
1743389909222551,5,3.0,10.727359179346,106.72054156228
1534322700150621,24,3.0,10.7899669,106.6647218
1530342330623823,130,3.0,10.801555428539,106.61765917017
1702412593310789,8,7.0,10.74969865,106.5854794
967479826645765,1,3.0,10.7694,106.682
1223439964336368,93,3.0,10.764530540218,106.69080837441
917019075034839,62,3.0,10.7723155,106.7040522
248148268653602,105,3.0,10.7694,106.682
938468589557429,138,2.0,10.7769289,106.6908722
1670938526479440,154,202.0,10.7694,106.682
982290421810279,112,3.0,10.726910700135,106.71979033289
977637265608801,129,3.0,,
1527601337508454,72,3.0,10.791412983219,106.66977825687
1515953172065039,105,3.0,10.808119400078,106.70286708101
