eventId,startTime,endTime,latitude,longitude
407965239373341,2015-11-17T00:00:00+0700,,10.870628935757,106.78988917542
1215320585149804,2015-11-17T00:00:00+0700,,10.6894693524,106.594483955
534708873350828,2015-11-16T23:30:00+0000,,10.812988747084,106.6719353199
1530136120643016,2015-11-19T14:00:00+0700,2015-11-19T18:00:00+0700,10.760667435185,106.6631312394
1617910321803458,2015-11-17T08:00:00+0700,,10.812470749412,106.69434841735
1642998415970980,2015-12-07T21:00:00+0700,2016-04-09T01:00:00+0700,10.7771196,106.6994095
1059918304040852,2015-11-17T09:00:00+0700,,10.793926639648,106.70818894991
609445715860145,2015-11-17T08:30:00+0700,2015-11-18T17:30:00+0700,10.80640357,106.67654755
122286908135599,2015-11-17T09:00:00+0700,2015-11-17T17:00:00+0700,,
523608244484258,2015-11-17T13:00:00+0700,,,
423555677848446,2015-12-06T08:30:00+0700,2015-12-06T14:00:00+0700,,
505817212923414,2015-11-17T09:00:00+0700,2015-11-17T11:00:00+0700,10.7835903,106.684227
484435615060571,2015-11-17T15:00:00+0700,,10.75,106.66667
410356192507154,2015-11-17T18:00:00+0700,,10.795621055586,106.67643070221
587580811382483,2015-11-17T19:00:00+0700,2015-11-17T22:00:00+0700,9.42861,105.749
1647213525551952,2015-11-17T18:30:00+0700,2015-11-17T20:00:00+0700,10.7819004,106.6968613
1232287183454381,2015-11-17T19:00:00+0700,,10.793926639648,106.70818894991
1192029400810636,2015-11-17T19:30:00+0700,,10.7677898,106.6586761
1658388237753858,2015-11-17T19:00:00+0700,,10.779934425415,106.70304728673
942354169169687,2015-11-17T21:00:00+0700,,10.777698260699,106.70481190705
1574244779504289,2015-11-18T00:00:00-0800,,10.7694,106.682
1667371076875337,2015-11-17T08:30:00+0700,2015-11-18T18:00:00+0700,10.77014849532,106.69241100724
1654600748150652,2015-11-18T06:00:00+0700,2015-11-18T09:00:00+0700,10.7887602,106.7035599
533714410128929,2015-11-18T07:00:00+0700,2015-11-18T09:00:00+0700,10.775846082642,106.70316181982
710550929046509,2015-11-18T08:00:00+0700,2015-11-19T17:00:00+0700,10.7694,106.682
453667674816044,2015-11-18T07:30:00+0700,2015-11-18T17:00:00+0700,10.791655570391,106.70059578034
1026266517404863,2015-11-18T08:00:00+0700,2015-11-22T21:00:00+0700,10.7632256,106.6759262
947821865304797,2015-11-18T09:00:00+0700,2015-11-29T21:00:00+0700,,
937517256296015,2015-11-18T06:00:00+0000,2015-11-30T11:00:00+0000,10.741848,106.7157059
1646169172322185,2015-11-18T09:00:00+0700,,10.78267,106.6953964
444907082386350,2015-11-18T14:00:00+0700,2015-11-18T17:00:00+0700,10.786163198234,106.69770701599
614073462063699,2015-11-18T16:00:00+0700,2015-11-18T18:00:00+0700,10.7915602,106.7002487
1514772282153569,2015-11-17T08:00:00+0700,2015-11-17T16:30:00+0700,10.7807903,106.6988678
991910604185166,2015-11-18T18:00:00+0700,,10.771507966836,106.70405848694
1513489878975889,2015-11-18T18:00:00+0700,,10.771507966836,106.70405848694
721688537965587,2015-11-24T19:00:00+0700,2015-12-03T22:00:00+0700,10.8171473,106.7296753
1648912038721600,2015-11-18T19:00:00+0700,,10.714840625129,106.72946533074
760571560721186,2015-11-19T00:00:00+0700,,10.870628935757,106.78988917542
1676521435919011,2016-01-06T20:00:00+0700,2016-01-12T23:00:00+0700,10.779934425415,106.70304728673
184749731865323,2015-11-19T07:30:00+0700,,10.9724544993,106.4875549078
1674089026164377,2015-11-18T21:00:00+0700,,10.7771196,106.6994095
758027511009337,2015-11-17T07:00:00+0700,2015-11-18T05:00:00+0700,10.7694,106.6819
1124651970893393,2015-11-19T08:30:00+0700,2015-11-19T12:00:00+0700,10.7736902,106.6986313
1491009331203182,2015-11-19T08:30:00+0700,2015-11-19T17:30:00+0700,10.75,106.66667
874835075904840,2015-11-17T20:00:00+0700,,10.766129429041,106.70763201883
1637400096532178,2015-11-19T09:00:00+0700,,10.775833333333,106.7015
1509727612672601,2015-11-19T10:00:00+0700,,10.870628935757,106.78988917542
448725071997866,2015-11-19T08:00:00+0000,2015-11-19T10:00:00+0000,10.799526065,106.7104479275
1681847088719406,2015-11-19T11:00:00+0700,,10.796220788824,106.6722132054
955677217858409,2015-11-19T11:00:00+0700,,10.742874189728,106.73519596294
1219579281404698,2015-11-19T14:00:00+0700,,10.77474481135,106.70077253668
143833032638833,2015-11-19T14:00:00+0700,,10.7997398,106.6744995
1929229167303058,2015-11-19T21:00:00+0000,,10.359095226154,105.53852675846
516133081895453,2015-11-19T16:00:00+0700,,10.850861157711,106.76642417908
643591252450462,2015-11-19T18:00:00+0700,,10.776127118745,106.68803669254
778725858916053,2015-11-19T18:00:00+0700,,10.7803984,106.7035141
1233002830058921,2015-11-19T18:00:00+0700,,10.7647495,106.6818237
527385800759438,2015-11-17T15:00:00+0700,2015-11-21T18:00:00+0700,10.764627840446,106.79328430398
436888249849609,2015-11-19T18:00:00+0700,,10.7843752,106.6961517
1113119658705635,2015-11-19T13:00:00+0000,2015-11-19T14:30:00+0000,10.936852850417,106.24865475125
834368140009548,2015-11-19T17:00:00+0000,,10.7716551723,106.701789995
1516210642033578,2015-11-19T18:30:00+0700,2015-11-19T21:00:00+0700,10.7822027,106.6972809
1703776966504174,2015-11-19T18:15:00+0700,2015-11-19T21:00:00+0700,10.768915165541,106.7014299221
156832861335620,2015-11-19T21:00:00+0700,2015-11-30T23:30:00+0700,10.771507966836,106.70405848694
890499470985621,2015-11-20T00:00:00+0700,,11.788506294109,108.23596164908
1001675233186478,2015-11-20T00:00:00+0700,,10.7455769,106.6587982
102512316777907,2015-11-20T00:00:00+0700,,,
665950596841543,2015-11-19T20:00:00+0700,,10.777698260699,106.70481190705
1513123622338097,2015-11-20T00:00:00+0700,,10.834505810199,106.72888333101
432421033631860,2015-11-20T15:00:00+0700,,10.762564081912,106.69417289453
764835670294999,2015-11-19T08:00:00+0700,,10.76096798517,106.68227894974
614363315369846,2015-11-20T00:00:00+0700,,10.7881501017,106.666382281
1671816919707903,2015-11-19T22:00:00+0000,,10.7713666,106.6509649
121618681526413,2015-11-20T01:00:00+0000,2015-11-20T13:00:00+0000,10.033333333333,105.78333333333
1515279382098467,2015-11-20T00:00:00+0000,2015-11-20T02:00:00+0000,10.799526065,106.7104479275
1717644918454984,2015-11-20T01:00:00+0000,2015-11-20T02:00:00+0000,10.816875630593,106.68154547889
569504093201752,2015-11-20T06:30:00+0700,,10.780191491457,106.65526404766
896603930394641,2015-11-20T08:00:00+0700,,10.799035336071,106.71871479071
1640096556245126,2015-11-20T00:00:00+0000,2015-11-21T03:00:00+0000,9.9473877599049,105.8726335599
893606694056340,2015-11-20T08:00:00+0700,,10.78834742004,106.62485821093
1713321348901216,2015-11-20T03:00:00+0000,2015-11-20T06:00:00+0000,10.8505058,106.7655182
1659631944249503,2015-11-20T08:00:00+0700,2015-11-29T22:00:00+0700,10.760667435185,106.6631312394
657218281047472,2015-11-20T08:30:00+0700,,,
1513308675646827,2015-11-20T09:00:00+0700,,10.780775419592,106.68613586022
747512258710442,2015-11-20T01:00:00+0000,,10.811886978201,106.67582354828
959117420830082,2015-11-20T09:00:00+0700,,10.832853281113,106.76699664825
725186570948209,2015-11-20T08:00:00+0000,,10.845383969758,106.76723128255
1662150460691759,2015-11-20T15:00:00+0700,,10.774424038189,106.69659959959
177454309268293,2015-11-20T15:30:00+0700,2015-11-20T16:30:00+0700,10.785848310596,106.69379654164
1048873735132107,2015-11-20T16:00:00+0700,,10.804917269151,106.7171691246
131672773858515,2015-11-20T17:00:00+0700,,10.88657466668,105.78823896226
137344333288686,2015-11-20T17:00:00+0700,,10.793436966834,106.64775673986
451889378329612,2015-11-20T16:30:00+0700,2015-11-20T19:30:00+0700,10.729263275524,106.69489410451
189465291389771,2015-11-20T11:00:00+0000,,10.75,106.66667
1097659073578691,2015-11-20T16:30:00+0700,2015-11-29T22:00:00+0700,10.761462708631,106.66337497014
1522441931403370,2015-11-20T18:00:00+0700,2015-11-20T22:00:00+0700,10.775483896073,106.70404717534
428599100683903,2015-11-20T18:00:00+0700,,10.79247660797,106.63050331698
1523248904661093,2015-11-20T18:00:00+0700,,10.7603424853,106.669321959
1500362113591255,2015-11-20T19:00:00+0700,2015-11-28T00:00:00+0700,10.8171473,106.7296753
878757162239970,2015-11-20T12:00:00+0000,,10.8672510677,106.590079912
871565706285002,2015-11-20T20:30:00+0700,,10.790258594234,106.69894492325
541361516018697,2015-11-20T20:00:00+0700,2015-11-28T22:00:00+0700,10.8171473,106.7296753
625905840883347,2015-11-20T22:00:00+0700,,10.767313098301,106.70713766289
662646320504428,2015-11-20T23:00:00+0000,2015-11-30T02:00:00+0000,10.1731105,106.1017526
1506351686359278,2015-11-21T05:30:00+0700,2015-11-22T18:00:00+0700,10.811886978201,106.67582354828
426995257494915,2015-11-20T17:30:00+0700,2015-11-20T19:30:00+0700,10.7829504,106.7047577
1633955313522594,2015-11-21T06:00:00+0700,,10.7154715,106.6313525
906639566051815,2015-11-21T08:00:00+0700,2015-11-22T05:00:00+0700,10.8488503,106.7737198
856704631068589,2015-11-21T08:00:00+0700,,10.773370292485,106.66001498062
425460684316190,2015-11-21T08:00:00+0700,2015-11-21T12:00:00+0700,10.7891064,106.7109985
441839982667436,2015-11-21T08:30:00+0700,2015-11-29T08:30:00+0700,10.78322577,106.69111664667
115510352145960,2015-11-21T08:30:00+0700,,10.8066225,106.713295
489393957905197,2015-11-21T08:30:00+0700,2015-11-21T12:30:00+0700,10.781205500709,106.68571436457
347861952089823,2015-11-21T08:00:00+0700,2015-11-21T21:00:00+0700,10.785859280932,106.70283202505
957690017644113,2015-11-21T08:30:00+0700,2015-11-22T17:30:00+0700,10.836245967548,106.70881032944
1490950977872749,2015-11-21T09:00:00+0700,,10.802968007277,106.72930662667
190853124587106,2015-12-05T08:30:00+0700,2015-12-06T11:30:00+0700,10.836245967548,106.70881032944
564979970316422,2015-11-21T09:00:00+0700,,10.7694,106.682
428507854007363,2015-11-21T09:00:00+0700,2015-11-21T11:00:00+0700,10.8129225,106.7161179
425697107630544,2015-11-28T09:00:00+0700,2015-11-28T11:00:00+0700,10.7903566,106.67379
470419469805037,2015-11-21T10:00:00+0700,,10.75,106.66667
519596338203092,2015-11-21T11:00:00+0700,2015-11-21T14:00:00+0700,10.765541919847,106.67850094469
902590899823566,2015-11-21T11:00:00+0700,,10.77719,106.62716
497590827067110,2015-11-21T11:00:00+0700,,10.7694,106.682
1642763619333249,2015-11-21T12:00:00+0700,2015-11-21T18:00:00+0700,,
1465104253792971,2015-11-21T13:00:00+0700,2015-11-22T17:00:00+0700,10.7899704,106.7022018
942502089120677,2015-11-19T16:00:00+0700,,21.01124483185,105.84945089507
921413567927314,2015-11-21T13:30:00+0700,2015-11-21T16:30:00+0700,10.832976752274,106.66460844656
522359454596124,2015-11-21T18:00:00+0700,2015-11-21T21:00:00+0700,10.7829504,106.7047577
116156808747985,2015-11-21T14:00:00+0700,,10.7890902,106.6987991
492973564196201,2015-11-21T09:00:00+0700,2015-11-21T23:00:00+0700,10.7829571025,106.68816763083
928724040521264,2015-11-21T15:00:00+0700,,10.767009837608,106.68780966473
1489661418004369,2015-11-21T15:00:00+0700,2015-11-21T18:00:00+0700,10.7844439,106.7025299
1650760668536515,2015-11-21T13:00:00+0700,,10.7694,106.682
1688942238016353,2015-11-21T16:00:00+0700,,10.799057735756,106.75155504417
464495213732121,2015-11-21T15:00:00+0700,2015-11-21T20:00:00+0700,10.797690545493,106.71578443662
142489732775742,2015-11-21T17:00:00+0700,,10.804019,106.6852646
712009595602015,2015-11-21T09:30:00+0700,2015-11-30T20:00:00+0700,10.7694,106.682
1497648553868189,2015-11-21T18:00:00+0700,,10.800089932476,106.72483179996
1660552524216133,2015-11-21T13:30:00+0700,2015-11-21T16:30:00+0700,10.833248422669,106.6640573066
751407828337966,2015-11-21T18:00:00+0700,,10.797690545493,106.71578443662
461298460744205,2015-11-21T18:00:00+0700,2015-11-21T21:00:00+0700,10.758847635223,106.6260587616
161856760820431,2015-11-21T18:00:00+0700,,10.787594544051,106.6961178457
519657721535128,2015-11-21T18:00:00+0700,,10.8003845,106.6522903
1649574428587670,2015-11-21T18:30:00+0700,,10.780855698549,106.70060044635
1653992801547099,2015-11-21T20:30:00+0700,2015-11-21T23:30:00+0700,10.784932328478,106.69902420618
922971211103579,2015-11-21T20:00:00+0700,2016-02-21T00:00:00+0700,10.771507966836,106.70405848694
1484609308508052,2015-11-21T19:00:00+0700,2015-11-22T22:00:00+0700,10.844890332328,106.7573735832
427989960731914,2015-11-20T20:00:00+0700,2015-11-21T14:00:00+0700,10.791722808333,106.65384453997
925268004218508,2015-11-21T21:00:00+0700,2015-11-22T02:00:00+0700,10.777329760768,106.70410661004
560898460680498,2015-11-22T00:00:00-0800,,,
1024404200913038,2015-11-21T21:00:00+0700,2015-11-22T00:00:00+0700,10.779788,106.7075272
714537595342870,2015-11-21T22:00:00+0700,,10.767313098301,106.70713766289
138442933178492,2015-11-22T05:00:00+0700,2015-11-22T08:00:00+0700,10.6564173,107.04198612
752454968193582,2015-11-22T06:00:00+0700,,10.889957244272,106.7603364671
979805182080949,2015-11-22T01:30:00+0000,2015-11-22T04:00:00+0000,10.75,106.66667
977812568945998,2015-11-22T02:00:00+0000,2015-11-22T12:00:00+0000,10.801555428539,106.61765917017
1691900327712119,2015-11-22T06:00:00+0700,2015-11-22T09:00:00+0700,10.842019791377,106.78894842566
959430884093900,2015-11-22T07:30:00+0700,,10.7348385,106.7309647
1652058751713806,2015-11-22T08:00:00+0700,2015-11-22T18:00:00+0700,,
830956830352088,2015-11-22T08:00:00+0700,2015-11-22T11:00:00+0700,10.776888888889,106.70080555556
1641671362774614,2015-11-22T08:00:00+0700,,10.7694,106.682
419239658279508,2015-11-22T08:00:00+0700,,10.768408836744,106.69155938067
919436231437882,2015-11-22T08:00:00+0700,2015-11-22T11:00:00+0700,10.7893047,106.6367874
958954417448605,2015-11-22T08:30:00+0700,2015-11-24T17:00:00+0700,10.7781801,106.6964569
1528758890748931,2015-11-22T08:30:00+0700,,10.806337345686,106.68779625368
165288087155118,2015-11-22T08:30:00+0700,2015-11-22T11:30:00+0700,10.7701492,106.6924667
420982094765037,2015-11-22T08:30:00+0700,,,
920532884705447,2015-11-22T08:00:00+0700,2015-11-22T11:00:00+0700,,
703531249746900,2015-11-22T09:00:00+0700,2015-11-22T14:00:00+0700,10.796295486392,106.67310598334
1523381281314094,2015-11-22T09:00:00+0700,2015-11-22T12:00:00+0700,10.772029089565,106.68923608697
168187676864960,2015-11-22T09:00:00+0700,,10.776888888889,106.70080555556
1521483178178527,2015-11-29T09:00:00+0700,2015-11-29T11:00:00+0700,10.7903566,106.67379
1476923892615259,2015-11-22T10:00:00+0700,,10.86103083,106.79755784
595595830581398,2015-11-22T09:00:00+0700,2015-11-22T20:00:00+0700,10.768915165541,106.7014299221
403409569850856,2015-11-22T13:00:00+0700,2015-11-22T17:00:00+0700,,
790249844433787,2015-11-22T08:00:00+0000,,10.7932501,106.6797943
883542348401279,2015-11-22T14:30:00+0700,2015-11-22T16:00:00+0700,10.7711945,106.6580658
1629369573996369,2015-11-22T15:00:00+0700,2015-11-22T18:00:00+0700,10.8095717,106.7046696
420322011496986,2015-11-22T15:00:00+0700,2015-11-22T23:30:00+0700,10.8171473,106.7296753
1517804545199422,2015-11-22T18:00:00+0700,,10.727773538831,106.71933129717
921743211214812,2015-12-06T14:00:00+0700,2015-12-31T23:50:00+0700,10.7903566,106.67379
1618375311754579,2016-02-20T02:00:00+0700,,10.808119400078,106.70286708101
703513213082071,2015-12-06T14:00:00+0700,2016-04-04T17:00:00+0700,10.7771196,106.6994095
1094343180578474,2015-11-22T13:00:00+0700,,10.759035015164,106.66527454547
738929422917199,2015-11-23T00:00:00+0700,,10.7694,106.682
295802357281978,2015-11-23T00:00:00+0700,,10.350907684286,106.42737283
920834441318402,2015-11-23T00:00:00+0700,,9.7617887123077,105.60617078462
1715978725289059,2015-11-23T07:30:00+0000,2015-11-23T13:00:00+0000,,
638776259596185,2015-11-23T10:00:00+0700,2015-11-23T11:00:00+0700,10.784932328478,106.69902420618
758722094239535,2015-11-23T13:30:00+0700,,10.75,106.66667
892525794172238,2015-11-23T14:30:00+0700,2015-11-23T20:00:00+0700,10.7844439,106.7025299
1648464892085939,2015-11-23T14:30:00+0700,2015-11-23T20:00:00+0700,,
1667176276899761,2015-11-23T16:30:00+0700,2015-11-23T18:30:00+0700,10.777747462188,106.69307215881
1713200985567912,2015-11-23T17:00:00+0700,,,
551919804971896,2015-11-23T17:00:00+0700,2015-11-28T22:00:00+0700,10.808919285811,106.73345281553
187063218296622,2015-12-15T18:00:00+0700,2015-12-26T21:00:00+0700,10.7712402,106.6896973
1735264416705550,2015-11-23T18:00:00+0700,2015-11-23T21:00:00+0700,10.78322577,106.69111664667
1512561949058442,2015-11-24T06:30:00+0000,2015-11-24T09:30:00+0000,10.7825041,106.667038
489124871259892,2015-11-24T09:00:00+0700,2015-11-26T16:30:00+0700,10.80675370607,106.7127814232
1679792062266373,2015-11-24T17:00:00+0000,,10.327973671429,105.77333041714
326413324149212,2015-11-23T18:00:00+0700,,10.765942902456,106.67423232269
1635747950032736,2015-11-22T08:00:00+0700,2015-11-22T19:00:00+0700,10.7777824,106.6811295
738555442944145,2015-11-24T08:00:00+0700,2015-11-24T12:00:00+0700,10.777537591563,106.7034455236
818042981641643,2015-11-24T18:00:00+0700,2015-11-29T23:00:00+0700,11.306662775611,106.12858561386
1634227493510358,2015-11-24T18:30:00+0700,2015-11-24T21:00:00+0700,10.7990656,106.6881027
171310586551342,2015-11-24T21:00:00+0700,2015-11-25T00:00:00+0700,10.799666584879,106.68500501433
192791977720069,2015-11-24T17:00:00+0000,2015-11-29T17:00:00+0000,10.803333333333,106.68972222222
199849900347668,2015-12-01T18:40:00+0700,2015-12-01T21:40:00+0700,,
1640423019530882,2015-11-25T08:30:00+0700,2015-11-26T17:00:00+0700,10.803220545549,106.69272883653
557425051079579,2015-11-24T17:00:00+0700,2015-11-24T21:00:00+0700,10.7844439,106.7025299
1652546251661088,2015-11-25T18:00:00+0700,2015-11-25T20:00:00+0700,10.785720748033,106.66729028639
1502150523415752,2015-11-25T08:00:00+0700,2015-11-25T12:00:00+0700,10.763370132014,106.67917191982
1054725234546881,2015-11-25T18:30:00+0700,2015-11-25T21:00:00+0700,10.7829504,106.7047577
566175580204077,2015-11-25T19:30:00+0700,,10.772892704165,106.70339631109
785083881617402,2015-11-25T20:00:00+0700,,10.772971993709,106.70325279236
1708577069371002,2015-11-26T07:00:00+0700,2015-11-29T10:00:00+0700,10.7638102,106.6490097
963139843743501,2015-11-26T08:00:00+0700,2015-11-26T11:00:00+0700,10.78722,106.6867828
521083401394520,2015-11-26T08:00:00+0700,2015-11-26T11:00:00+0700,10.78722,106.6867828
918871914872024,2015-11-26T09:00:00+0700,,10.721,106.6846
1691219434441644,2015-11-26T07:00:00+0000,,10.819966714184,106.7232360037
430795103770759,2015-11-26T13:00:00+0700,2015-11-26T17:30:00+0700,10.776406017273,106.70323161522
725340260922835,2015-11-26T17:00:00+0700,,10.787594544051,106.6961178457
714237438711761,2015-11-26T17:30:00+0700,,10.732723982941,106.70860254412
2147949678679083,2015-11-25T16:00:00+0700,2015-11-25T21:00:00+0700,10.766129429041,106.70763201883
1650607558527327,2015-11-26T19:00:00+0700,2015-11-26T21:00:00+0700,10.806337345686,106.68779625368
600827433383056,2015-11-27T00:00:00+0700,,10.831816731798,106.67423738206
415560751901803,2015-11-27T07:00:00+0000,2015-11-27T10:00:00+0000,10.75,106.66667
524628811027230,2015-11-27T03:30:00+0700,2015-11-28T17:00:00+0700,10.803220545549,106.69272883653
424468137738057,2015-11-25T08:00:00+0700,,10.7899704,106.7022018
134546073570468,2015-11-27T08:30:00+0700,2015-11-28T17:00:00+0700,10.803220545549,106.69272883653
1649728361965138,2015-12-11T03:00:00+0000,,21.024714788521,105.78857619609
917775454980540,2015-11-27T12:00:00+0000,2015-11-27T15:00:00+0000,10.7694,106.682
945572608838012,2015-11-27T15:00:00+0700,2015-11-30T11:00:00+0700,10.7797878,106.7075298
405973212925585,2015-11-27T15:00:00+0700,2015-11-30T11:00:00+0700,10.779769167698,106.7072831744
1609901435893322,2015-11-27T19:00:00+0700,,9.8333333333333,106.25
1675390636081561,2015-11-27T19:30:00+0700,2015-11-27T21:00:00+0700,10.80237679518,106.73732246175
1136662996361958,2015-11-27T16:00:00+0700,2015-11-28T20:00:00+0700,,
141783372845728,2015-11-27T21:00:00+0700,,10.777698260699,106.70481190705
487623601362936,2015-11-27T21:00:00+0700,,10.78392654,106.68439116
1730971613793176,2015-11-28T00:00:00+0700,,10.74954699802,106.70106632844
437640613108386,2015-11-28T00:00:00+0700,,10.795869849384,106.65389070668
730257527106351,2015-11-28T07:00:00+0700,2015-11-29T17:00:00+0700,10.8309774,106.6909943
1656182334649628,2015-11-28T08:00:00+0700,,10.779767505632,106.66382958608
1052432584796601,2015-11-28T08:00:00+0700,,10.755595133788,106.69050920894
1017664094920484,2015-11-27T21:00:00+0700,,10.781373055482,106.70011027527
631984013611089,2015-11-28T08:00:00+0700,,10.78722,106.6867828
942145629156651,2015-11-28T08:30:00+0700,2015-11-28T15:00:00+0700,10.828863253333,106.70519849333
429444030594966,2015-11-28T10:00:00+0700,2015-11-28T12:00:00+0700,10.75,106.66667
1709706062594865,2015-12-05T00:00:00+0700,,,
432613713591087,2015-11-28T15:00:00+0000,2015-11-28T18:00:00+0000,10.79982875,106.70218844333
398686067005910,2015-12-12T10:00:00+0700,2015-12-19T22:00:00+0700,10.7711897,106.6943283
441028849432114,2015-11-28T16:00:00+0700,2015-12-01T19:00:00+0700,10.7694,106.682
934528249967335,2015-11-28T09:00:00+0700,2015-11-28T21:30:00+0700,10.7829504,106.7047577
505404526303554,2015-11-25T18:00:00+0700,,10.75,106.66667
1520074744979126,2015-11-28T16:00:00+0700,,10.805823589645,106.62157519531
1633865473528494,2015-11-28T17:30:00+0700,,10.75,106.66667
1638960129727035,2015-11-28T18:30:00+0700,2015-11-28T21:00:00+0700,,
770446929732029,2015-11-28T19:00:00+0700,,10.777537591563,106.7034455236
205069976491491,2015-11-29T00:30:00+0000,2015-11-29T03:30:00+0000,10.747036861202,106.63578701154
1612031022392197,2015-11-29T00:00:00+0700,,10.76421879069,106.65761179494
1489867771318674,2015-11-29T00:00:00+0700,,10.839361214161,106.64625989416
180347198968408,2015-11-28T21:00:00+0700,,10.790258594234,106.69894492325
959475154113973,2015-11-29T05:00:00+0700,,10.7774496,106.6644058
1050129005007402,2015-11-29T13:00:00+0700,2015-11-29T16:00:00+0700,10.762250582494,106.66825038646
1521719851485619,2015-11-28T20:30:00+0700,2015-11-28T23:30:00+0700,10.777698260699,106.70481190705
1077965492215167,2015-11-29T07:00:00+0700,,10.8049818,106.6611395
1006657816062381,2015-11-29T06:00:00+0700,,10.779492333935,106.6992957846
1494651544163641,2015-11-29T07:00:00+0700,2015-11-29T11:30:00+0700,10.833641635469,106.65038104754
1495218810806969,2015-11-29T07:00:00+0700,,10.762200730909,106.64913793909
1643381175903642,2015-11-29T07:00:00+0700,,10.7694,106.682
1516517512002547,2015-11-29T07:00:00+0700,2015-12-03T10:30:00+0700,10.806138,106.6286697
1676329352608101,2015-11-29T08:00:00+0700,2015-11-29T12:00:00+0700,10.794553763104,106.67784619184
1634811676806312,2015-11-29T08:00:00+0700,,10.7694,106.682
549192808571431,2015-11-29T08:00:00+0700,2015-11-29T13:00:00+0700,10.7451714837,106.6478339
958768017523015,2015-11-29T08:00:00+0000,,10.7694,106.682
141981386160261,2015-11-29T08:00:00+0700,2015-11-29T11:00:00+0700,10.7220697,106.6111374
686788534789771,2015-11-29T08:30:00+0700,,10.7572603,106.6861496
1517636418547610,2015-11-29T07:00:00+0700,,10.762200730909,106.64913793909
764871663617846,2015-11-29T08:30:00+0700,2015-11-29T11:30:00+0700,10.781350975218,106.66980028152
136599536699616,2015-11-29T09:00:00+0700,,10.7730331,106.7043381
913726102016230,2015-11-29T17:30:00+0700,2015-11-29T19:30:00+0700,10.780867161366,106.70594676208
465988266906746,2015-11-29T07:30:00+0700,,10.787764669388,106.69358937319
1027014540663777,2015-11-29T21:00:00+0700,,10.7694,106.682
491548331013231,2015-11-29T20:00:00+0700,2015-12-01T23:30:00+0700,10.786747676749,106.70509726977
297183720488226,2015-11-30T00:00:00+0700,,10.7694,106.682
573130449507448,2015-11-30T15:00:00+0700,,10.7694,106.682
192475747754735,2015-11-29T14:00:00+0700,2015-11-29T17:00:00+0700,10.7829504,106.7047577
1749003568652441,2015-11-30T07:00:00+0700,,10.852438693872,106.63799089615
927482667335264,2015-11-30T12:00:00+0700,,10.791863499259,106.67411808185
784365538375859,2015-11-30T13:00:00+0700,2016-03-30T16:00:00+0700,10.8413191,106.7852783
1624751154441454,2015-11-30T12:00:00+0700,,10.8045349,106.7093582
520105564831146,2015-11-30T13:30:00+0700,2015-11-30T15:30:00+0700,10.80675370607,106.7127814232
476987945841463,2015-11-30T18:00:00+0700,,10.75,106.66667
1164280260255705,2015-12-05T09:00:00+0700,2015-12-05T23:00:00+0700,10.7903776,106.7098236
749308238456704,2015-12-01T00:00:00+0700,,10.293201855393,105.97672124403
551504168321268,2015-12-01T03:30:00+0700,,10.780775419592,106.68613586022
1643527149195696,2015-12-01T09:00:00+0700,,10.74969865,106.5854794
1407347539559829,2015-12-01T00:00:00+0700,,9.9898740649224,105.75203418732
1509742802677307,2015-12-01T09:00:00+0700,2015-12-03T16:30:00+0700,10.80675370607,106.7127814232
1013876188632714,2015-12-01T13:00:00+0700,2016-03-16T16:00:00+0700,10.7916098,106.7024231
1490608407901635,2015-12-01T15:00:00+0700,,10.758093141193,106.68474658203
543887232441917,2015-12-02T00:00:00+0700,,10.795590790197,106.65482121754
1676527785950631,2015-12-02T00:00:00+0700,,,
906260389439210,2015-12-02T09:00:00+0700,2015-12-05T17:00:00+0700,10.7951965,106.6553726
877417562306505,2015-12-02T00:00:00+0700,,10.795590790197,106.65482121754
995025613883488,2015-11-29T08:00:00+0700,2015-11-29T17:00:00+0700,10.729411608643,106.6950871708
375660865925286,2015-11-30T00:00:00+0700,,10.7694,106.682
1671070769775735,2015-12-02T19:00:00+0700,2015-12-02T21:00:00+0700,10.780867161366,106.70594676208
1537877016467620,2015-12-03T00:00:00+0700,,10.7694,106.682
423433421147044,2015-12-03T09:00:00+0700,,10.7694,106.682
531100767048013,2015-12-03T09:00:00+0700,2015-12-16T11:00:00+0700,,
414057348785375,2015-12-02T09:30:00+0700,2015-12-03T12:30:00+0700,10.729509080508,106.69324462937
1676106492658615,2015-12-03T09:00:00+0700,2015-12-04T17:00:00+0700,10.7730331,106.7043381
1645651059017140,2015-12-03T17:30:00+0700,2015-12-03T19:30:00+0700,10.771507966836,106.70405848694
471379523018564,2015-12-03T18:00:00+0700,,10.7940111,106.6806717
615871358550565,2015-12-04T00:00:00+0700,,10.74307296,106.68630415
857622540975972,2015-12-02T09:00:00+0700,2015-12-05T17:00:00+0700,10.730852785315,106.72197311559
932318536854763,2015-12-04T12:00:00+0000,2015-12-04T15:00:00+0000,10.7694,106.682
394713817404679,2015-12-03T18:30:00+0700,2015-12-03T20:30:00+0700,,
177405102602025,2015-12-04T14:00:00+0000,2015-12-04T17:00:00+0000,10.7694,106.682
1624545187788362,2015-12-05T01:00:00+0700,2015-12-06T17:00:00+0700,10.784353675246,106.68145883296
1659305187682471,2015-12-05T01:30:00+0000,2015-12-27T04:30:00+0000,10.776136903282,106.69253483938
780757758717315,2016-01-16T09:00:00+0700,2016-01-16T12:00:00+0700,10.797690545493,106.71578443662
975449605847497,2015-12-04T16:00:00+0700,,10.767003764258,106.70736002973
927075350720723,2015-12-05T07:00:00+0700,2015-12-06T10:00:00+0700,10.80049326,106.66244984
1043281959036382,2015-12-05T07:00:00+0700,2015-12-06T09:00:00+0700,10.7548972622,106.662824061
816406775135427,2015-12-05T08:00:00+0700,2015-12-06T19:00:00+0700,10.720371452938,106.70146316414
463277210521995,2015-12-05T07:00:00+0700,2015-12-05T10:00:00+0700,9.774976144098,105.45838594437
737090809728395,2015-12-05T08:00:00+0700,2015-12-06T18:00:00+0700,10.77877128763,106.70636264325
103101450054306,2015-12-05T08:00:00+0700,2015-12-06T19:00:00+0700,10.720371452938,106.70146316414
1649497315327916,2015-12-05T08:00:00+0700,2015-12-06T19:00:00+0700,10.720371452938,106.70146316414
1398181920473000,2015-12-05T08:30:00+0700,2015-12-05T11:30:00+0700,10.779288450166,106.68307222528
1479367552373148,2016-01-16T08:00:00+0700,2016-01-17T04:03:00+0700,10.80534,106.73616
103780789985311,2015-12-05T09:00:00+0700,2015-12-05T12:00:00+0700,,
1118925088119512,2015-12-05T09:00:00+0700,,10.780524473274,106.68817578305
1658552184361587,2015-12-05T08:30:00+0700,2015-12-06T18:00:00+0700,10.775833333333,106.7015
1722593361302843,2015-12-05T14:00:00+0700,2015-12-05T16:00:00+0700,10.806337345686,106.68779625368
916219201805250,2015-12-05T14:30:00+0700,2015-12-05T19:00:00+0700,10.7699318,106.7057571
406829072835666,2015-12-02T09:00:00+0700,2015-12-05T17:00:00+0700,10.730744814924,106.72180771764
1052922628086084,2015-12-05T19:00:00+0700,,10.803987196572,106.73539745265
494764264037412,2015-12-12T10:00:00+0700,2015-12-12T16:00:00+0700,10.779934425415,106.70304728673
466879526822781,2015-12-06T00:00:00-0800,,10.7694,106.682
1573780222895939,2015-12-06T00:00:00+0700,,10.7815676,106.6972961
454615604712551,2015-12-07T00:00:00-0800,,10.7694,106.682
204623723202537,2015-12-07T08:00:00+0800,2015-12-17T22:00:00+0800,,
189292908073143,2015-12-06T17:00:00+0700,,10.766841865,106.70070527
1163434467004393,2015-12-07T19:00:00+0700,,10.790258594234,106.69894492325
916336945113988,2015-08-23T09:05:00+0700,2015-12-23T12:05:00+0700,11.0968904064,106.263168779
546487338833694,2015-12-09T07:00:00+0700,2015-12-09T11:00:00+0700,10.85157868,106.7721379375
704974412941071,2015-12-09T09:35:00+0700,,11.0968904064,106.263168779
475090992616222,2015-12-10T09:00:00+0700,,10.7694,106.682
1623749834542763,2015-12-10T00:00:00+0700,,10.728783919759,106.72381019257
509073795927959,2015-12-10T12:00:00+0000,2015-12-10T15:00:00+0000,10.7694,106.682
528961267266179,2015-12-10T20:00:00+0700,,,
1021954607820116,2015-12-11T00:00:00+0700,,10.90423318665,106.77014997332
917672741659862,2015-12-11T12:00:00+0000,2015-12-11T15:00:00+0000,10.7694,106.682
905008766246226,2015-11-21T16:30:00+0700,2015-11-21T22:30:00+0700,10.780833333333,106.75694444444
980751665296335,2015-12-11T07:30:00+0700,2015-12-11T12:00:00+0700,,
931978370186855,2015-12-11T14:00:00+0700,2015-12-11T17:00:00+0700,10.7907801,106.705658
863622240425067,2015-12-11T15:00:00+0700,,10.767009837608,106.68780966473
182639612078173,2015-12-11T18:30:00+0700,,10.805812795616,106.75143820838
538279132989832,2015-12-11T08:00:00+0700,2015-12-12T17:00:00+0700,10.768005814299,106.69215903458
878190755634253,2015-12-11T18:45:00+0700,,10.809975767152,106.73130973053
926958700717655,2015-12-11T14:00:00+0000,2015-12-11T17:00:00+0000,10.7694,106.682
583936238376872,2015-12-12T00:00:00-0800,,10.772056035797,106.65770991516
758846707577663,2015-12-11T21:00:00+0700,,10.767313098301,106.70713766289
440080242853908,2015-12-12T00:00:00+0700,,10.7229881,106.6101303
122319864779198,2015-12-12T11:00:00+0000,2015-12-12T15:00:00+0000,10.7694,106.682
545198285638570,2015-12-10T16:00:00+0700,,10.813112038302,106.84798991
716738678430703,2015-12-19T08:30:00+0700,2015-12-19T11:30:00+0700,10.7712402,106.6896973
934165203347159,2015-12-12T09:00:00+0700,2015-12-13T17:00:00+0700,,
850447408407557,2015-12-12T10:00:00+0700,,10.791248306578,106.69713842921
184165651924959,2015-12-12T15:00:00+0700,2015-12-13T15:00:00+0700,10.793698981475,106.66922151925
492947734199590,2015-12-13T00:00:00+0000,,10.769231658959,106.68802004046
482838738558603,2015-12-05T15:00:00+0700,2015-12-06T22:00:00+0700,10.8171473,106.7296753
1041025602630712,2015-12-13T12:00:00+0000,2015-12-13T15:00:00+0000,10.7694,106.682
499466390227177,2015-12-12T08:00:00+0700,,10.7154715,106.6313525
986720544699750,2015-12-15T13:00:00+0700,,10.8552694,106.6387939
1022795431076237,2015-12-15T15:00:00+0000,2015-12-15T18:00:00+0000,10.7694,106.682
1575644286052765,2015-12-16T00:00:00+0700,,10.7694,106.682
407782336098134,2015-12-16T11:00:00+0700,2015-12-16T14:00:00+0700,10.754866934655,106.66573171477
800959500015561,2015-12-18T00:00:00+0700,,10.767009837608,106.68780966473
1514442105515513,2015-12-18T17:00:00+0000,,10.757177526955,106.71207187414
491058557709091,2015-12-18T15:00:00+0700,2015-12-21T11:00:00+0700,10.7844439,106.7025299
143078432716580,2015-12-19T09:00:00+0700,2015-12-23T21:00:00+0700,10.795590790197,106.65482121754
1507447266249110,2015-12-13T08:00:00+0700,2015-12-13T16:00:00+0700,10.775833333333,106.7015
473150462862448,2015-12-19T00:00:00-0800,,10.7972546,106.6236649
493719907454733,2015-12-18T18:00:00+0700,,,
133798883645899,2015-12-19T08:00:00+0700,2015-12-23T22:00:00+0700,10.795590790197,106.65482121754
1477651862560133,2015-12-19T08:00:00+0700,2015-12-20T20:00:00+0700,10.729411608643,106.6950871708
420033614863551,2015-12-19T08:00:00+0700,2015-12-22T18:00:00+0700,10.7694,106.682
529715233844807,2015-12-19T09:00:00+0700,,10.7818051727,106.69685943794
910435195709879,2015-12-19T09:00:00+0700,2015-12-19T12:00:00+0700,,
1483723631934208,2015-12-13T17:00:00+0700,2015-12-13T23:30:00+0700,10.7769519588,106.68970151
909977732412511,2015-12-19T09:00:00+0700,,10.7818051727,106.69685943794
144182839271602,2015-12-19T09:00:00+0700,,10.7818051727,106.69685943794
1728490300705380,2015-12-19T09:00:00+0700,,10.7818051727,106.69685943794
785704494885887,2015-12-19T23:00:00+0000,2015-12-20T11:00:00+0000,10.861421666667,106.70527
1813491758875082,2015-12-20T00:00:00-0800,,10.7694,106.682
1017645984963730,2015-12-20T08:00:00+0700,,10.799289589969,106.68004735184
886332521400247,2015-12-22T00:00:00+0700,,10.75,106.66667
1444459055845708,2015-12-22T00:00:00+0700,,10.776888888889,106.70080555556
441629796036509,2015-12-22T18:00:00+0700,2015-12-22T21:30:00+0700,10.7837296,106.6946564
1518755158444609,2015-12-23T08:30:00+0700,2015-12-24T17:30:00+0700,10.7694,106.682
109223046104807,2015-12-23T12:00:00+0700,2015-12-23T15:00:00+0700,10.882639623959,106.78192044153
587786681361995,2015-12-03T09:00:00+0700,2015-12-06T21:00:00+0700,10.8585741,106.7607056
1086846144821179,2015-12-24T00:00:00+0700,,10.303677401831,105.64927177455
1609606759307344,2015-12-24T00:00:00+0700,,10.8468866408,106.664245127
1637955923126632,2015-12-24T00:00:00+0700,,10.7739725,106.6529465
476644089188378,2015-12-23T19:00:00+0000,2015-12-24T19:00:00+0000,10.590213243487,107.05547776856
702565309845208,2015-12-24T11:00:00+0000,,10.770369413884,106.69426716586
533757046777974,2015-12-24T10:30:00+0700,,10.75,106.66667
1651687241722923,2015-12-24T15:30:00+0700,2015-12-24T21:00:00+0700,10.7844439,106.7025299
517405015102215,2015-12-24T18:00:00+0700,2016-01-01T12:00:00+0700,10.798709934646,106.67075057559
1651302205118023,2015-12-24T18:00:00+0700,2015-12-25T22:30:00+0700,10.7318602,106.7094879
511667155662904,2015-12-24T15:00:00+0000,2015-12-24T18:00:00+0000,10.7694,106.682
1695189700704438,2015-11-20T00:00:00+0700,,10.7694,106.682
778775782233602,2015-12-25T00:00:00+0700,,10.7902498,106.6888809
1109735015724943,2015-12-25T15:00:00+0700,,10.7955226856,106.681639145
1067367756630256,2015-12-25T20:00:00+0700,,10.10523392,106.083098195
157307111289538,2015-12-12T06:00:00+0700,2015-12-12T22:00:00+0700,10.726910700135,106.71979033289
105244439839828,2015-12-25T21:00:00+0700,,10.7694,106.682
549779155166061,2015-12-26T00:00:00+0700,,10.7694,106.682
1393066937666974,2015-12-26T00:00:00+0700,,10.7694,106.682
893238854063197,2015-12-25T23:59:00+0700,,10.7897234,106.6596985
1517252088592543,2015-12-19T18:00:00+0700,,10.7694,106.682
890966060986998,2015-12-26T09:00:00+0700,2015-12-30T20:00:00+0700,10.795590790197,106.65482121754
1648052285418189,2015-12-26T14:00:00+0700,2015-12-26T17:00:00+0700,10.803321980356,106.68441398812
608762552594198,2015-12-26T18:00:00+0700,2015-12-26T21:00:00+0700,10.803321980356,106.68441398812
682401445211994,2015-12-27T00:00:00-0800,,10.772056035797,106.65770991516
799758883446991,2015-12-27T00:00:00-0800,,10.7694,106.682
1723582064530645,2015-12-27T14:30:00+0700,2015-12-27T16:30:00+0700,10.759035015164,106.66527454547
317636008438940,2015-12-28T00:00:00-0800,,10.772056035797,106.65770991516
777733555669023,2015-12-28T18:30:00+0700,,10.780775419592,106.68613586022
549806141786714,2015-12-29T00:00:00-0800,,10.772056035797,106.65770991516
553707154776476,2015-12-20T07:30:00+0700,,10.779492333935,106.6992957846
666152926826113,2015-12-30T00:00:00-0800,,10.772056035797,106.65770991516
455637751283813,2015-12-29T18:00:00+0700,2015-12-29T21:00:00+0700,10.803321980356,106.68441398812
611788072227233,2015-12-31T00:00:00-0800,,,
766149570092158,2016-12-31T00:00:00+0700,,10.866755814657,106.74074470996
858613124201123,2015-12-31T00:00:00-0800,,10.772056035797,106.65770991516
1621475224798262,2015-12-31T00:00:00+0700,,10.7694,106.682
627086837420379,2015-12-31T00:00:00-0800,,10.7841091,106.6842346
1416812195287218,2015-12-31T00:00:00+0700,,10.7694,106.682
1006655669363320,2015-12-31T00:00:00-0800,,10.7694,106.682
734615973287616,2015-12-31T00:00:00-0800,,10.772056035797,106.65770991516
1557137024539335,2015-12-31T00:00:00+0700,,10.780323,106.6637878
715990218523326,2015-12-31T00:00:00+0700,,10.780904105563,106.70021161168
1529443567324530,2015-12-26T18:00:00+0000,,10.784902890161,106.69366214502
930911803642892,2015-12-31T00:00:00+0700,,10.7555257091,106.614527334
874334249323234,2015-12-19T09:00:00+0700,,10.741962426559,106.69495011742
542668749205988,2015-08-01T00:00:00+0700,,10.73012121984,106.72070283579
441498779325043,2016-01-01T00:00:00-0800,,10.772056035797,106.65770991516
892649937474491,2015-12-31T00:00:00-0800,,10.7918901,106.6956863
1586233194942926,2016-01-01T00:00:00+0700,,10.769657113333,106.55324670667
1030531373658886,2016-01-01T03:00:00+0000,,10.797690545493,106.71578443662
1171526676197953,2016-01-01T00:00:00+0700,,,
317189101814039,2016-01-02T00:00:00+0700,,10.7694,106.682
1482282252076913,2016-01-02T08:00:00+0700,2016-01-10T22:00:00+0700,10.752183472518,106.6683934368
598584746950848,2016-01-03T09:30:00+0700,,10.80110986,106.69806307
906401222748379,2016-01-03T13:00:00+0700,,10.75950582733,106.6902742472
1507055316276857,2016-01-04T17:00:00+0000,,10.757177526955,106.71207187414
1059847834033875,2016-01-05T20:00:00+0700,2016-01-28T23:00:00+0700,10.77429999,106.70495656
1044168592280224,2016-01-08T11:00:00+0700,,10.833641635469,106.65038104754
1628876144040385,2016-01-08T15:00:00+0700,2016-01-11T12:00:00+0700,10.7797878,106.7075298
795999260515174,2015-12-31T18:00:00+0700,2015-12-31T21:00:00+0700,10.803321980356,106.68441398812
1002359466476664,2016-01-09T12:00:00+0700,2016-01-10T20:00:00+0700,10.766129429041,106.70763201883
186513501688889,2016-01-10T08:00:00+0700,2016-01-10T17:00:00+0700,10.75,106.66667
1502326910082235,2016-01-10T10:00:00+0700,2016-01-13T17:00:00+0700,10.7935896,106.6893463
910059795737600,2016-01-13T18:30:00+0700,2016-01-13T21:30:00+0700,10.8009071,106.6754532
1714914705410262,2016-01-14T00:00:00+0700,,10.7769528807,106.684396047
1053742441317347,2016-01-14T20:00:00+0700,2016-01-17T00:00:00+0700,10.7769528807,106.684396047
885456288229270,2016-01-14T21:00:00+0700,2016-01-20T00:00:00+0700,10.7782297,106.7032776
985219994862772,2016-01-09T10:00:00+0700,2016-01-10T22:00:00+0700,10.766129429041,106.70763201883
189186581416344,2016-01-15T09:00:00+0700,,12.91991765,108.3780133
914116092001142,2016-01-17T12:30:00+0700,2016-01-17T17:00:00+0700,10.8554313,106.6241884
1654035388177889,2016-01-17T19:30:00+0700,,10.768691126163,106.65757266552
349727385234129,2016-01-20T00:00:00+0700,,10.811356611694,106.59324184601
856326114423518,2016-01-21T06:00:00+0700,,10.3489802184,106.542494272
806269369499422,2016-01-22T15:00:00+0700,2016-02-25T12:00:00+0700,10.775483896073,106.70404717534
772348176227890,2016-01-23T10:00:00+0700,2016-01-31T17:00:00+0700,10.769444444444,106.7
983628185032105,2016-01-15T08:00:00+0700,2016-01-17T20:00:00+0700,10.7694,106.682
251869954937136,2016-01-24T00:00:00+0700,,10.818888888889,106.65194444444
1665348500389983,2016-01-24T13:30:00+0700,2016-01-24T16:30:00+0700,,
686337388133063,2016-01-27T08:00:00+0700,2016-02-03T12:00:00+0700,10.7694,106.682
677952745575695,2016-01-28T00:00:00-0800,,10.7850428,106.6506958
311946042319623,2016-01-29T11:00:00+0000,,9.9845770531067,106.09495692752
425263714300648,2016-01-31T00:00:00+0700,,10.0333,105.783
1930019240555872,2016-02-07T09:00:00+0700,,10.7739725,106.6529465
1162044413810114,2016-01-23T18:00:00+0700,,10.766129429041,106.70763201883
370674639782111,2016-02-08T00:00:00+0900,,10.7397486956,106.708359632
1424740364485812,2016-02-08T00:00:00-0800,,,
1631815650411669,2016-02-08T00:00:00+0700,,10.7903204,106.688797
623228254478204,2016-02-08T12:00:00+0000,2016-02-15T02:00:00+0000,10.7694,106.682
1418156208490191,2016-02-12T00:00:00-0800,,10.7694,106.682
1553142954964659,2016-02-12T00:00:00+0700,,10.739981551046,106.69821629816
1689973021220788,2016-02-12T00:00:00+0700,2016-02-16T00:00:00+0700,10.799666584879,106.68500501433
860589890663853,2016-02-14T07:00:00+0700,2016-02-14T10:00:00+0700,10.96254,106.35658
1576931092550349,2016-02-18T00:00:00+0900,,10.75,106.66667
858729077518633,2016-02-10T00:00:00+0700,,10.7694,106.682
850998744998117,2016-02-19T15:00:00+0700,2016-02-22T12:00:00+0700,10.775483896073,106.70404717534
1416902065270485,2016-02-18T17:00:00+0000,2016-02-19T16:00:00+0000,10.325486813324,105.83902135445
1572972479649356,2016-02-28T00:00:00-0800,,10.7694,106.682
373398742850800,2016-02-23T00:00:00+0700,,10.7694,106.682
1421845771460533,2016-02-29T00:00:00+0700,,10.7694,106.682
1642044482711178,2016-03-01T09:00:00+0700,2016-03-03T17:00:00+0700,10.730852785315,106.72197311559
126357494383048,2016-03-01T10:00:00+0700,2016-03-03T17:00:00+0700,10.730852785315,106.72197311559
329153510607777,2016-03-03T00:00:00+0700,,10.35,107.067
795736280537475,2016-03-05T00:00:00+0700,,10.7694,106.682
1591204524467956,2016-03-06T00:00:00+0700,,10.7829157809,106.67448782
411775655692658,2016-03-06T13:00:00+0700,,10.77970930295,106.69981054193
812682272086879,2016-02-29T00:00:00-0800,,10.797111738152,106.65750360419
543655185782549,2016-03-08T09:00:00+0700,2016-03-11T18:00:00+0700,10.730852785315,106.72197311559
1712599092297446,2016-03-09T00:00:00+0700,,10.790583123849,106.62060112334
630508290397731,2016-03-09T08:00:00+0700,2016-03-19T14:00:00+0700,10.7694,106.682
1640326062879659,2016-03-08T09:00:00+0700,2016-03-13T11:00:00+0700,10.729762249729,106.72477507064
171967523146277,2016-03-11T07:00:00+0700,2016-03-13T14:30:00+0700,10.74954699802,106.70106632844
1508347219459135,2016-03-11T15:00:00+0700,2016-03-14T12:00:00+0700,10.775483896073,106.70404717534
1447016085626611,2016-03-14T00:00:00-0700,,10.796318947675,106.67309344835
839734952772833,2016-03-20T00:00:00-0700,,10.7694,106.682
747217715377016,2016-03-22T00:00:00+0700,,10.7694,106.682
378390335701887,2016-03-24T11:05:00+0000,2016-03-24T13:05:00+0000,10.7636929,106.6512604
792202657568490,2016-03-25T18:00:00+0700,,10.7694,106.682
769324746530708,2016-03-26T09:00:00+0700,2016-03-26T22:00:00+0700,10.808919285811,106.73345281553
456397041180766,2016-03-31T00:00:00+0700,,10.7694,106.682
1554149761526946,2016-03-31T00:00:00+0700,,10.7694,106.682
450414055140293,2015-11-22T00:47:00-0800,2015-11-22T01:00:00-0800,10.759583317746,106.69849984932
1576762399242827,2016-04-01T00:00:00-0700,,10.7694,106.682
862381883844596,2016-04-04T00:00:00+0700,,10.7838202,106.7017593
183019255366144,2016-04-10T00:00:00+0700,,10.7694,106.682
1709368572623324,2016-04-24T00:00:00-0700,,10.75,106.66667
753293361453061,2016-04-30T00:00:00+0700,,10.7694,106.682
567729483375642,2016-04-30T20:00:00+0700,2016-05-03T23:00:00+0700,10.7707958648,106.67215703
1661429304135978,2016-02-01T05:00:00+0000,2016-04-30T12:00:00+0000,,
450914271753952,2016-05-01T00:00:00+0700,,10.7881308,106.6508179
357110697825406,2016-05-15T00:00:00+0000,,10.765383262356,106.67676637019
1109265265750628,2016-05-18T10:00:00+0700,2016-05-20T17:00:00+0700,10.7694,106.682
468976873302611,2016-05-19T10:00:00+0700,2016-05-22T18:00:00+0700,10.7827902,106.6870804
833345673438906,2016-05-20T09:45:00+0700,2016-07-13T08:15:00+0700,11.02540667,106.38671333
1628495450764448,2016-05-29T19:30:00+0700,2016-06-01T13:00:00+0700,10.7694,106.682
1526178380956987,2016-06-01T22:00:00+0700,,10.341608606598,106.12185097153
380347925486339,2016-06-06T08:00:00+0700,,10.788347825368,106.69570949108
411662922360897,2016-06-09T19:00:00+0700,,10.7929997,106.7110663
995780907108446,2015-06-01T01:00:00+0000,2015-07-31T01:00:00+0000,10.7694,106.682
518441461667242,2016-07-04T08:00:00+0700,2016-07-29T18:00:00+0700,10.80534,106.73616
1405085129821337,2016-07-14T00:00:00-0700,,10.75,106.66667
112111622465252,2016-07-15T00:00:00+0700,,10.7694,106.682
879336822135979,2016-08-08T00:00:00+0700,,10.7694,106.682
821734807875372,2016-08-31T00:00:00+0700,,10.799119444217,106.629963529
1024496687595216,2016-09-04T00:00:00+0700,,10.7694,106.682
913224282097618,2016-12-25T07:00:00+0700,2016-12-25T12:00:00+0700,10.760572056977,106.66291686279
744861738966999,2016-09-09T09:00:00+0700,2016-12-08T17:00:00+0700,10.843969873675,106.61664962769
665696516910156,2016-10-01T00:00:00-0700,,10.8474672,106.7708851
1630899993845932,2016-10-01T00:00:00-0700,,10.8474672,106.7708851
1650385801882211,2016-10-06T17:00:00+0000,2016-10-06T18:00:00+0000,10.75,106.66667
1683213978558267,2016-10-09T00:00:00+0700,,,
699151403519233,2016-10-10T00:00:00+0700,,10.7694,106.682
1540264042922446,2016-10-18T18:00:00+0700,,9.7451892396009,106.52151495165
1037960696235584,2016-10-19T00:00:00+0000,,10.0748888512,106.153828886
1420029494955927,2016-12-13T00:00:00+0700,,10.775345650833,106.66416525926
631160783635286,2016-12-28T00:00:00-0800,,10.7850428,106.6506958
363622793827197,2016-12-31T00:00:00+0700,,10.7694,106.682
1478733555721515,2017-01-01T00:00:00+0200,,,
970517972971787,2017-01-01T00:00:00-0800,,10.772056035797,106.65770991516
377343082472299,2017-01-01T00:00:00-0800,,10.772056035797,106.65770991516
1038807126146881,2017-01-04T00:00:00-0800,,10.772056035797,106.65770991516
747267515322948,2017-01-07T00:00:00+0700,,10.7694,106.682
762694833838359,2017-01-08T00:00:00-0800,,10.772056035797,106.65770991516
361826890689198,2015-11-27T08:00:00+0700,2015-12-04T17:00:00+0700,,
802887543069782,2016-01-01T00:00:00+0700,,10.79258767,106.690557775
287222901477269,2017-02-01T00:00:00+0700,,10.976102075233,106.71787345734
860089147410653,2017-02-02T00:00:00+0700,,10.772056035797,106.65770991516
889333704435896,2017-02-02T00:00:00+0700,,10.772056035797,106.65770991516
1471093743154778,2017-02-25T00:00:00+0700,,10.75,106.66667
812616372150574,2017-04-17T00:00:00-0700,,10.795495589442,106.69599040222
1605198789712780,2017-04-17T01:00:00+0000,2017-04-17T04:00:00+0000,10.795495589442,106.69599040222
1423288451328061,2017-05-07T10:00:00+0000,2017-09-07T10:00:00+0000,10.7694,106.682
508147322683858,2016-01-01T08:15:00+0700,,10.79258767,106.690557775
729294240471925,2017-06-30T00:00:00+0700,,10.769444444444,106.68194444444
1125994854093275,2017-07-04T00:00:00-0700,,10.772056035797,106.65770991516
1684432251784679,2017-07-05T00:00:00-0700,,10.772056035797,106.65770991516
309900579193118,2017-07-13T00:00:00+0700,,10.7694,106.682
1603681763223750,2017-06-08T00:00:00-0700,,10.75,106.66667
800361323357823,2017-07-14T02:30:00+0000,2017-07-14T05:30:00+0000,10.795495589442,106.69599040222
1607843346160408,2017-07-17T00:00:00+0700,,10.770303203538,106.70418538076
1647507122170549,2016-03-21T08:00:00+0700,2016-03-27T20:00:00+0700,10.797913712459,106.64089067849
316245211867985,2017-08-01T00:00:00+0700,,10.75,106.66667
1498653180428945,2017-12-01T23:00:00+0700,,10.772476625237,106.65832042694
1647218358887857,2017-12-01T23:00:00+0700,,10.772476625237,106.65832042694
439107936255724,2017-12-31T00:00:00+0700,,10.7694,106.682
1623594147896348,2018-01-01T11:33:00+0700,,10.772223670809,106.65883541107
1635825589968063,2018-01-02T09:09:00+0700,,10.772223670809,106.65883541107
721833651225261,2018-01-31T00:00:00+0700,,10.769444444444,106.68194444444
914371738641561,2018-02-01T08:39:00+0700,,10.772056035797,106.65770991516
1668040043419742,2018-02-02T08:39:00+0700,,10.772056035797,106.65770991516
129355694077723,2018-02-03T08:39:00+0700,,10.772056035797,106.65770991516
1710191665869677,2018-02-03T08:39:00+0700,,10.772476625237,106.65832042694
943504395690735,2018-02-04T08:39:00+0700,,10.772056035797,106.65770991516
438095433040852,2018-02-20T00:00:00+0700,,10.7694,106.682
627449497386383,2018-07-26T00:00:00+0700,,10.769210337942,106.69975407323
887518494614947,2017-07-20T00:00:00+0700,,10.808119400078,106.70286708101
1444541289196810,2019-05-19T04:00:00+0000,2019-05-20T07:00:00+0000,10.795495589442,106.69599040222
117378128624899,2017-11-15T09:00:00+0700,,10.7768402,106.685997
792890704063677,2020-01-01T00:00:00+0700,,10.4,106.117
796693227022765,2020-01-01T00:00:00-0800,,10.75,106.66667
787658807995214,2020-01-02T00:00:00+0700,,10.776888888889,106.70080555556
463742797039474,2020-01-17T00:00:00+0700,,10.7694,106.682
1517096175214904,2020-02-02T00:00:00+0700,,10.7694,106.682
290760277789958,2019-10-20T08:00:00+0700,2019-11-30T11:00:00+0700,10.755866501679,106.64238913727
621984551194427,2020-05-08T20:05:00+0700,2020-08-08T23:05:00+0700,10.7694,106.682
867583593280476,2020-03-04T00:00:00+0700,,10.803333333333,106.68972222222
2041985399273774,2020-06-06T08:00:00+0700,,10.85273993605,106.62949347406
344774822319519,2020-07-20T08:00:00+0700,,10.7694,106.682
460279074035746,2019-01-01T00:00:00+0700,,10.7694,106.682
1641371822768449,2020-07-25T23:55:00+0700,,10.7640430633,106.646629081
973469002664833,2020-08-04T05:00:00+0700,2020-08-04T07:00:00+0700,10.767565579008,106.69259710261
865239423567345,2020-08-16T00:00:00+0700,,10.7694,106.682
692439370844720,2020-08-26T00:00:00+0700,,10.808119400078,106.70286708101
184997641682726,2020-09-07T00:00:00+0700,,21.009424846495,105.82889849117
372325806279445,2020-12-15T00:00:00+0700,,10.733854679875,106.70987653264
420215758086722,2020-06-19T00:00:00+0700,,,
372317512952581,2021-01-01T00:00:00+0700,,10.831787042277,106.67427041417
387390881440218,2021-04-30T00:00:00+0700,,10.0333,105.783
1405303876431734,2021-06-24T19:10:00+0000,2021-09-24T22:10:00+0000,,
881823155217992,2022-08-30T00:00:00+0700,,10.7694,106.682
549364008450423,2023-10-13T00:00:00+0700,,10.7694,106.682
1560166957556972,2015-01-13T07:00:00+0700,,10.8066225,106.713295
886142568130408,2028-04-25T17:06:00+0000,,10.7694,106.682
814878391921378,2015-12-24T00:00:00+0700,,10.7694,106.682
289702337887148,2030-10-03T00:00:00+0700,,9.285,105.724
1612875455654015,2031-05-26T02:30:00+0000,2031-06-09T21:30:00+0000,10.75,106.66667
558254014314406,2033-10-09T00:00:00+0700,,10.888654227786,106.77792720227
250309228458366,2033-11-09T00:00:00+0700,,10.7782297,106.7032776
423717384415158,2031-08-30T19:00:00+0700,,10.777132298941,106.69980096946
761192977359465,2036-12-31T00:00:00+0700,,10.75,106.66667
1736551943239729,2015-11-25T09:00:00+0700,2015-11-25T12:00:00+0700,10.7316599,106.7000809
1570871956490704,2015-11-25T14:00:00+0000,2015-11-26T11:00:00+0000,10.7228561584,106.70432849797
1666441663584627,2036-12-31T00:00:00+0700,,10.75,106.66667
939497092798943,2015-11-25T17:00:00+0700,2015-11-26T14:00:00+0700,10.75,106.66667
905689322853637,2015-11-28T17:00:00+0700,2015-11-28T23:55:00+0700,10.804019,106.6852646
170397459977822,2015-11-25T17:30:00+0700,,10.786177063028,106.64353584808
928651557224644,2015-11-25T18:00:00+0700,,10.840110387052,106.64900706568
496036427268213,2015-11-25T18:30:00+0700,,10.801144417231,106.65750606728
1638603683071537,2015-11-25T19:00:00+0700,2015-11-25T20:30:00+0700,10.786776699514,106.70510203067
525586757605679,2015-11-26T19:00:00+0700,2015-11-26T21:00:00+0700,10.808919285811,106.73345281553
939849736108849,2015-11-25T20:00:00+0700,,10.790258594234,106.69894492325
317331685104220,2015-11-25T20:10:00+0700,2015-11-25T22:10:00+0700,10.781456784107,106.69410979075
692497527518304,2015-11-25T21:00:00+0700,2015-11-26T02:00:00+0700,10.7771196,106.6994095
147933212231456,2015-11-25T14:00:00+0700,2015-11-25T16:00:00+0700,10.874420983149,106.79841756821
166964040323247,2015-11-26T06:00:00+0700,2015-12-09T21:00:00+0700,10.795969,106.6394043
902310349847187,2015-12-10T12:00:00+0700,2015-12-20T23:45:00+0700,10.771507966836,106.70405848694
1653688341538912,2015-11-26T10:30:00+0700,2015-11-27T14:00:00+0700,10.782293468536,106.70536723559
963826993656703,2015-11-26T14:30:00+0700,2015-11-26T18:00:00+0700,10.79423034573,106.71903735585
531123497045760,2015-11-26T17:00:00+0700,2015-11-26T23:00:00+0700,10.7815475,106.6998291
638266769648820,2015-11-26T18:00:00+0700,,10.778616976189,106.69129653645
1651946085088278,2015-11-26T18:00:00+0700,2015-11-26T22:00:00+0700,10.775483896073,106.70404717534
489692841197214,2015-11-26T09:00:00+0700,2015-11-28T08:00:00+0700,10.723758905799,106.72028048706
558200800993681,2015-11-26T18:30:00+0700,,10.766995898406,106.7011231184
502407396600024,2015-11-26T19:00:00+0700,,10.790258594234,106.69894492325
728667207277026,2015-11-26T19:30:00+0700,,10.7694,106.682
886099961445115,2015-12-09T21:00:00+0700,,10.772277371056,106.70199855042
864041886997217,2015-11-26T20:00:00+0700,2015-11-27T01:00:00+0700,10.772821261302,106.70473966781
1523121838001924,2015-11-26T22:00:00+0700,,10.767313098301,106.70713766289
1185663778130472,2015-11-27T05:00:00+0700,2015-11-27T06:30:00+0700,10.753842394284,106.68284527939
527372894095943,2015-11-27T12:00:00+0000,,10.802785057777,106.66506678571
181005068915906,2015-11-27T08:00:00+0700,2015-11-27T12:00:00+0700,10.7827902,106.6870804
1690758604502588,2015-11-27T08:30:00+0700,2015-11-27T11:00:00+0700,10.8777,106.802
1115755325103483,2015-11-27T09:00:00+0700,,10.75,106.66667
840096532780434,2015-11-27T12:00:00+0700,2015-11-27T14:00:00+0700,10.7844439,106.7025299
147114455645070,2015-11-27T17:30:00+0700,2015-11-27T19:30:00+0700,10.784932328478,106.69902420618
114129678945593,2015-11-27T18:00:00+0700,,10.7899704,106.7022018
420452458155967,2015-11-27T18:00:00+0700,,10.7929325,106.6767273
929996930426373,2015-11-27T18:30:00+0700,2015-11-27T21:30:00+0700,10.77563,106.6883392
1495643027398937,2015-12-10T20:00:00+0700,2015-12-11T20:00:00+0700,21.024166666667,105.85777777778
1151740234853898,2015-11-27T20:30:00+0700,,10.790258594234,106.69894492325
1678424979065826,2015-11-28T03:00:00+0000,2015-11-29T14:00:00+0000,10.793835984512,106.66317146073
1510017685963283,2015-11-28T06:30:00+0700,2015-11-29T09:30:00+0700,10.660204542205,106.85665970168
311755245655422,2015-12-10T20:30:00+0700,2015-12-10T23:30:00+0700,10.8171473,106.7296753
509992435843792,2015-11-28T07:00:00+0700,2015-11-29T12:00:00+0700,10.660204542205,106.85665970168
1549983025247178,2015-11-28T08:00:00+0700,,10.7508945,106.6242218
1521939228125097,2015-11-28T07:30:00+0700,2015-11-29T17:00:00+0700,10.7701492,106.6924667
1495816200713532,2015-11-28T08:00:00+0700,2015-11-28T17:00:00+0700,,
984026495003597,2015-11-28T08:00:00+0700,2015-11-28T17:00:00+0700,10.752024806941,106.61949616394
592475197557492,2015-11-28T08:00:00+0700,2015-11-29T18:00:00+0700,10.790572142,106.68172176667
1651999351736898,2015-12-01T18:00:00+0700,,,
1049794151708209,2015-12-05T09:00:00+0700,2015-12-05T12:00:00+0700,10.7878103,106.6969528
1723028394595042,2015-11-28T09:00:00+0700,,,
1481083745533238,2015-11-28T09:00:00+0700,2015-11-29T21:00:00+0700,10.7806563719,106.70663340759
192596887742760,2015-11-28T09:30:00+0700,2015-11-28T15:30:00+0700,10.8050785,106.7365646
1727916837436720,2015-11-28T09:30:00+0700,2015-11-28T12:00:00+0700,10.806337345686,106.68779625368
741573269308723,2015-11-28T09:30:00+0700,2015-11-28T15:30:00+0700,10.8050785,106.7365646
1672166549701268,2015-11-28T09:30:00+0700,,10.7837296,106.6946564
183580841988156,2015-11-28T10:00:00+0700,,10.7903566,106.67379
1676855795934448,2015-11-28T09:00:00+0700,2015-11-29T21:00:00+0700,10.787859,106.696373
410271959178819,2015-11-28T10:30:00+0700,2015-11-28T13:30:00+0700,10.7856503,106.6930771
705312679603964,2015-11-28T12:00:00+0700,2015-11-28T22:00:00+0700,10.794960714911,106.67857839176
129972500699489,2015-11-28T06:30:00+0000,2015-11-28T08:30:00+0000,10.8413191,106.7852783
1525089304475624,2015-11-28T15:00:00+0700,2015-11-28T18:00:00+0700,10.781836791009,106.68620570374
1519010425083454,2015-11-28T16:00:00+0700,2015-11-28T22:00:00+0700,10.792443534352,106.63191140342
448681385319878,2015-11-28T17:00:00+0700,,10.714489331958,106.72973920659
746524912158195,2015-11-28T17:30:00+0700,,10.098517998189,106.47764259666
1638389173109087,2015-11-28T18:00:00+0700,2015-11-28T21:00:00+0700,10.78322577,106.69111664667
1483806378592848,2015-11-28T17:00:00+0700,,10.760562188506,106.64205386114
727351294066130,2015-11-28T18:30:00+0700,,10.7679796,106.69664
1641444309454295,2015-11-28T13:30:00+0000,2015-11-28T16:00:00+0000,10.780325565833,106.70411726917
1539218623005421,2015-11-28T19:00:00+0700,2015-11-28T21:00:00+0700,10.7903566,106.67379
1626927544222999,2015-11-28T19:00:00+0700,2015-11-28T22:00:00+0700,10.7980404,106.6414795
963246437103211,2015-11-28T19:00:00+0700,2015-11-29T00:00:00+0700,10.7713804,106.6887207
1521068511540029,2015-11-28T21:00:00+0700,2015-11-29T03:00:00+0700,,
918815728153625,2015-11-29T02:00:00+0000,,10.793835984512,106.66317146073
199405303727652,2015-11-28T22:00:00+0700,,10.767313098301,106.70713766289
1492874717709061,2015-11-29T05:00:00+0700,,10.765384027681,106.69402466359
554380491387541,2015-11-29T06:00:00+0700,2015-11-29T12:00:00+0700,10.757445188796,106.6653771157
1647784098809527,2015-11-28T18:30:00+0700,,10.75,106.66667
867754930012766,2015-11-29T07:00:00+0700,2015-11-29T13:00:00+0700,10.7856302,106.7033615
540286862788351,2015-11-29T07:30:00+0700,2015-11-29T11:00:00+0700,10.80288639,106.71572151
1655847518026959,2015-11-29T08:00:00+0700,,10.7694,106.682
197327703937350,2015-11-29T08:00:00+0700,,10.8013144,106.6559067
928409903911002,2015-11-29T08:00:00+0700,2015-11-29T15:00:00+0700,10.7728902724,106.655665759
1629460350652117,2015-11-29T08:30:00+0700,2015-11-29T12:30:00+0700,10.7916555,106.7183914
555949701234891,2015-11-29T08:30:00+0700,,10.78322577,106.69111664667
506299802880406,2015-11-29T08:30:00+0700,,10.757258320774,106.68628231622
1018082681585838,2015-11-29T08:30:00+0700,2015-11-29T21:00:00+0700,10.83517,106.63948
533717493449855,2015-11-29T09:00:00+0700,2015-11-29T12:00:00+0700,10.8066225,106.713295
439904049551763,2015-11-29T09:00:00+0700,2015-11-29T12:00:00+0700,10.773421258283,106.69760676039
407571132769856,2015-11-29T09:00:00+0700,,10.778148417252,106.69301749212
1705848732980878,2015-11-29T09:00:00+0700,,10.765942902456,106.67423232269
1516099898705226,2015-11-29T11:00:00+0700,,10.7942429,106.6632309
1656788981261051,2015-11-29T09:00:00+0700,,10.802967616955,106.70167668533
1518472738468607,2015-11-29T14:00:00+0700,,,
654461881357842,2015-11-29T11:30:00+0700,,10.7856302,106.7033615
1222058461147926,2015-11-29T15:00:00+0700,,10.841087386943,106.59981935942
1677137379195108,2015-11-29T15:00:00+0700,,10.7685204,106.6792297
962375430501761,2015-12-06T15:00:00+0700,2015-12-20T15:00:00+0700,10.721595303042,106.71171079013
559294150884982,2015-11-29T16:00:00+0000,,10.9685001,106.4858017
1521727101485445,2015-11-29T17:00:00+0700,2015-11-29T18:00:00+0700,10.719959234777,106.70079259775
921247657930940,2015-11-29T19:00:00+0700,2015-12-13T19:00:00+0700,10.726910700135,106.71979033289
1651991358358984,2015-11-30T08:00:00+0000,,10.754269043266,106.66465279062
1696580997242512,2015-11-29T18:00:00+0700,,10.760978525335,106.66851385307
438894969641721,2015-11-30T18:00:00+0700,,10.7810602,106.6933136
496623987186051,2015-11-30T18:00:00+0000,2015-12-01T13:00:00+0000,10.783209763927,106.6966324762
1652886671626434,2015-11-30T17:00:00+0700,2015-12-01T10:00:00+0700,,
1719877178240884,2015-12-01T13:00:00+0700,2015-12-01T16:30:00+0700,10.7556,106.6629
400098013518097,2015-12-01T08:00:00+0000,,10.8584,106.7631
182579205421953,2015-12-01T17:30:00+0700,2015-12-01T19:00:00+0700,10.785546649484,106.70309289169
533649503465344,2015-12-01T18:00:00+0700,,10.7908001,106.6996613
435322593338815,2015-12-01T19:00:00+0700,2015-12-01T20:30:00+0700,10.7787399,106.7048264
1706173342932599,2015-12-01T19:00:00+0700,2015-12-01T23:30:00+0700,10.779934425415,106.70304728673
965011166870264,2015-12-02T09:00:00+0700,2015-12-05T15:00:00+0700,10.795590790197,106.65482121754
901441069942273,2015-12-02T10:00:00+0700,2015-12-03T17:00:00+0700,10.729411608643,106.6950871708
775340979147675,2020-11-15T00:00:00+0700,,10.7694,106.682
104739873227552,2015-12-02T18:00:00+0700,2015-12-02T20:30:00+0700,10.781373055482,106.70011027527
732668420104638,2020-12-31T00:00:00+0700,,10.912801269844,106.768760934
915555705185172,2015-12-03T18:30:00+0700,2015-12-05T22:30:00+0700,10.7844439,106.7025299
989215157823834,2015-12-03T19:00:00+0700,2015-12-03T21:00:00+0700,10.808919285811,106.73345281553
1181828128499301,2015-12-02T18:30:00+0700,2015-12-02T21:00:00+0700,10.80640357,106.67654755
844647615632924,2015-12-04T10:00:00+0700,2015-12-04T17:00:00+0700,10.729185287723,106.69357575592
1526832960967465,2015-12-03T20:30:00+0700,,10.790258594234,106.69894492325
945773412167164,2015-12-04T13:00:00+0700,2015-12-12T16:00:00+0700,10.7762613,106.7034607
1487338478240415,2015-12-04T22:00:00+0700,,10.767313098301,106.70713766289
981889315202456,2015-12-05T08:00:00+0700,,10.806077824021,106.66213421323
919883004725577,2015-12-02T12:00:00+0000,2015-12-02T15:00:00+0000,10.7730503,106.693573
185119101830875,2015-12-05T09:00:00+0700,,10.7747803,106.7033081
134204513609045,2015-12-05T14:00:00+0700,2015-12-05T19:00:00+0700,10.773278596056,106.70602634292
1508923892768261,2015-12-05T13:00:00+0700,2015-12-05T16:30:00+0700,10.7548972622,106.662824061
1507499536214730,2015-12-05T18:00:00+0700,2015-12-05T22:00:00+0700,10.781598652254,106.6878247261
182047475468283,2015-12-20T19:00:00+0700,,10.7694,106.682
1532926813694297,2015-12-05T22:00:00+0700,,10.767313098301,106.70713766289
468807196637000,2015-12-06T08:30:00+0700,,10.78322577,106.69111664667
973042492757521,2015-12-06T09:00:00+0700,2015-12-06T12:00:00+0700,10.7837599774,106.687420147
738541012946372,2015-12-06T11:00:00+0700,2015-12-06T21:00:00+0700,10.820096,106.7260284
1519188885061886,2015-12-06T19:00:00+0700,,10.811224,106.7116394
426286864233621,2015-12-06T20:00:00+0700,,10.7694,106.682
1640768362814765,2015-12-05T14:00:00+0700,2015-12-05T19:00:00+0700,10.773278596056,106.70602634292
1640441632884917,2015-12-07T20:00:00+0700,,10.772393308507,106.69890864563
1534172186874420,2015-12-11T09:00:00+0700,2015-12-11T12:00:00+0700,10.7730331,106.7043381
1679693232317526,2015-12-08T09:00:00+0700,2015-12-08T12:00:00+0700,10.7741203,106.7059784
1674987226048875,2015-12-06T18:30:00+0700,,10.766129429041,106.70763201883
1043554092355578,2015-12-11T09:00:00+0700,2015-12-11T12:00:00+0700,10.7730331,106.7043381
513269075506031,2015-12-09T17:00:00+0700,,10.75,106.66667
1632060023722646,2015-12-10T09:00:00+0700,2015-12-11T16:00:00+0700,10.7629805,106.6824799
1035314519836199,2015-12-01T09:00:00+0700,2015-12-05T21:00:00+0700,10.773447283294,106.69424160194
1621361011463261,2015-12-08T10:00:00+0700,,10.812470749412,106.69434841735
1674692909412629,2015-12-11T03:00:00+0000,2015-12-11T06:00:00+0000,10.7694,106.682
1686890481593187,2015-12-11T18:00:00+0700,,10.776127118745,106.68803669254
505814529591768,2015-12-10T18:00:00+0700,,10.790258594234,106.69894492325
516654305161658,2015-12-11T20:00:00+0700,,10.8171473,106.7296753
1530259643962493,2015-12-12T08:30:00+0700,2015-12-12T11:30:00+0700,10.755610301074,106.69060412708
843714479079121,2015-12-12T08:00:00+0700,2015-12-13T08:00:00+0700,10.889174720429,106.82437254073
1552412775048787,2015-12-12T14:00:00+0700,2015-12-12T17:00:00+0700,10.754866934655,106.66573171477
736325763177454,2015-12-12T14:00:00+0700,2015-12-12T16:00:00+0700,10.806337345686,106.68779625368
162141244138436,2015-12-12T17:30:00+0700,2015-12-12T22:00:00+0700,10.833641635469,106.65038104754
993550154026187,2015-12-12T19:30:00+0700,,10.7906771,106.672905
922981211110550,2015-12-08T00:00:00+0700,,,
1505314403101681,2015-12-13T08:30:00+0700,,10.78322577,106.69111664667
1284046531620841,2015-12-13T12:00:00+0000,2015-12-13T15:00:00+0000,10.7694,106.682
503013489880764,2015-12-15T18:00:00+0700,,10.776127118745,106.68803669254
2111249605680682,2015-12-11T20:00:00+0700,,10.76612200006,106.70758258023
503683439801590,2015-12-12T09:00:00+0700,2015-12-12T13:00:00+0700,10.81589517,106.72802696
745393205572443,2015-12-18T15:00:00+0700,,10.767009837608,106.68780966473
1703998466479897,2015-12-19T05:30:00+0700,2015-12-19T08:00:00+0700,10.780325565833,106.70411726917
778607978933665,2015-12-19T01:30:00+0000,2015-12-19T04:00:00+0000,,
617788491694733,2015-12-13T10:00:00+0700,2015-12-13T18:30:00+0700,10.816874263333,106.72984182833
928894690519883,2015-12-19T09:00:00+0700,,10.7818051727,106.69685943794
1014810091916125,2015-12-19T09:00:00+0700,,10.7818051727,106.69685943794
322719451185700,2015-12-19T09:30:00+0700,2015-12-19T12:00:00+0700,10.75,106.66667
1196963383666646,2015-12-19T13:00:00+0700,,9.54443157398,105.57784289
1708970406004977,2015-12-18T13:00:00+0700,2015-12-18T18:00:00+0700,10.755595133788,106.69050920894
143844432640742,2015-12-19T18:30:00+0700,,10.729458797101,106.72176687014
1516028465387070,2015-12-19T14:00:00+0000,,10.7694,106.682
140964029594460,2015-12-20T02:00:00+0000,2015-12-20T07:00:00+0000,10.83338704402,106.74330730711
1650885058527739,2015-12-20T15:00:00+0700,,10.7694,106.682
451702801686804,2015-12-20T19:20:00+0000,,10.509491192222,107.19651946188
196339154035041,2015-12-23T15:00:00+0700,2015-12-23T19:00:00+0700,10.7318602,106.7094879
1511611085832695,2015-12-24T02:30:00+0000,2015-12-24T15:00:00+0000,10.802161199891,106.73995545934
543875712442279,2015-12-24T14:00:00+0000,2015-12-24T17:00:00+0000,10.7694,106.682
185859111756213,2015-12-24T14:00:00+0000,2015-12-24T17:00:00+0000,10.7694,106.682
1656401337951247,2015-12-19T09:00:00+0700,2015-12-19T21:00:00+0700,10.779973522098,106.70682529841
172015596484680,2015-12-24T19:00:00+0700,,10.801776742088,106.71506627274
433643840174870,2015-12-25T14:00:00+0000,2015-12-25T17:00:00+0000,10.7694,106.682
1526600467663466,2015-12-25T15:00:00+0000,2015-12-25T18:00:00+0000,10.7694,106.682
500423840117190,2015-12-25T14:00:00+0000,2015-12-25T17:00:00+0000,10.7694,106.682
1642191769376008,2015-12-26T12:30:00+0000,2015-12-26T15:30:00+0000,10.7694,106.682
963606073713590,2015-12-27T08:00:00+0700,2015-12-27T10:00:00+0700,,
1006126902778254,2015-12-27T14:00:00+0000,2015-12-27T17:00:00+0000,10.7694,106.682
830806940365171,2015-12-27T14:00:00+0000,2015-12-27T17:00:00+0000,10.7694,106.682
736854409753137,2015-12-19T15:00:00+0700,2016-01-01T18:00:00+0700,10.8171473,106.7296753
1185739131454038,2015-12-31T08:00:00+0000,,10.731776556254,106.70738639548
1058521250847143,2016-01-11T14:30:00+0700,2016-01-11T18:00:00+0700,10.7776642,106.6915436
1621002981483264,2016-01-01T00:00:00+0700,,10.78322577,106.69111664667
546511775497792,2016-01-01T04:00:00+0700,2016-01-14T07:00:00+0700,10.776888888889,106.70080555556
1642038106013042,2016-01-06T18:00:00+0700,2016-01-06T20:00:00+0700,10.808119400078,106.70286708101
453886348128558,2016-01-04T00:00:00+0000,,14.2691105,109.1575435
1075252359181865,2016-01-08T09:00:00+0700,2016-01-21T16:00:00+0700,10.7694,106.682
483455978483118,2016-01-10T10:00:00+0700,,10.775967031518,106.6940911056
913202995427226,2016-01-10T14:30:00+0700,,10.8036156,106.7210388
1661242774134560,2015-12-31T10:00:00+0700,,10.784618187806,106.66802465916
1529728530676755,2016-01-16T20:00:00+0700,2016-01-17T01:00:00+0700,9.9242118522758,106.35380085558
944906258916704,2016-01-20T09:00:00+0700,2016-01-24T21:30:00+0700,10.773224708039,106.69328159847
940016226073543,2016-01-11T08:00:00+0700,2016-03-11T02:00:00+0700,10.80534,106.73616
1659661840956158,2016-01-27T08:00:00+0700,2016-01-31T22:00:00+0700,,
555065451317943,2016-02-24T15:00:00+0700,,10.7694,106.682
171696766513692,2016-01-23T15:00:00+0700,2016-01-24T11:00:00+0700,11.334771720832,105.89999529834
192597301083272,2016-03-09T09:00:00+0700,2016-03-11T12:00:00+0700,10.7694,106.682
136941413335064,2016-02-28T09:00:00+0700,,10.7726402,106.7049713
1640299296249931,2016-04-29T06:00:00+0700,,10.7695704,106.7017136
805936946171777,2016-04-29T08:00:00+0700,,10.7695704,106.7017136
1638293353104889,2015-12-01T08:00:00+0000,,10.8056831,106.6780243
1520378681616309,2016-04-23T14:00:00+0700,2016-05-01T17:00:00+0700,10.7694,106.682
1528311744146761,2015-11-30T17:00:00+0000,2015-12-07T16:55:00+0000,10.802785057777,106.66506678571
463930303805709,2015-12-01T06:00:00+0700,2015-12-13T21:00:00+0700,10.824478654535,106.77611334991
986456478078557,2015-12-01T08:30:00+0700,2015-12-12T21:00:00+0700,10.75,106.66667
637763486326266,2015-12-01T09:00:00+0700,,10.76839,106.69512
1654326954816284,2015-12-01T04:00:00+0000,,10.758190932857,106.66595141125
979761405403606,2015-12-01T15:00:00+0700,2015-12-01T18:30:00+0700,10.798152448728,106.66913880777
1659170661026981,2015-12-01T15:00:00+0700,,10.75,106.66667
1510567955909044,2015-12-01T09:00:00+0700,,10.77575491212,106.70338059091
423850587821938,2015-12-01T18:00:00+0700,2015-12-01T21:00:00+0700,10.7891259,106.6962035
503234193169664,2015-12-31T15:00:00+0700,,10.738611111111,106.72638888889
941536949250740,2015-12-01T19:30:00+0700,,10.7677898,106.6586761
923304757761862,2015-12-01T12:30:00+0000,2015-12-01T15:30:00+0000,10.802785057777,106.66506678571
1016878174999794,2015-12-01T22:00:00+0700,2015-12-15T01:00:00+0700,10.79457,106.7010498
446234268895916,2015-12-01T18:00:00+0700,,10.765942902456,106.67423232269
1300065630019579,2015-12-01T20:00:00+0700,,10.790258594234,106.69894492325
1484603061846426,2015-12-02T00:00:00+0700,,10.8063702,106.7116655
1616257998636516,2015-12-02T04:00:00+0700,,10.781583844447,106.6976211853
1632099843710739,2015-12-02T09:00:00+0700,,10.796889451938,106.65606374841
1667516100192564,2015-12-02T09:00:00+0700,2015-12-02T11:00:00+0700,10.773488440823,106.70003414154
1159030577448377,2015-12-02T09:30:00+0700,2015-12-05T16:00:00+0700,10.743099861667,106.6830840125
1269087456450623,2015-12-02T12:00:00+0700,,10.8096294,106.6782608
1087612831273155,2015-12-02T18:30:00+0700,2015-12-21T20:30:00+0700,10.778775069374,106.68957455826
1653260184922609,2015-12-02T21:00:00+0700,,10.777698260699,106.70481190705
567115560108934,2015-12-03T08:00:00+0700,,10.7694,106.682
436004849930354,2015-12-02T10:30:00+0000,2015-12-02T13:00:00+0000,10.801776742088,106.71506627274
1524682541185172,2015-12-03T08:00:00+0700,2015-12-09T22:00:00+0700,10.787540368818,106.70159954742
1528507317470530,2015-12-03T18:00:00+0700,2015-12-03T21:00:00+0700,10.77688321548,106.69817908478
197446043924959,2015-12-03T18:30:00+0700,2015-12-03T21:00:00+0700,10.77688321548,106.69817908478
182401922107555,2015-12-03T18:30:00+0700,2015-12-03T21:00:00+0700,10.8001338,106.6815263
1647685948816343,2015-12-03T21:00:00+0700,,10.777698260699,106.70481190705
1489600091342084,2015-12-03T17:00:00+0000,2015-12-04T16:59:00+0000,,
1147721275255613,2015-12-04T00:00:00+0700,,10.8278275,106.6757126
1635667590055386,2015-12-03T18:00:00+0700,2015-12-03T21:00:00+0700,10.7829504,106.7047577
1527444727569728,2015-12-04T01:00:00+0000,2015-12-06T16:59:00+0000,10.740139898199,106.65564997864
1004501272934293,2015-12-04T05:30:00+0700,2015-12-04T06:30:00+0700,10.757289056046,106.6649165365
1717752625120818,2015-12-04T09:30:00+0700,2015-12-12T17:30:00+0700,10.7799597,106.7036972
520514754791299,2015-12-04T15:00:00+0700,2015-12-04T20:00:00+0700,10.799057735756,106.75155504417
147122932314782,2015-12-09T18:30:00+0700,2015-12-09T20:30:00+0700,,
858874757559077,2015-12-04T17:30:00+0700,2015-12-06T19:00:00+0700,10.777747462188,106.69307215881
1709634665938326,2015-12-04T21:00:00+0700,,10.777698260699,106.70481190705
1245920382101712,2015-12-05T08:00:00+0700,2015-12-06T22:00:00+0700,10.781608166192,106.69771298045
1108946245804839,2015-12-05T08:00:00+0700,,10.776317583781,106.69223729358
1660504720886715,2015-12-04T06:15:00+0000,2015-12-04T13:00:00+0000,10.779148221547,106.69565677643
523399524503134,2015-12-05T08:30:00+0700,,10.78322577,106.69111664667
951818681522660,2015-12-05T08:30:00+0700,,10.780024002615,106.69474585724
478515825661630,2015-12-05T08:30:00+0700,2015-12-05T11:00:00+0700,10.77563,106.6883392
497474997090416,2015-12-05T09:00:00+0700,2015-12-05T12:00:00+0700,10.7878103,106.6969528
1654656524793572,2015-12-05T09:00:00+0700,,10.7548504,106.6564331
1651077358490304,2015-12-05T08:00:00+0700,2015-12-05T14:00:00+0700,10.7750301,106.69841
758281127610735,2015-12-05T11:15:00+0700,2015-12-05T11:45:00+0700,10.7676897,106.6969528
964558963605182,2015-12-05T10:00:00+0700,2015-12-06T22:00:00+0700,10.72790167305,106.71813203764
521058938061840,2015-12-05T13:00:00+0700,2015-12-05T18:00:00+0700,10.7878704,106.7029114
511804775649731,2015-12-18T14:00:00+0700,,10.8068469617,106.63438665959
1670500086530536,2015-12-05T14:00:00+0700,,10.7723155,106.7040522
547834262048687,2015-12-05T15:00:00+0700,,10.776125051474,106.68727704056
175717846112495,2015-12-05T09:00:00+0700,2015-12-06T17:00:00+0700,10.777747462188,106.69307215881
515513515294126,2015-12-05T13:00:00+0700,2015-12-06T11:30:00+0700,10.7623720542,106.682422003
1033124196708995,2015-12-05T19:15:00+0700,2015-12-05T21:00:00+0700,10.789491355269,106.66447253057
1254733711210840,2015-12-05T21:00:00+0700,,10.777698260699,106.70481190705
880625092051974,2015-12-06T00:30:00+0000,,10.8304377,106.7747803
1229112313782698,2015-12-05T22:00:00+0700,,10.782853210143,106.70531167299
427718597425292,2015-12-06T06:30:00+0700,,10.73918240875,106.70040222875
134970850201139,2015-12-13T08:00:00+0700,,10.854592237133,106.76681144905
1522705568048224,2015-12-06T07:00:00+0700,2015-12-06T11:00:00+0700,10.804019,106.6852646
506193636215894,2015-12-06T08:00:00+0700,,10.7709636,106.6969735
938212972880621,2015-12-06T13:00:00+0700,,10.846117924,106.793949221
431581403704434,2015-12-06T15:00:00+0700,2015-12-06T18:00:00+0700,10.8095717,106.7046696
1021939417856219,2015-12-07T06:00:00+0700,2015-12-31T06:00:00+0700,10.7694,106.682
1048580948520263,2015-12-05T19:00:00+0700,2015-12-05T22:30:00+0700,10.7827902,106.6828308
570911803060678,2015-12-05T16:30:00+0700,,10.714489331958,106.72973920659
1699526300334531,2015-12-08T19:00:00+0700,2015-12-08T23:59:00+0700,10.779934425415,106.70304728673
148665628826112,2015-12-08T00:00:00+0700,2015-12-12T00:00:00+0700,10.7694,106.682
1643882742553367,2015-12-09T09:00:00+0700,2015-12-13T21:00:00+0700,10.795590790197,106.65482121754
441791196018550,2015-12-06T14:00:00+0700,2015-12-06T16:00:00+0700,10.794629850425,106.65364089422
1913467532211684,2015-12-07T18:00:00+0700,,10.7628403,106.6936188
875491222558206,2015-12-09T09:00:00+0700,2015-12-13T21:00:00+0700,10.795663625,106.654713825
1521978201451195,2015-12-10T00:00:00+0700,,10.75,106.66667
147836405575804,2015-12-10T19:00:00+0700,2015-12-10T21:00:00+0700,10.806337345686,106.68779625368
1105684389456261,2015-12-09T03:00:00+0000,2015-12-13T14:00:00+0000,10.795590790197,106.65482121754
112055882496156,2015-12-10T21:00:00+0700,,10.767313098301,106.70713766289
147543952268126,2015-12-11T06:00:00+0700,2015-12-24T21:00:00+0700,10.7915001,106.6986618
1663241800631364,2015-12-11T08:00:00+0700,2015-12-11T21:00:00+0700,21.0333,105.85
1485905395049069,2015-12-12T08:00:00+0700,2015-12-13T21:30:00+0700,10.75,106.66667
1661302524107965,2015-12-12T09:00:00+0700,,10.754786114454,106.64347811413
1525581344429548,2015-12-12T09:30:00+0700,2015-12-13T19:30:00+0700,10.777747462188,106.69307215881
939638432739841,2015-12-12T06:00:00+0700,2015-12-13T18:00:00+0700,10.8488503,106.7737198
1631223837143296,2015-12-12T14:00:00+0700,2015-12-12T17:00:00+0700,10.7799597,106.7036972
564214203736354,2015-12-12T20:00:00+0700,,10.772821261302,106.70473966781
796359963823801,2015-12-09T18:00:00+0700,2015-12-09T20:00:00+0700,10.7677002,106.6963425
863818937066030,2015-12-12T20:00:00+0700,,10.777698260699,106.70481190705
931755086907392,2015-12-13T13:30:00+0700,2015-12-13T14:30:00+0700,10.786692605721,106.69990136463
1862289050664286,2015-12-12T22:00:00+0700,,10.767313098301,106.70713766289
1636419359964472,2015-12-13T18:00:00+0700,,10.881902533101,106.76727278998
1903560073203000,2015-12-13T16:00:00+0700,,10.8171473,106.7296753
615529688584925,2015-12-13T21:00:00+0700,,10.793776733239,106.68078124523
206982252968387,2015-12-14T08:00:00+0700,2015-12-25T21:00:00+0700,10.77283,106.6807175
1524146437896753,2015-12-15T08:00:00+0700,,10.7685099,106.69292
909342335818912,2015-12-15T08:00:00+0700,,10.7504063,106.7357178
1097491116941832,2015-12-15T09:00:00+0700,2015-12-17T16:30:00+0700,10.80675370607,106.7127814232
1049885751717830,2015-12-15T19:00:00+0700,2015-12-15T23:59:00+0700,10.779934425415,106.70304728673
684094101690679,2015-12-16T20:00:00+0700,,10.775345471802,106.70401425112
1623894431205037,2015-12-19T00:00:00+0000,2015-12-19T13:30:00+0000,11.0029983,106.4248797
1087227407978907,2015-12-19T09:00:00+0700,,10.7818051727,106.69685943794
1097525770265879,2015-12-19T08:00:00+0700,2015-12-19T17:00:00+0700,10.860573905,106.69490278
811739372281195,2015-12-20T02:00:00+0000,2015-12-20T05:00:00+0000,10.741318629633,106.6859802085
191603491180441,2015-12-19T10:30:00+0700,2015-12-19T14:00:00+0700,10.7750425,106.7040176
1195426057139585,2015-12-20T08:00:00+0700,,10.78722,106.6867828
210616589269733,2015-12-20T01:00:00+0700,2015-12-31T04:00:00+0700,10.7694,106.682
1685457638407711,2015-12-20T09:00:00+0700,2015-12-20T18:00:00+0700,10.777649278,106.66513074367
1701251846786746,2015-12-20T09:00:00+0700,2015-12-20T23:00:00+0700,10.806337345686,106.68779625368
1712903448943953,2015-12-12T14:00:00+0700,2015-12-12T17:00:00+0700,10.7841666667,106.703611111
795615873894893,2015-12-22T09:00:00+0000,2015-12-24T17:00:00+0000,10.795671784286,106.73397454571
904360302946503,2015-12-19T08:00:00+0700,2015-12-19T17:00:00+0700,10.792438,106.711407
1710798212475019,2015-12-26T11:38:00+0700,,10.765216231125,106.68217479537
497540377073623,2015-12-25T19:00:00+0700,,10.781373055482,106.70011027527
1022059251192311,2015-12-27T00:30:00+0000,2015-12-27T05:00:00+0000,10.760766316667,106.63130525222
693708780763158,2015-12-27T17:00:00+0700,2015-12-27T21:00:00+0700,10.753842394284,106.68284527939
1531702013811551,2015-12-27T20:00:00+0700,,10.8411922,106.7852173
471985069655963,2015-12-31T19:00:00+0700,,10.781373055482,106.70011027527
1633215753600006,2016-01-01T08:00:00+0700,,10.782822462184,106.68082251024
316165041841133,2016-01-01T10:00:00+0700,,10.797680268077,106.71548129063
622805614525410,2016-01-03T14:00:00+0700,2016-01-06T12:00:00+0700,10.764306929827,106.69186200258
1084051461628235,2016-01-06T14:00:00+0700,2016-01-09T12:00:00+0700,10.764306929827,106.69186200258
194438797565243,2016-01-06T23:00:00+0700,,10.8061275,106.7352066
1090461880986834,2016-01-08T08:00:00+0700,,10.777762283239,106.68236516915
699502706817410,2016-01-09T01:00:00+0000,2016-01-10T23:00:00+0000,10.781583844447,106.6976211853
1015853445139298,2016-01-10T14:00:00+0700,2016-01-13T12:00:00+0700,10.764306929827,106.69186200258
148966468795177,2015-12-20T14:00:00+0700,,10.816938324444,106.72993509444
108134606222077,2016-01-16T03:00:00+0000,,10.782691978546,106.64221780319
165949957093452,2016-01-20T16:00:00+0000,2016-01-29T16:00:00+0000,10.790102806176,106.63360991998
632343673535086,2016-01-19T20:00:00+0700,,10.766129429041,106.70763201883
1045203018844119,2016-01-24T14:00:00+0700,2016-01-27T12:00:00+0700,10.764306929827,106.69186200258
201315583540331,2016-01-28T14:00:00+0700,2016-01-28T20:00:00+0700,10.778979023457,106.66352434754
141278542901395,2016-01-31T14:00:00+0700,2016-02-03T12:00:00+0700,10.764306929827,106.69186200258
186283245051572,2016-02-03T14:00:00+0700,2016-02-06T12:00:00+0700,10.764306929827,106.69186200258
906526716092147,2016-01-24T05:00:00+0700,2016-01-24T09:00:00+0700,10.74682256752,106.60165863424
519090021584170,2015-12-22T08:00:00+0700,2015-12-22T18:00:00+0700,21.06324963,105.90870925333
1203504226329979,2016-02-09T00:00:00+0000,2016-02-09T10:00:00+0000,9.9820215,106.47678448111
1514846838808883,2016-02-10T14:00:00+0700,2016-02-13T12:00:00+0700,10.764306929827,106.69186200258
520820201413981,2016-02-14T14:00:00+0700,2016-02-17T12:00:00+0700,10.764306929827,106.69186200258
1510672092560813,2016-02-16T14:00:00+0700,,10.290382417681,105.76128021265
1542894519335025,2016-02-17T14:00:00+0700,2016-02-20T12:00:00+0700,10.764306929827,106.69186200258
1697241207153927,2016-02-24T14:00:00+0700,2016-02-27T12:00:00+0700,10.764306929827,106.69186200258
1075900679094831,2016-02-28T14:00:00+0700,2016-03-02T12:00:00+0700,10.764306929827,106.69186200258
775060535938975,2016-03-01T09:00:00+0700,2016-03-03T17:00:00+0700,10.730852785315,106.72197311559
744896578949787,2015-12-09T02:00:00+0000,2015-12-10T05:00:00+0000,10.398662567139,105.50444030762
697751497029151,2016-05-15T07:00:00+0700,,10.7812042913,106.65988465602
959389974114381,2015-12-09T07:00:00+0700,,10.77014849532,106.69241100724
522699517907896,2015-12-09T09:00:00+0700,2015-12-09T12:00:00+0700,10.7109113,106.6198327
1671093049797551,2015-12-09T09:00:00+0700,2015-12-10T09:00:00+0700,10.7835579,106.6908875
638700909606250,2015-12-09T09:00:00+0700,2015-12-09T17:00:00+0700,10.7694,106.682
1005999786129071,2015-12-09T14:00:00+0700,2015-12-09T16:00:00+0700,10.765614472069,106.68919134264
539873796161601,2015-12-09T18:00:00+0700,2015-12-09T21:00:00+0700,10.8050546,106.7417328
531156197048525,2015-12-09T18:00:00+0700,,10.7750196,106.7041473
1000106890047849,2015-12-09T18:30:00+0700,2015-12-09T20:30:00+0700,10.777347060613,106.70667421438
1683796151836864,2015-12-09T18:00:00+0700,,10.7713156,106.7024765
1648453092109468,2015-12-09T18:30:00+0700,2015-12-09T20:30:00+0700,10.777347060613,106.70667421438
388895911319530,2015-12-09T19:30:00+0700,,10.777329760768,106.70410661004
1693365670899291,2015-12-09T19:00:00+0700,,10.7822027,106.6972809
767175890075974,2015-12-09T18:30:00+0700,2015-12-09T21:30:00+0700,10.7546482,106.6417389
104319653272514,2015-12-09T19:00:00+0700,,10.714840625129,106.72946533074
1530029940650750,2015-12-09T20:00:00+0700,,10.790258594234,106.69894492325
816885561766653,2015-12-10T05:30:00+0700,2015-12-10T06:30:00+0700,10.753842394284,106.68284527939
979657385461665,2015-12-10T07:00:00+0700,,10.781583844447,106.6976211853
1691391881106184,2015-12-10T08:00:00+0700,2015-12-10T17:00:00+0700,10.782606161821,106.6432226205
421119548091976,2015-12-10T01:30:00+0000,2016-01-10T07:00:00+0000,10.819966714184,106.7232360037
509067575934128,2015-12-10T10:00:00+0700,2015-12-12T17:00:00+0700,10.7548504,106.6564331
1505508989750013,2015-12-10T00:00:00+0000,2016-01-20T00:00:00+0000,10.7694,106.682
911255902304156,2015-12-10T11:00:00+0700,,10.796220788824,106.6722132054
1233837203309392,2015-12-10T11:30:00+0700,,10.7797878,106.7075298
1105613332795638,2015-12-10T14:00:00+0700,,10.7997398,106.6744995
1213165988698115,2015-12-10T01:00:00+0700,2015-12-12T23:59:00+0700,,
1419793634991801,2015-12-09T20:30:00+0700,2015-12-09T23:30:00+0700,10.8171473,106.7296753
185658591781769,2015-12-10T14:00:00+0700,,10.7694,106.682
1640260392905854,2015-12-10T16:30:00+0700,2015-12-10T17:15:00+0700,10.74332141,106.63491515
980247192019033,2015-12-10T16:00:00+0700,,10.737977,106.7249069
1639903826263071,2015-12-10T18:30:00+0700,2015-12-10T20:30:00+0700,10.753842394284,106.68284527939
805947839515103,2015-12-10T16:00:00+0700,,10.794493595506,106.68070414717
1499277143707015,2015-12-10T18:30:00+0700,2015-12-10T21:30:00+0700,10.7876301,106.696312
1625854811001049,2015-12-10T18:30:00+0700,2015-12-10T20:30:00+0700,10.7903776,106.7098236
1688084038103324,2015-12-10T19:00:00+0700,,10.777243752372,106.69106841246
820001494809516,2015-12-31T15:00:00+0700,,10.778579086399,106.66639924049
1668720313411815,2015-12-10T19:00:00+0700,2015-12-10T20:30:00+0700,10.773911031032,106.70483096313
1631392703787382,2015-12-10T19:00:00+0700,,10.69461088708,106.58468951138
443004689237663,2015-12-10T21:00:00+0700,,10.777698260699,106.70481190705
936818653073726,2015-12-10T19:30:00+0700,2015-12-10T20:30:00+0700,10.729451347451,106.70329029588
480125172148867,2015-12-11T08:00:00+0700,2015-12-11T12:00:00+0700,10.774620909332,106.70280163624
1647583882159262,2015-12-11T08:00:00+0700,2015-12-11T12:00:00+0700,10.7843752,106.6961517
559982230825313,2015-12-11T08:30:00+0700,,10.87501557,106.80000072
726818964116377,2015-12-11T09:00:00+0000,2015-12-13T08:00:00+0000,10.468516908168,107.37357781859
171069349914286,2015-12-10T19:00:00+0700,,10.77207330075,106.67391541154
1078098455568197,2015-12-10T18:00:00+0700,,10.729649866797,106.70337684453
171906006496292,2015-12-11T11:20:00+0700,2015-12-11T17:20:00+0700,10.7694,106.682
1504836836482814,2015-12-11T08:00:00+0700,2015-12-11T17:00:00+0700,10.804150856204,106.65611311028
413282898874437,2015-12-11T16:00:00+0700,,10.794205,106.6412045
331003723690353,2015-12-11T11:00:00+0000,2015-12-11T15:59:00+0000,10.7694,106.682
1748602092029489,2015-12-11T10:00:00+0700,2015-12-13T21:00:00+0700,10.7734679031,106.69263729
909612199075787,2015-12-11T19:45:00+0700,2015-12-13T18:00:00+0700,10.769518934128,106.67707108758
1225088244174418,2015-12-11T21:00:00+0700,,10.772821261302,106.70473966781
1716643355237581,2015-12-11T18:00:00+0700,,10.7347774,106.7039089
883565628424262,2015-12-11T17:30:00+0700,2015-12-11T19:00:00+0700,10.72910564,106.68816115
1709841822580169,2015-12-11T21:00:00+0700,,10.781373055482,106.70011027527
785327294945736,2015-12-11T21:00:00+0700,,10.777698260699,106.70481190705
1703068869909390,2015-12-11T21:00:00+0700,2016-02-19T03:00:00+0700,10.772277371056,106.70199855042
421138411417519,2015-12-12T06:00:00+0700,,10.138919016667,106.46396718333
538009549698975,2015-12-12T08:00:00+0700,,10.833334,106.6711044
1661877344092892,2015-12-12T08:00:00+0700,2015-12-13T00:00:00+0700,10.75,106.667
1666026406977717,2015-12-12T08:00:00+0700,2015-12-13T16:00:00+0700,10.385702090338,106.6799641433
1646083315673798,2015-12-12T08:00:00+0700,2015-12-12T22:00:00+0700,10.731776556254,106.70738639548
522546991255308,2015-12-11T18:00:00+0700,2015-12-11T21:00:00+0700,10.7829504,106.7047577
1658659127707704,2015-12-12T08:00:00+0700,2015-12-12T10:30:00+0700,10.794701214516,106.6770017035
1008688415837165,2015-12-12T08:00:00+0700,,10.7694,106.682
994106403980289,2015-12-12T09:00:00+0700,2015-12-12T12:00:00+0700,10.7903566,106.67379
102406670131023,2015-12-12T09:00:00+0700,2015-12-12T11:00:00+0700,10.786334,106.6874542
175544752795944,2015-12-12T09:00:00+0700,2015-12-12T18:00:00+0700,10.7722359,106.6257025
1677094069171219,2015-12-12T08:00:00+0700,2015-12-13T18:00:00+0700,10.660173396268,106.85642390883
1664578270493341,2015-12-12T09:00:00+0700,,10.834085767133,106.7627120018
949599858452693,2015-12-12T09:00:00+0700,,10.865177905855,106.65665471327
189594248051014,2015-12-12T08:30:00+0700,2015-12-13T17:30:00+0700,10.7297592,106.7164459
1720336314866386,2015-12-12T09:00:00+0700,2015-12-12T12:00:00+0700,10.7878103,106.6969528
726242387520415,2015-12-11T23:00:00+0000,,10.293552840587,106.47682948421
981112258646565,2015-12-12T11:00:00+0700,,10.78071470058,106.69005801642
194844427522325,2015-12-12T11:00:00+0700,,10.78639,106.68959
1646887362265524,2015-12-12T11:00:00+0700,2015-12-12T16:00:00+0700,10.778833036855,106.6981254406
1651393238467022,2015-12-12T11:15:00+0700,,10.7676897,106.6969528
820033921441172,2015-12-12T11:15:00+0700,,10.76741,106.69676
911716662252390,2015-12-12T09:30:00+0700,,10.773573760021,106.69719203186
513376695507303,2015-12-12T09:30:00+0700,2015-12-12T12:30:00+0700,10.806337345686,106.68779625368
634117280063183,2015-12-12T13:00:00+0700,2015-12-13T19:00:00+0700,10.7701101,106.7006302
1921892214701741,2015-12-12T13:30:00+0700,,10.8579785,106.6944613
1529283920727903,2015-12-12T15:00:00+0700,,10.803672707386,106.61420345306
155521954804183,2015-12-12T15:00:00+0700,2015-12-16T18:00:00+0700,10.7703304,106.686142
1711092932457167,2015-12-12T15:30:00+0700,,,
453224584880383,2015-12-12T17:00:00+0700,2015-12-12T22:00:00+0700,10.797690545493,106.71578443662
991819960860931,2015-12-12T13:30:00+0700,2015-12-12T16:30:00+0700,10.833248422669,106.6640573066
1643242252615177,2015-12-12T16:30:00+0700,,10.714489331958,106.72973920659
430264510431436,2015-12-12T18:00:00+0700,,10.769843679907,106.63584721082
528346493994815,2015-12-12T18:00:00+0700,,10.8488503,106.7737198
1224017744281840,2015-12-12T17:00:00+0700,2015-12-12T21:00:00+0700,10.765541919847,106.67850094469
938658272898644,2015-12-12T18:30:00+0700,2015-12-12T23:59:00+0700,10.780855698549,106.70060044635
947082921995712,2015-12-12T13:30:00+0700,,10.789192,106.684784
625355450940673,2015-12-12T19:30:00+0700,,10.775833333333,106.7015
1622506761345470,2015-12-12T20:30:00+0700,,10.766231434599,106.69932707024
460003130868144,2015-12-12T19:00:00+0700,2015-12-12T21:30:00+0700,10.7770624,106.704361
334780440025834,2015-12-13T08:00:00+0700,2015-12-13T11:00:00+0700,10.7893047,106.6367874
420480534812726,2015-12-13T08:30:00+0700,2015-12-13T12:00:00+0700,10.7701492,106.6924667
1503101423317796,2015-12-13T08:00:00+0700,,10.870842640759,106.7778512031
920688524675535,2015-12-13T09:00:00+0700,,10.797576829595,106.72109375332
1482447828730941,2015-12-13T09:00:00+0700,,10.779380091114,106.70213699341
1502149626747362,2015-12-13T09:00:00+0700,2015-12-13T21:30:00+0700,10.7724304,106.6703262
521250551370809,2015-12-13T09:00:00+0700,2015-12-13T11:00:00+0700,10.777345956551,106.68350100517
1490340894604128,2015-12-13T10:00:00+0700,2015-12-13T12:30:00+0700,10.780855698549,106.70060044635
153064995049216,2015-12-13T13:00:00+0700,,10.7753,106.6902084
427117074150111,2015-12-13T13:00:00+0700,2015-12-26T16:00:00+0700,10.8114796,106.6966858
106101656428253,2015-12-13T16:00:00+0700,2015-12-13T18:00:00+0700,10.771507966836,106.70405848694
901019553315894,2015-12-13T17:00:00+0700,2015-12-13T22:00:00+0700,10.7802687,106.6767273
101507700221789,2015-12-13T07:00:00+0700,2015-12-13T11:00:00+0700,10.75,106.66667
1735242010041189,2015-12-12T18:00:00+0700,,10.777603336811,106.7021118103
1496454080660492,2015-12-13T21:00:00+0700,,10.777698260699,106.70481190705
489955701191791,2015-12-14T07:30:00+0700,2015-12-14T11:00:00+0700,10.857995,106.7632446
1681056058808309,2015-12-13T17:00:00+0700,2015-12-13T21:00:00+0700,10.727599639211,106.71904371941
1675111399400539,2015-12-15T08:30:00+0700,,10.8324728,106.6670609
1548678642090619,2015-12-14T18:00:00+0700,,10.791655570391,106.70059578034
1541964472761003,2015-12-15T11:00:00+0700,2015-12-22T14:00:00+0700,10.7694,106.682
524114234413107,2015-12-15T18:00:00+0700,,10.795621055586,106.67643070221
890545864386215,2015-12-13T17:00:00+0700,2015-12-13T21:30:00+0700,10.779973522098,106.70682529841
909793182438987,2015-12-15T18:30:00+0700,,10.7990656,106.6881027
923349974411842,2015-12-16T07:00:00+0700,2015-12-16T09:00:00+0700,10.77362892599,106.70556820547
1512043439095614,2015-12-14T17:00:00+0700,2015-12-14T20:00:00+0700,10.7807903,106.6988678
975643799174638,2015-12-16T08:00:00+0700,2015-12-20T17:00:00+0700,10.766901038794,106.63216352463
200344163638609,2015-12-16T08:00:00+0700,2015-12-20T17:00:00+0700,10.767180347565,106.63203477859
577616049054514,2015-12-16T08:00:00+0700,2015-12-20T17:00:00+0700,10.767238317277,106.63203477859
993685390724248,2015-12-16T08:30:00+0700,,10.790009146667,106.64306596222
1522554584724939,2015-12-16T18:30:00+0700,2015-12-16T21:00:00+0700,10.7844439,106.7025299
903804406381619,2015-12-16T18:30:00+0700,2015-12-16T20:30:00+0700,10.778132866053,106.7038158335
1662531980693471,2015-12-16T20:00:00+0700,,10.79034944127,106.68650631266
1527279477598573,2015-12-17T09:30:00+0700,,10.8188858,106.6826782
422863371243414,2015-12-17T19:00:00+0700,2015-12-17T21:00:00+0700,10.768718611889,106.69334901186
805016126294455,2015-12-18T03:00:00+0700,2015-12-20T12:00:00+0700,9.95806,105.73957
177113679305241,2015-12-17T17:30:00+0700,2015-12-17T20:00:00+0700,10.777537591563,106.7034455236
737690166362787,2015-12-18T08:00:00+0700,2015-12-19T18:00:00+0700,10.79703642,106.67294835
1089433731068972,2015-12-16T09:00:00+0700,2015-12-16T11:00:00+0700,10.7835903,106.684227
1698245300413118,2015-12-15T14:00:00+0700,2015-12-15T16:00:00+0700,10.7807903,106.6988678
206548529678471,2015-12-18T08:30:00+0700,2015-12-18T12:00:00+0700,10.774620909332,106.70280163624
1120129624678935,2015-12-18T08:30:00+0700,2015-12-18T17:00:00+0700,10.77469,106.70266
147339502294639,2015-12-18T18:30:00+0700,2015-12-18T20:45:00+0700,10.7829504,106.7047577
837388036370614,2015-12-19T04:00:00+0700,2015-12-20T09:00:00+0700,10.470199058535,106.97536682796
522676277896778,2015-12-19T08:00:00+0700,,10.75,106.66667
1502067896755875,2015-12-19T08:00:00+0700,2015-12-19T20:00:00+0700,10.7829504,106.7047577
1238900219460089,2015-12-19T08:00:00+0700,2015-12-19T15:00:00+0700,10.79423034573,106.71903735585
1008718879187726,2015-12-19T08:30:00+0700,2015-12-19T11:30:00+0700,10.780855698549,106.70060044635
1080101832022591,2015-12-19T10:00:00+0700,2015-12-19T21:00:00+0700,10.801274156643,106.61784755225
1669093976705822,2015-12-19T15:00:00+0700,2015-12-19T18:00:00+0700,10.781836791009,106.68620570374
1495322954096351,2015-12-19T09:00:00+0700,2015-12-19T11:00:00+0700,10.760524296444,106.66739702225
459541974254545,2015-12-19T15:00:00+0700,2015-12-19T20:00:00+0700,10.762162464812,106.69599056664
1711469435735314,2015-12-19T18:00:00+0700,,10.765216231125,106.68217479537
1506262806335839,2015-12-19T18:00:00+0700,2015-12-19T21:00:00+0700,10.7829504,106.7047577
917274805030545,2015-12-19T19:00:00+0700,,10.7825871,106.6719055
1509061466060315,2015-12-20T05:30:00+0700,,10.7774496,106.6644058
183697085309052,2015-12-19T22:00:00+0700,,10.767313098301,106.70713766289
783030535156575,2015-12-20T08:00:00+0700,,10.410741419646,107.19989930306
799350986841746,2015-12-20T08:00:00+0700,,10.768391590674,106.69440022279
1006129929430697,2015-12-20T08:00:00+0700,2015-12-20T12:00:00+0700,10.77384,106.7054291
937732546274120,2015-12-20T08:00:00+0700,2015-12-20T13:00:00+0700,10.77384,106.7054291
1529699710677553,2015-12-20T08:00:00+0700,,10.790009146667,106.64306596222
155514448138170,2015-12-20T09:00:00+0700,,10.7632256,106.6759262
959800754113122,2015-12-19T09:30:00+0700,2015-12-19T20:30:00+0700,10.72790167305,106.71813203764
480518935460461,2015-12-20T08:00:00+0700,,10.7260599,106.7202988
1515722348739773,2015-12-20T13:30:00+0700,2015-12-20T15:30:00+0700,10.775967031518,106.6940911056
554030424752809,2015-12-20T20:00:00+0700,,10.8297091,106.7762833
436574279865489,2015-12-20T15:00:00+0700,,10.7827902,106.6828308
142982662732034,2015-12-20T09:00:00+0000,2015-12-20T11:00:00+0000,10.790583123849,106.62060112334
1188663951161863,2015-12-21T18:00:00+0700,,10.780325565833,106.70411726917
140169443014693,2015-12-21T22:00:00+0700,2015-12-22T01:00:00+0700,10.791876070922,106.71271602343
1524356571207831,2015-12-21T17:30:00+0700,2015-12-21T19:00:00+0700,10.7807903,106.6988678
184893308521677,2015-12-22T09:00:00+0700,2015-12-24T16:30:00+0700,10.80675370607,106.7127814232
921057071321923,2015-12-22T17:00:00+0700,2015-12-22T21:00:00+0700,11.286773878407,106.13087805728
1638727446395384,2015-12-23T10:00:00+0700,,10.767740138185,106.74532219585
1706072709611695,2015-12-23T12:00:00+0700,,10.804077793964,106.6467065024
822508207860576,2015-12-23T17:00:00+0700,2015-12-28T20:00:00+0700,10.756895229883,106.65061198515
440095206191965,2015-12-20T11:00:00+0700,,10.339491843346,107.07182413879
705772972857275,2015-12-23T17:00:00+0700,2015-12-28T20:00:00+0700,10.756895229883,106.65061198515
1800241690202920,2015-12-23T18:00:00+0700,,10.7704268,106.7045288
765648916897324,2015-12-24T06:00:00+0700,2016-01-01T23:59:00+0700,10.7928829,106.7073212
1236728423009723,2015-12-23T14:00:00+0700,2015-12-23T17:00:00+0700,10.75,106.66667
1711617585735945,2015-12-24T15:00:00+0700,,,
1568731703380247,2015-12-23T18:00:00+0700,2015-12-23T21:00:00+0700,10.779288450166,106.68307222528
977973752263335,2015-12-24T20:00:00+0700,,10.751866,106.6684537
1629669343966047,2015-12-24T21:00:00+0700,,10.7694,106.682
1492215341081260,2015-12-25T20:00:00+0700,,10.767313098301,106.70713766289
987125698018665,2015-12-26T09:00:00+0700,2015-12-30T12:00:00+0700,10.3833333333,107.116666667
453671248150177,2015-12-26T08:00:00+0000,,10.755595133788,106.69050920894
620328384774134,2015-12-26T19:00:00+0700,2015-12-27T00:00:00+0700,10.804019,106.6852646
972813846113398,2015-12-26T22:00:00+0700,,10.767313098301,106.70713766289
518876151627416,2015-12-27T08:00:00+0700,2015-12-27T12:00:00+0700,10.794553763104,106.67784619184
1503998173229612,2015-12-27T09:00:00+0700,2015-12-27T23:00:00+0700,10.806337345686,106.68779625368
1524179781233855,2015-12-29T23:00:00+0700,,10.7694,106.682
569444369873548,2015-12-30T00:00:00+0700,,10.8022594,106.6262512
1528600380798014,2015-12-30T00:00:00+0700,2015-12-31T03:00:00+0700,10.808119400078,106.70286708101
780400798755139,2015-12-30T05:00:00+0000,2015-12-31T05:00:00+0000,10.033333333333,105.78333333333
1719620021592967,2015-12-30T01:00:00+0700,2015-12-31T12:00:00+0700,10.808119400078,106.70286708101
732493090213979,2015-12-29T17:07:00+0000,2016-01-31T20:07:00+0000,10.7531204,106.6610184
923120371113959,2015-12-30T19:00:00+0700,2015-12-30T23:30:00+0700,10.786776699514,106.70510203067
1657790201173694,2015-12-31T12:00:00+0000,2015-12-31T15:00:00+0000,10.7694,106.682
934638543238914,2015-12-31T00:00:00+0700,,10.773741394188,106.70398235321
554566951363535,2015-12-26T15:00:00+0700,2015-12-27T21:00:00+0700,10.804634796667,106.75099489833
927752833964816,2015-12-31T04:55:00+0000,2016-01-03T08:10:00+0000,10.7694,106.682
1083813831630341,2015-12-31T09:40:00+0000,,10.8193918,106.7004843
775442875894905,2016-01-01T05:00:00+0700,2016-01-03T08:00:00+0700,10.743845541042,106.7120894041
1704501296446038,2016-01-01T07:00:00+0700,2016-01-01T19:00:00+0700,10.75,106.66667
1658985797692211,2016-01-01T00:00:00+0000,2016-01-01T11:00:00+0000,10.7289382325,106.681259086
451632908367634,2016-01-02T22:00:00+0700,,10.782853210143,106.70531167299
841494475971645,2016-01-06T09:00:00+0700,,10.7902403,106.6992111
1648873718718374,2016-01-06T12:00:00+0000,,10.7694,106.682
913343055412570,2016-01-09T11:30:00+0700,,10.79177,106.6900482
111162075920992,2016-01-10T12:30:00+0700,,10.777243752372,106.69106841246
907570112655758,2016-01-11T16:00:00+0700,2016-01-12T23:00:00+0700,10.769518934128,106.67707108758
1647815992172847,2016-01-16T18:00:00+0700,2016-01-16T21:00:00+0700,10.78327,106.69111
761539543951904,2016-01-17T02:00:00+0000,,10.80849648,106.64492778
916825201718592,2016-01-17T08:00:00+0700,,10.75202,106.67246
955987737813861,2016-01-22T19:00:00+0700,,10.804790805609,106.73236115646
971329636266123,2016-01-23T20:00:00+0000,,10.804934081429,106.71460183571
1104884302857406,2016-01-24T02:00:00+0700,,10.245541312,105.976726912
1743389909222551,2016-01-24T05:00:00+0700,,10.727359179346,106.72054156228
1534322700150621,2016-02-15T00:00:00+0700,,10.7899669,106.6647218
1530342330623823,2015-12-18T10:00:00+0700,,10.801555428539,106.61765917017
1702412593310789,2016-03-06T08:00:00+0700,2016-03-06T15:00:00+0700,10.74969865,106.5854794
967479826645765,2016-05-22T01:00:00+0000,,10.7694,106.682
1223439964336368,2016-06-01T21:00:00+0700,,10.764530540218,106.69080837441
917019075034839,2018-12-18T14:00:00+0700,,10.7723155,106.7040522
248148268653602,2020-02-13T09:00:00+0700,,10.7694,106.682
938468589557429,2015-12-11T18:30:00+0700,2015-12-11T20:30:00+0700,10.7769289,106.6908722
1670938526479440,2015-12-12T10:00:00+0700,2015-12-20T20:00:00+0700,10.7694,106.682
982290421810279,2015-12-31T16:00:00+0700,,10.726910700135,106.71979033289
977637265608801,2016-02-19T09:00:00+0700,,,
1527601337508454,2017-02-01T00:00:00+0700,,10.791412983219,106.66977825687
1515953172065039,2015-12-31T09:00:00+0700,,10.808119400078,106.70286708101